vessel_type,fuel_type,speed_knots,cargo_tonnes,distance_km,wave_height_m,wave_period_s,current_speed_kmh,current_direction,vessel_heading,wind_speed_kmh,fuel_litres
Container,Hydrogen,9.372655746568121,7326.3263522699135,6068.336853988752,3.9919332880024934,13.097208867088664,0.8688874456750373,112.27913549822303,338.7633586512264,18.65660766494434,9535.309786653115
Bulk Carrier,HFO,16.513164520938975,20224.90331625794,8815.505655734323,3.94068391196322,5.883950353498401,0.25701810772348926,225.88874119572046,101.22502697128357,33.88725865419276,47513.44526288809
Tanker,Hydrogen,19.455458967829767,23238.98408878158,2339.8819255663607,1.1945531678499508,7.669849433163095,0.7551711652826956,339.8308901341882,292.34338777298456,8.290195523631557,11157.212062331264
Tanker,HFO,18.120655393803254,5832.448147825758,5381.107824404063,0.2979391339084805,14.744847854941426,2.016765880749521,141.7142603227937,15.681607878444233,22.03917105626389,32582.267832376063
Tanker,HFO,12.049179542315937,2271.8902191195634,6437.108537300705,1.7405174177581741,11.346128999096182,1.2336988325478557,351.1047258946984,52.890159341252165,15.238625395236753,20149.49375752726
Bulk Carrier,HFO,9.586575934266747,13748.033883738823,8853.227926314863,0.9485360462383344,5.512463699751655,0.4289319388748533,271.90147033309836,308.44062354235433,24.39021025197672,21694.429051014362
Container,Methanol,19.34386553791999,23446.698493780677,11576.999158437979,2.237257787764748,12.74680553162764,0.7815809314498451,174.5627217290551,357.87287406259156,24.461201810681136,70264.70941670559
Bulk Carrier,Hydrogen,19.307689973676716,19872.615231650136,10194.479021251069,5.388469043424063,10.57350604528428,2.383953199184016,154.4970261271685,18.69225533649722,12.217744600520556,54263.98803489022
Container,Methanol,14.856568516841563,21354.569892023148,7496.069200736407,1.0777854028881932,14.39973900247817,1.0798937202465662,46.599306817009925,60.349310412817324,28.574282009181985,30607.457997994694
Container,HFO,16.065491528386886,12682.340859807684,7045.324030534231,1.8219192944840323,12.506772597953892,1.1039981370152328,221.46989062166526,260.248280688682,7.737874140044237,29548.146109298286
Tanker,HFO,14.088600667818891,7813.420812339026,7277.921647564781,4.015617308125691,5.048912467755675,0.3826740051105332,18.847320308612684,190.62106426205943,29.54416613261999,31550.217888103496
Bulk Carrier,Ammonia,13.617419038086346,16421.586455253673,6587.625847651308,2.849587027454377,7.263129958924127,0.761385761535712,154.4667571506561,146.14777660123485,11.359005757384821,21453.10108521165
Bulk Carrier,Ammonia,10.313932795215704,6926.605118726709,806.4182750811904,0.3372119752962786,7.8376007062143955,2.036715332350116,85.57515458128591,70.00831366277387,22.68737895474958,1673.482192396739
Bulk Carrier,Hydrogen,10.064281881972056,22060.632212566907,8409.72709559964,0.973126098071137,12.72455518077815,1.965497436008158,344.26299481419244,340.35672910359943,15.419291807083102,17105.691494951363
Bulk Carrier,HFO,11.560053613438061,6712.027222824834,8624.407921542275,5.150347595775258,10.602455954371036,1.0887469973576205,130.7750240140947,62.016678888036594,23.29339479865684,25444.763247568197
Bulk Carrier,Ammonia,18.203048210471987,9446.634734715903,6198.516310977627,0.6570909607907537,13.221922468002795,2.234130655392811,176.131342000605,95.48984368988974,13.022535448231324,27830.04041101659
Tanker,Hydrogen,10.60415530809248,15689.798571367155,10457.612504290262,3.5295010509324114,10.641539186618088,0.9506472926570558,135.17751654907207,116.74732471550524,22.06891015851532,23914.176376773572
Container,Methanol,11.493685171061818,15114.588090161353,8101.997952804474,4.378558503740922,8.60123071766261,2.160823949554835,49.39552875204564,49.88995071083255,5.245947806406925,23707.80224652359
Bulk Carrier,HFO,15.034754652544283,18424.631915803853,4415.709428498501,1.5333709387145893,6.140267113795582,0.07891387646175668,126.92953654688013,193.04390024430666,16.23363372851606,19531.862092796397
Tanker,Ammonia,11.36644339886102,13685.893414497592,334.3628078237476,4.015421216948926,7.2288430853560985,0.8680757255742768,280.4395821062869,122.87702726166924,29.791681371865675,901.1253692116695
Tanker,Methanol,10.795273531895658,27664.72594679265,804.0235933223929,1.0174339667629735,9.408580883802498,2.137671195049588,223.63044330790856,218.82510019282398,18.890197595165233,2575.2295032891875
Tanker,HFO,15.196478658677584,25358.088731718457,4286.399313537257,1.637651484102468,11.065997389999566,2.2532739036858205,157.46940105295675,132.42891156662927,19.977832969698973,21288.4686616888
Container,LNG,13.04902598096277,26494.290085862514,5599.053369864326,1.7838389667747205,15.32501143509685,1.8910601030509562,295.4054410957128,41.91247045012353,23.64730513741979,18278.71658932039
Bulk Carrier,Methanol,15.887752144245162,19255.98057069969,2085.766322150258,5.4807489490468075,7.636921947731513,1.6746645422392517,1.4935494736920951,314.13505576709235,18.02628796501947,10957.841401936717
Bulk Carrier,HFO,19.03425874449544,19415.229559963387,2353.0068464293217,1.2586903941769696,12.32693433391352,2.038762273655748,297.5762881127752,183.4747463276217,31.01230183171441,15014.148098050704
Tanker,LNG,10.660924445785744,18666.76182776251,2839.515169474102,0.797720309021359,6.678005026426318,1.7688954705553233,21.432809742820673,115.86617639412162,17.099740095445657,7405.404248440333
Tanker,Methanol,19.047770257943704,13611.64047822223,9388.108740957645,5.098733762399616,12.851284341145675,0.6355523861629458,313.29788720797194,5.891310818848323,33.276573027297516,63744.21015236966
Bulk Carrier,Ammonia,18.927389641652105,10341.074030950616,9278.32530732608,0.9744257466299049,5.124749648583769,1.16559225173716,341.12593687008007,215.22472951797621,31.308140699727748,46395.99500609431
Tanker,HFO,18.11996341669493,18168.083736017237,4656.973926423968,4.848111565998789,12.215119449225773,1.6517624947153988,294.9010196901371,281.70155879251104,17.632633479769556,29906.59229774328
Tanker,Methanol,15.944145090366938,1740.4232770150588,2151.1361408543103,3.612465789292126,6.795394223859768,1.4695068927957609,7.053757402644685,234.02205007816593,15.974026237959116,10329.97368564512
Tanker,Ammonia,15.821613232121022,1216.236511290288,1419.8097822552838,3.215052089580802,6.983568910189057,2.212744017807651,189.43486721964587,283.5789533397211,25.29884056700505,5684.239441738958
Container,Ammonia,16.031339259301518,25697.612962605708,1136.8388133613614,4.157229042351515,11.14798396646035,1.1846116009695709,298.3666617905212,55.79490165099104,27.659202460221874,4586.734672784409
Container,Ammonia,16.595451063395945,2346.2972985510432,4756.223085702528,4.0203943685994705,9.129527004995836,0.44496844505801575,196.20589035413462,349.8130723016751,10.575847319737642,17901.861766348506
Tanker,HFO,9.181304206557726,16219.059359669123,641.9549565213209,0.696841422858894,10.184356656059197,0.5364550935322041,129.5772141764567,76.07998370253073,12.231356095594471,1467.3969581266779
Bulk Carrier,Ammonia,19.539018370767145,18834.645125539708,4070.256941803387,5.497116996196121,8.397777708118838,2.1151413971482267,169.45035362410835,96.04065584643747,9.387575499454787,22688.616260129922
Container,Ammonia,15.441641376121378,6746.965659050633,11542.245586239535,5.186204522823134,15.488137544811577,0.02180238555778008,29.04980791832582,184.4386425895508,27.820756345649556,40877.213744421846
Bulk Carrier,LNG,17.596124233426636,26976.1943096893,6139.30492575946,4.941596599454347,8.197217100900776,2.1728259049920844,178.67291214451254,1.87038971052655,26.432055949372547,34711.6734875838
Bulk Carrier,Methanol,13.150100229674994,6512.777380702875,9889.471416338749,3.460361323288997,10.9625216720905,0.1389702140099619,10.0248580451425,159.28145572266672,10.671614429551287,33468.60689771523
Container,Methanol,9.136369353073755,26650.934633633566,1638.264756155249,2.9230731891944965,14.397911110949297,0.9791461702235136,231.8815612189796,70.46109907661508,21.106243584630292,4018.2488448724494
Tanker,Methanol,14.607081258640884,23126.717810658018,3290.1375106754876,2.9959043529610088,12.305988934869033,2.0004405686140725,140.56281110902162,269.64652263129193,27.927180776101995,15080.95108189093
Container,LNG,14.579091312475217,7981.545652201625,11363.902690073704,0.1806594988324552,8.550546416798927,1.0190384420559975,68.88347298810262,272.79121830541715,33.41085988230118,37977.10098517541
Bulk Carrier,Ammonia,13.806882171425968,5371.580822006713,4664.2675735148805,2.797135310505392,11.076803517035014,2.055870467635131,6.2578443950312,221.66454407056182,10.355679623930943,14119.526712789739
Bulk Carrier,Ammonia,12.736887595782845,10170.748595400819,7816.032928535036,3.4683556653635677,5.912902388560002,0.25074708631445786,331.9628451225927,151.80666311528523,14.129893396690678,23057.316511647325
Tanker,LNG,11.748086965906943,12540.566421837966,11715.908672034813,3.657013527384722,11.002550429784614,1.2788555660879661,200.27484975019942,111.68424609440774,15.450193509172214,36920.46897262751
Container,Ammonia,14.80299361946901,8127.75561846878,6654.374300335752,1.8935531112770903,9.745279971888962,1.456185044997523,232.9032188335093,297.8863109456445,23.749320773996278,21723.901310024048
Bulk Carrier,LNG,13.128059536628435,29967.854913878273,3733.6167958219576,2.6449246915851674,13.337270777807886,2.2271714930931026,280.56877722714273,182.55370291694283,9.092565506269615,13027.576275540932
Tanker,Hydrogen,19.669250713547896,7659.91775094785,6430.186625829541,3.5360772759779024,14.326931274475289,0.2340535158479834,225.57255198473243,178.72804294050366,10.802872077541785,33147.64496632825
Bulk Carrier,Methanol,10.902200385436245,25088.409982502853,750.1826720372258,2.4128497554859814,7.19578173812183,0.8465017132074939,148.71745206471107,40.83583999775556,28.413105121759585,2299.818554975421
Bulk Carrier,Methanol,12.516321243897956,5614.414665623711,1437.2015017030249,5.295530074511036,5.896894960068393,1.6483702372420963,225.93175309186978,78.61789722812968,21.261609975682116,4864.278301711725
Bulk Carrier,HFO,12.233565180170281,29427.094133002476,185.33615012201207,3.909387393200802,9.296126793693192,2.4498252046501943,90.90596869740874,129.77614509059705,9.811586945853747,677.2768908132173
Bulk Carrier,Hydrogen,14.976400938595527,7540.1802902094605,10622.099494623551,0.10687822975480868,10.875654490206017,2.120685809894642,202.08658818733534,251.58702340218292,16.65298244024676,32555.10367227593
Container,LNG,14.492082826715627,13228.968088724176,8088.237103905188,0.22570920000416625,9.144821431465248,2.1162376542397237,74.01142846867546,304.29755683070715,9.034825859951983,26984.201539198828
Tanker,LNG,16.081145119667006,17198.35793626929,3650.1242050797027,3.8276210987292223,11.914172880978882,1.2929563235619703,330.2722098499375,357.4296996587854,15.880700037105257,17153.894891323922
Tanker,HFO,19.450019476316285,4488.2857395267065,2731.8208885669246,2.328283526745715,10.562164076909827,1.4107478052162457,183.44436438321063,153.87555652293653,17.00597885634907,18660.86502010813
Tanker,Ammonia,12.137431940432542,24687.781956893938,8228.61155377758,4.633143125746238,15.302886381315988,2.1464502352016304,84.18250109748148,163.15356500343847,8.363312348761887,25737.930612808304
Container,HFO,16.62048726180496,8965.880447744064,11042.431570944862,1.0342832112258151,9.503302356515523,2.1740639656418987,230.26770931244806,275.78179480392816,6.795002785581261,49421.696867842664
Tanker,Hydrogen,9.275442233057019,16928.82714644825,3659.755183520117,0.17466533588237607,5.907435902434407,2.0056864136802792,32.51505725678114,115.6417115130055,31.448056707725918,7061.214093472251
Container,Ammonia,11.88627320006987,16939.380510104158,3926.553401702703,2.1956446906140465,8.321285232556248,2.046428187961439,156.2468466998431,194.58647136508336,31.629442689206567,10124.087156901916
Bulk Carrier,HFO,14.10091700796252,18476.578917447765,10265.464629805898,4.074746163260224,11.664832485995689,2.199074647502205,311.74726281948284,243.72623632897606,5.077366256379497,45009.65527166465
Bulk Carrier,Methanol,9.34094267329248,2609.093609205126,10731.172209016651,5.34732976023887,7.816276084677947,0.2844548277298245,276.42906106176207,85.04989585366783,24.236122892724094,25013.80492611673
Bulk Carrier,Methanol,15.79436406609003,5889.944093115469,10977.035145274365,4.871730948495699,7.958872969861972,0.7315984422624272,253.23822931399317,100.6523817787264,7.810370226169395,50967.94993227956
Bulk Carrier,LNG,16.46141669241879,5674.575044777562,3588.535075279668,2.7140029044605503,8.73529732424586,2.440283834884019,169.4172033518238,128.22862938806367,29.304249365939537,16861.416329888885
Tanker,Hydrogen,17.214048863218515,9759.486523059704,1531.7195543965518,4.489213329260379,13.207559578999607,1.361940399909988,160.87648244255556,207.9665406105998,31.386871764612547,6696.344477682184
Bulk Carrier,Methanol,14.682319553273135,5202.510548891856,5335.97110678265,0.4797844724851159,15.341465577233576,0.44115965010423003,4.071465925921975,97.34956325864096,23.498454661106777,21206.333218355474
Tanker,Methanol,15.643391314764893,27735.7183024544,3619.6018951800547,3.19027067695837,8.85414297232558,1.257639082998818,216.01366085993385,74.94040170287774,23.39466371608826,18627.013735755838
Container,Methanol,13.35671776406336,15875.679064827722,10618.013335060847,5.091211430278139,7.150368437365411,1.6144604382589782,207.7229992648947,53.82295767821293,16.144445271611726,37066.97660091921
Bulk Carrier,Ammonia,9.453783357572188,19083.67928337785,535.955807462184,2.240479796449996,9.627006473838133,2.0705549598441433,1.900447544048398,291.3515632272376,12.484069080885849,1134.71440113039
Tanker,Hydrogen,10.099470413519644,11367.157086545503,7643.1775886716405,5.284543400180824,8.870236622775888,2.0304418150586696,49.33567408753461,318.9497390149711,19.97812487459739,16835.761582823707
Container,LNG,16.204955166216106,9011.138089983435,10883.558252402556,1.2916995223371688,15.890274055354935,0.12310373333104169,4.477016116162598,325.69990046280503,9.011516704296621,40440.993485805266
Tanker,Ammonia,19.95110829544354,15592.137936734176,11722.377364992186,0.670422571480325,10.102550843697918,1.1338124674310208,91.14442054517451,295.7881214200501,25.16674684582741,65822.02856787913
Bulk Carrier,Ammonia,9.173835630796258,9535.366270210174,7836.554131646713,2.933716614841186,12.472116880930503,0.051422640467520264,1.3871239128890434,49.42412034340653,19.102606861391557,15013.735939826805
Container,Ammonia,15.13341846509021,10965.731846163164,11404.083188566321,4.9991331086986115,15.051668733093386,2.220390309165627,150.25293296250805,35.190698869707866,10.328045180927923,37795.51575849192
Tanker,Hydrogen,17.261096281708134,14129.775353854857,1000.3476052383007,1.7809077812216187,11.919677351002719,0.4347651887965623,171.50152367985615,179.69915852054936,22.649427583678484,3984.06873393216
Container,LNG,18.094523108152664,15666.27692834631,4375.412317355253,4.420865724754343,7.743163224118392,1.5621867379190961,157.34939783752668,187.7137031009994,28.85983509757187,23129.517926175064
Bulk Carrier,Hydrogen,14.997253913449041,29545.106341673323,203.7048981881309,1.0136652357535172,11.681511048666083,1.4265459282010007,71.78011402833691,263.816349285625,22.663983850013928,714.1394670934193
Tanker,LNG,15.819075782025156,7476.355056696275,11776.086889070739,4.126080138405073,9.420639696716277,1.5638235866071644,188.4813227513607,80.23707131623527,20.889842349696327,54922.046005107855
Container,LNG,16.663974398020088,15151.308781596768,10842.44509732372,3.1079454834921276,9.645848563826878,1.40854155707852,293.0740637941815,335.1418811488412,30.4315243439243,51441.230911419814
Container,Methanol,18.448628746627737,5335.840445190829,433.82541935359615,1.04509166712961,15.772570395074455,1.788971693416519,104.83749020250858,111.57472547827805,5.322661550024899,2204.191507413212
Tanker,Ammonia,10.345184909231005,11149.977748531206,315.77854047121514,3.977671146963087,8.064501149543378,1.5652749150579166,112.52715635638518,208.01122232885206,23.502428835038884,741.2461854853002
Bulk Carrier,Methanol,19.1880041590235,21802.010842485724,4466.936979865757,3.9542830126647077,10.158286611261419,0.22575061692703569,195.4173033111984,311.1168986718437,17.29076549583702,28159.30840746295
Bulk Carrier,LNG,9.28619143906727,6059.402169056662,3176.601804811731,2.883350237374578,6.758537502691203,0.9169198775186005,84.15158129018104,188.44131905540831,10.806984459730078,6567.930483850387
Tanker,Methanol,18.19819726053553,17859.18791895125,10178.494099185777,1.3175252432704432,6.963986185540376,1.3664835898366294,121.6030778990879,271.28068014000144,34.387335502582985,62879.381323714784
Container,LNG,9.84414469215667,13084.32968347221,2009.7643989351616,0.8143870181229814,11.638328664944172,0.8129935647454428,162.8774007080587,269.64943214662867,17.11441487441568,4314.515029709438
Bulk Carrier,Hydrogen,11.140910327654145,2495.8067877297167,9508.728606140203,5.269177261682862,13.261172789679861,1.9008272120172098,139.06886481949485,284.4076487435767,15.057884373266678,20905.311647865266
Tanker,LNG,9.042835610192459,28059.18200287489,6698.070429888892,3.6413877065994384,12.001058609785296,0.7947442876374797,294.5636293614005,291.97737541689776,10.0702531922194,16958.336923268944
Bulk Carrier,Methanol,13.897823760896447,12994.491068493704,4590.962079719355,4.469904011296274,8.622123976932679,2.071710435757599,305.6376818106631,141.2866610347164,34.93297853736452,19351.313714953478
Container,LNG,12.677951493891314,23733.86953678382,1834.0651646272072,3.8636408568713048,5.655799898215218,0.36683430245370935,145.03625096894055,130.88024734543828,30.6815406808903,5960.229272873585
Container,LNG,10.8259220263573,13073.091173222208,11972.526540920086,4.579157792038361,10.172902483635614,1.923481412464687,161.20315795219383,289.259316059449,7.099172560248536,30856.25101544104
Bulk Carrier,Ammonia,13.961991768842969,28183.449325784753,7454.034838966287,0.9774504266441866,10.546966184033604,0.45866360196297223,344.48188543262825,208.69574141971736,21.972616283815498,24653.870350922956
Bulk Carrier,LNG,13.426079714894023,9423.639698438026,5328.648567559131,2.78353121255404,13.477167687558005,1.320038201030406,181.11150429165968,218.77678218041112,9.422036326263976,17891.59179956899
Tanker,HFO,17.444271359686155,12954.688840943209,4516.417922977506,3.7024737607123845,12.043185185211502,0.8013109324098067,357.491538493072,148.29021028586524,26.47344245038841,26459.31653476207
Bulk Carrier,LNG,18.824433366770357,23007.062967519305,10878.165944507178,0.6583054594341771,14.583844903610855,1.5933360899425988,274.6089981675495,72.58127712246213,19.52250287781311,63663.138418596805
Bulk Carrier,Methanol,16.1782397694379,10966.35214314485,9872.182517470055,0.9097675263734049,13.612811665646008,0.5318510246039934,95.12359951137202,164.4950049322821,8.311668925978278,43179.034401404235
Tanker,HFO,10.368514275991762,11566.355068720202,9753.110881581862,3.5235060089551116,9.024655621920415,1.9885243333797313,82.47335951264554,349.0727276768648,21.711166737928696,27954.595602339876
Bulk Carrier,LNG,12.249298741808357,29849.87202901248,7432.7618282524745,4.791011342970628,11.954435658771681,1.4339596659161005,57.26321568441473,104.71207652927158,32.32026953308437,25458.551415939026
Container,HFO,19.04650126515508,17112.821245020205,10666.683334080042,3.6662473662846278,13.220151824006393,2.3931828852316857,290.21246143314806,97.92296689468954,15.235840469994576,66210.30111771516
Container,Methanol,9.97607942308678,20992.033156434296,3661.412628252638,0.2955059926628084,15.525684060900193,1.779425822289487,110.47033518326316,47.08230324806427,6.524168442859369,8795.226887067869
Bulk Carrier,Hydrogen,13.475414233299091,19660.404790454686,8474.103008443142,5.340337752287744,9.645873788844703,1.5184888487581274,243.28530367829177,173.2249587635378,33.35621333793933,27413.00600822988
Tanker,Ammonia,19.367550811568293,25009.800267540595,4912.928134463521,0.8533372648937234,12.131101915422496,2.0728967261158533,194.44901383519584,103.87094252189655,9.253975640283517,27726.76170729057
Container,LNG,19.45731325616434,25992.927883810546,7239.985821860336,1.3558360611834448,9.319302188097975,0.5492064194044416,297.35902904640824,247.36454315872174,19.251560026437012,41814.30793475438
Bulk Carrier,Ammonia,13.523234947537816,17334.42784163898,11978.020707291045,5.364823322285511,13.116109967567658,1.5818561521611432,270.2942761107374,48.64484940075074,21.340313835448526,41038.37511916886
Container,LNG,16.34136576908677,9542.126174025581,11815.84489003629,4.263578181928224,15.03192488441613,0.9760096239871291,22.949612769513756,89.03249377040393,12.112623895437702,51304.660121009634
Bulk Carrier,Hydrogen,14.024201581893989,1661.2071796741143,6200.166295962634,5.157514074043935,15.111486172915326,1.8594774478660958,121.83393938585593,22.26637781265239,10.32254096114417,18668.091770369043
Container,Methanol,17.288065933799757,18817.694280865286,6928.975080761413,4.45574634116336,6.7279626912626105,0.06117352372816465,187.23553637056116,14.929525677518477,8.39416641844579,34195.38447190936
Bulk Carrier,Hydrogen,9.347394637622983,24938.59616470297,10778.129052733882,3.6193661650172806,7.245062573829667,1.0692802413172853,289.3100084115577,293.09165010084894,7.098658470619203,21212.758448096636
Bulk Carrier,Hydrogen,10.585728638134944,14065.654359838125,11829.064978914874,1.6365861938602326,13.304223958687786,1.629254754582298,257.04991363990405,326.11611766518905,20.243796430410345,24713.871609125927
Bulk Carrier,Methanol,15.756186838979591,5776.478074235065,9365.432851250349,1.8651597851774373,11.94110874536642,1.1515983411054007,197.7854222406074,274.99998073276396,30.260623305029494,41858.145129096854
Tanker,LNG,11.5580748868737,9354.380115133587,875.6950497077054,5.215263794439597,14.956180155404503,0.5949289892843773,291.015122587825,311.458849281287,8.802763140998039,2503.885560418444
Tanker,Methanol,16.326575291960634,15789.678955844072,3939.412838691981,4.74737832724048,8.451806153570889,1.1608731291985896,156.57425139949652,31.17461311332846,26.018570853364952,20528.889812003246
Bulk Carrier,Ammonia,12.863452202074281,25263.75535035233,10769.091845051664,2.041248421588563,14.328228922608892,2.1243613137238153,20.037446613312262,323.32834122463845,17.378623112708,33427.37305210977
Container,Ammonia,18.753101139406034,5980.841235984198,9243.394819620718,2.115644055151801,12.521534426822459,0.5170975432453304,313.39286230146854,167.77434112948137,6.056727169117584,42148.443152533175
Bulk Carrier,Ammonia,18.01185324115985,18752.34639557591,8932.573545190684,1.7075497074897779,7.150019411722594,0.9179304090741081,189.5736066827331,276.7117762551057,21.079169300141643,42797.663447389874
Tanker,HFO,14.421215800756604,22847.689804565816,8048.2864425708785,1.8611027701750216,6.391438058952032,2.475838803750319,291.0251114510358,221.6726238303222,12.560247983995293,37839.63332370059
Tanker,Methanol,17.501845958043436,28145.378089709873,5041.639810625364,4.747604317959443,12.729959622094684,2.282042922226123,141.14941846332223,125.9531337881303,23.157622791215072,30783.927530752673
Tanker,HFO,11.982516748585994,4384.407058686923,4898.571712101951,0.156737025585173,6.743076639966948,0.08492085531663918,211.8788106766144,95.32765177902188,15.479690325166136,14842.59979155175
Tanker,Hydrogen,14.43685754493049,27865.357390772166,9726.296602330533,2.4546841539914337,13.73761943717463,1.325829919005036,119.19348196663692,42.52685842561365,24.99356954788877,35046.658464385415
Container,Ammonia,11.17230257049606,18442.558520059905,3595.985472004344,5.1913342640507025,11.12804544140049,0.16353256711970882,147.44699080033936,148.55439653317387,32.55510088793087,9135.40743308187
Container,HFO,18.469747853730933,23234.346035536295,8249.499285141585,3.030236317987168,10.245537687090687,2.309762309144277,53.063359805882556,177.8769778066359,12.336336862443774,48839.26594604406
Container,Hydrogen,18.053743782252564,2559.466577488108,8741.881428745084,2.532407266777079,8.030819395135616,1.1038622817125772,266.9772840877433,353.9214339278174,33.19521406963093,36308.71701147744
Container,Ammonia,18.923646352499013,15678.29651357726,10150.216273402193,1.786796945377776,15.822301544173458,1.0460925098200042,100.90235015941158,13.424571478342022,11.129265807509956,47588.7873651691
Tanker,Ammonia,18.65224679346685,19056.26054834302,3906.638529413487,0.4991282012542807,12.943838220015792,0.6823650795982766,108.62321200223894,212.45369839886627,7.1208464667008915,20340.865363901386
Bulk Carrier,LNG,19.555558882654445,9898.181356312365,8928.482275374605,1.3122269813485696,13.558700118813647,1.4220474509803847,127.50802652081295,188.9981358942133,10.781029621642393,53897.98626179274
Tanker,HFO,11.511698547951186,13517.856034936327,1367.2297811863739,0.5884754136591048,13.455820204318721,0.36249680748348195,155.56540190299248,8.242628511764112,29.44750098546645,4192.974275727821
Tanker,Ammonia,19.250067198748468,17074.645923108343,1742.9345745276662,0.7841769204633126,11.424171348942561,1.9973875013388678,207.41900832769116,118.7072391609071,25.326687357936255,9681.121350738964
Bulk Carrier,Ammonia,15.283345104871973,17023.890253416415,5066.298878063479,0.9829893382818571,15.336687261547656,1.2280258621164593,245.81038741036795,152.25387228149611,34.12502459784294,18331.993114985467
Tanker,Methanol,13.647445923099674,2213.984236798304,757.1867386274427,1.7309589332551039,11.422036537209445,1.4161572282854014,243.248223104713,177.937114226115,26.294819312747922,2875.350589133333
Container,Ammonia,15.164112855646604,13744.971230787878,11377.610025437527,0.1594900719758915,10.720501436145643,2.1020118691363012,152.5251297341858,84.04419095656527,17.37893795109902,37590.9821603638
Bulk Carrier,HFO,12.768625923153056,7200.726488974696,10832.56014506139,5.230776982203538,8.01081486665154,0.4628719347123725,173.48064032921707,12.276079163074103,31.772929223986285,40379.67576013291
Tanker,Hydrogen,12.174083076570472,27584.157264475143,682.3109767575335,0.7686231004556626,8.099095118258408,0.43795768335528923,50.515386464107756,105.7835206295294,33.7438555462538,1860.5242771690828
Tanker,HFO,11.654457717752816,29320.81971357669,10075.909490518117,2.1690039107417705,13.10572296580248,1.0520041821746153,187.74218977137934,301.0902632760917,28.749647628803178,34718.89093475486
Tanker,Ammonia,9.906707884028394,9689.759994210004,6155.602671671301,4.849448822459815,8.68244163803566,1.9653206029865014,315.740412780836,290.8288354623782,21.69918757505303,14832.019551446183
Tanker,Hydrogen,14.462213868619061,6080.3765202807035,8453.358371645245,0.6754670390301162,13.015818196613457,0.1463638838003653,165.76195725410622,65.07027882059975,29.772973439166883,26051.365950922802
Container,Ammonia,18.765378432852764,7365.620377501949,10654.480914648428,2.711462959472253,15.479774346963076,1.987925509746864,337.6848935157656,232.66805963675716,10.371341220028448,47939.2319365055
Tanker,Methanol,15.931671662018232,14854.815405235659,6965.996396224614,4.661831426723537,9.832381804566348,1.2518914839795245,56.08207437471536,332.51305491852185,32.01050068788159,36907.391887220074
Bulk Carrier,HFO,14.73073196031351,26360.662374282172,1484.2924933870904,3.1075981697843567,6.0705820716760615,1.4044086248705614,265.28740528943734,61.95876874146567,34.98676947459608,7284.856740020016
Container,HFO,13.714522100760082,15501.050233191549,130.68546479037641,1.2358554152829044,12.332011294623797,1.410964845697933,254.87600773662535,46.32348247482473,24.954204993660362,467.0840354435118
Tanker,LNG,14.108417889489111,2606.369789743632,6013.366233792213,4.071751469627939,5.104753348650342,0.14041847239430055,245.3504232872241,7.972656032413061,10.876671187400255,22048.394932353283
Container,Hydrogen,11.30205082329146,2156.6824786811762,11395.862372279886,3.779241739484543,13.657038733995265,0.624426994295362,238.6285917697038,62.06812729064349,9.333099865859655,22432.16678942941
Tanker,HFO,18.05229464912407,7594.337423062609,6914.200272197031,2.055803895353391,10.782184287425903,1.8882436287867443,8.030978487672096,293.02292801721194,33.782432168010416,41341.23885133683
Tanker,Ammonia,11.182212596096809,25440.367050673434,4537.975743249927,0.3499938725394258,10.387054244095204,1.030670298723209,267.1640107387578,293.0363064583573,31.140584641049763,11880.687666533922
Bulk Carrier,LNG,16.882850324000444,19022.936168519176,467.97200326286895,0.14246932543890709,11.26386376635456,1.4012924556296356,179.8863389254438,194.5627477304435,27.46036554694301,2345.244853013491
Container,Methanol,17.35983512645768,17325.777759802455,10988.255065610583,4.557121568886727,10.680493983281874,2.3621715550663676,188.70702829199644,120.08321169621428,33.473577608462335,58964.90488708528
Container,LNG,15.323559462305077,10250.11818489662,3993.1642642107017,1.8364097524189704,8.56154998975625,0.1156794207934031,18.31415047603107,290.44095084071375,20.10211258605174,14625.178859164893
Tanker,Methanol,18.49219012450311,27953.33674633943,8486.851075649643,0.8439574524718849,8.09659800647166,1.1242009141845495,67.81720619254419,70.20548764400651,31.632392090070933,53161.92497976158
Bulk Carrier,Methanol,12.20155387695715,10604.16910390184,8361.422705126432,2.9001766212801035,9.568272066862846,0.9031853321197453,327.9624867227375,50.347436435294725,9.884609419651374,26796.6642315511
Bulk Carrier,HFO,18.697789433671495,25213.387966935454,3121.2096202881,5.072499796915486,14.844002101071235,0.26612356548685295,113.59020123895533,32.115678455793905,10.484291543220873,19560.322269287295
Container,Methanol,17.02351505559235,26981.20202130064,858.9523268826314,0.14579666842094766,6.489075057666273,2.3769858718994947,141.7968794215541,306.477340748068,20.370291369811696,4208.428591027802
Container,Hydrogen,17.786248105379368,15016.715383267965,4681.504506194939,0.4031751196526382,8.572410563552417,2.4036489743713583,68.11326691004912,257.34347287894377,14.975289825335729,19449.98965986952
Bulk Carrier,Ammonia,16.310376804800455,26934.388814941536,3873.8590646626785,2.352042635959391,7.115304707443448,0.7787203854735172,227.5886815712218,224.85106217859126,17.97557804043973,17339.97420570704
Container,LNG,18.309773186889664,9027.295334340366,8433.051146580678,3.750215896477343,9.698506744111201,2.3667915267226967,266.6523152904578,261.8882863959148,28.945909589015997,45273.338591179774
Bulk Carrier,Ammonia,19.924087489893996,20094.569359315,9855.411698352085,2.6709424773420714,6.468482610354883,0.087934016810714,331.6542629197424,51.65232919280915,6.602224128267772,56556.67115066482
Container,Ammonia,13.621791399771025,3550.9487072072016,2747.1004669609288,4.946761567713185,13.368751752924554,2.452239975840505,202.3429009650259,138.52407149683077,26.62531502840689,8474.280930275392
Bulk Carrier,Ammonia,17.95307252080527,14744.092208679423,6385.949730339663,0.338056599902382,6.138141318430321,2.0898300410216613,99.22704509363197,293.0814825890896,7.646878053600966,28853.692412005876
Container,LNG,17.19037735469837,7302.622262592089,583.2393339191237,1.9367606960762156,12.317883029789979,0.5358255520280347,25.546793346575285,330.0355834131958,30.425031508412605,2704.3567426751683
Tanker,Ammonia,13.981571822832198,2820.135059987483,2649.644292908197,1.9972786026990923,7.944813573559259,1.4988678848364712,95.79939769051346,184.71442821204286,11.056994196070253,8756.785653390996
Tanker,Methanol,19.196438997057633,1108.0397342510012,9164.963103332788,1.9366870203262454,10.19408996543429,1.995748405923257,222.61123522782097,43.94212058987231,27.04816761043987,56734.712896879544
Container,HFO,13.33868522529854,10417.811376783442,9541.440013819962,2.7335039254663096,7.199867578892956,0.7982474100194475,350.67728470238626,352.2662396685718,22.75638196963067,33158.28670039283
Tanker,LNG,15.220125079038613,18096.38724156612,9339.213115076458,4.369116044050896,13.03246047423291,0.8843794802320739,28.511214396845727,142.21027490067357,16.568663212185427,42246.23949572559
Tanker,Hydrogen,10.165365926900577,14201.680081883562,1794.4163073604145,1.816566128575214,15.431035881951567,1.5724319389823167,139.81191771123304,114.83807907147421,13.026087512567457,3682.3944968160686
Bulk Carrier,HFO,11.483527134728929,9751.309657065387,6657.313256874166,4.120209315813894,7.439198161322955,0.36773512733359465,240.20485538915364,43.1967296573918,6.723779487992273,20010.382963973145
Bulk Carrier,Methanol,18.24765787587137,29744.80089251128,5130.230131876257,0.8909135449069855,15.484685284841111,0.2955265243060215,206.84553991379093,4.546663558097435,15.601406207390212,29808.891385724644
Tanker,Hydrogen,13.36207995111732,28246.226159410657,11898.686931861577,3.1279142204233317,8.578011811125773,0.6245131952985608,234.6093371509966,217.32240209471306,11.01586269803528,37059.36249133269
Tanker,HFO,13.33492498356784,4643.945898287409,7883.4314417942,2.1254753385939438,11.136318837570919,1.8531493633675784,166.75504980846463,220.47516670839093,9.07737511855947,29379.91097050528
Tanker,Methanol,11.705791200096822,13038.115373386348,11228.904887609177,3.0117383323960816,12.717489461941337,0.9164980660288915,96.13321395767412,84.32680921994178,27.154943677674027,36600.21151267757
Tanker,LNG,14.407713677271998,19816.561085814712,1829.6686296004075,0.681848652010147,7.191954776717131,1.2683955541294858,173.79081511658586,58.31523221297655,11.375449730396014,7084.795637337782
Bulk Carrier,Methanol,17.863986574856845,22271.233128368167,5465.391949892726,5.248699372508906,9.892403311758905,0.4886263920188316,137.35300677727608,190.0831681796161,11.694741431485053,31663.887482234742
Container,LNG,18.846805295511135,11624.792492375222,9282.130441259837,4.993556230729601,5.746102287304551,0.48526416837392977,255.34711131427824,156.74646782110273,15.21444355262131,50233.24078791446
Container,Ammonia,9.771258752486023,22642.17256932508,4477.506963561791,4.562540043169396,12.667591536308219,1.6261281480870249,61.78493605276378,109.3154536905116,18.879594788653076,9703.883551530753
Tanker,HFO,15.32302804364127,4600.350374409671,7626.851104228395,4.92102724629548,9.582777316969263,0.2709381296711344,178.61325586982838,78.56383031071971,20.411382328691005,35481.710591108764
Container,Ammonia,14.140007046815679,10622.566132473437,6189.255851246562,0.8921144989800249,14.8080898590355,1.6696018180410155,345.2625212571078,309.35010897287157,24.936388065212395,19032.928205466986
Container,Hydrogen,15.757100355187362,21776.562096921247,11903.95996969411,2.8200975743061965,8.013910774304517,1.0017546308722656,191.44582477433616,354.1780652779798,22.65566143513782,41353.88347533785
Container,Ammonia,13.92003255599096,19144.800917550878,2169.0832267793485,1.8167094572852265,15.159614567563196,1.678177284044064,85.39541092263417,128.0094236577805,19.45051639179925,6859.886553615135
Bulk Carrier,Ammonia,13.385093029387566,25279.096230987994,11230.649474428521,4.891884083042457,6.551438291511295,0.9543236925387216,336.90610648825,251.3270829953401,16.81820643912411,37246.22727692995
Bulk Carrier,HFO,14.190687836724383,2358.8536573474976,4878.694350259231,1.122963485497119,11.676631126152717,2.115130459123746,87.89665926755363,311.59699715835285,12.973586357877034,18068.85194604543
Bulk Carrier,Ammonia,15.401990416320555,6057.3598168684075,5669.116299889804,1.2877049177666509,8.385889978593967,0.1388904230391355,270.4248496777266,9.69724109356617,26.298278410491182,20867.72231180612
Tanker,Methanol,14.510815321349543,2406.3428858870275,6390.362415910749,3.8082580643170587,6.999597720486161,2.233243279530442,39.43125362626044,326.90335697862645,14.52503961181243,26498.5251830281
Bulk Carrier,Ammonia,14.193588961227107,6571.312503227128,3257.8619382596003,0.5800581590734082,6.03330888891082,0.671652943095238,306.75225952992,179.69363743312522,30.48744180577686,10284.165828245857
Container,Ammonia,17.996188409538888,1124.2015083551153,11567.523567068436,4.054782755349855,12.21206814711559,0.10635552491370409,65.00685153788821,200.4297337448424,22.5848736766396,51251.861022984376
Bulk Carrier,Methanol,17.202127903616436,15622.098748687122,10946.697742293994,1.547887356896261,7.5648472658517,1.4060110547054563,141.90460852857345,194.3543950730998,24.01832835584542,58453.97379184631
Tanker,LNG,12.755163435993122,16321.117471479407,11677.570692515215,3.669050972442596,11.300958532781525,0.5608855759527409,347.6233204578305,87.45378962722151,20.263706926332,39315.2565070789
Bulk Carrier,HFO,17.806348292668524,20078.861660773848,11963.342909293324,4.814404046347566,15.773605951188056,1.1480078079602993,208.58210197418998,281.60691875665634,32.85668193956144,76560.94911090925
Container,HFO,18.390157359049503,12162.46096883026,8070.621132653568,3.3919014154689493,8.475580023074848,2.005785515155259,95.03853693304198,263.64181411285256,17.647867058532334,45440.01226844613
Tanker,LNG,10.688414259116096,1093.0230298703361,5475.057400088362,1.2484921597449887,5.384387054884017,1.9788669018703795,0.22578082630888563,34.48524564659988,17.80905360256438,13889.286716644527
Bulk Carrier,Ammonia,15.409507079038345,20542.843477821476,10223.733427806026,0.3654938379117697,6.571048758360625,1.5009640407085367,2.444120416834208,202.60496682055557,31.7904348731549,37669.11773184635
Tanker,Methanol,12.138431929591352,2574.4415446894645,383.2780462524288,0.3409154471533557,6.312542103522878,2.444679771644118,98.85156480752897,344.5294326138326,23.147207628805145,1182.8379239664982
Tanker,Methanol,17.130895541193947,26118.942493714574,10029.40813209069,0.5795841628756427,10.096118799257594,1.159377738114992,189.66772548409813,313.61667963343524,18.47446147172421,54344.94351002498
Container,LNG,11.626638622945515,1656.9656435301836,6017.703688110979,3.2310167273364665,13.1911562662669,0.09847097588703335,174.560856712581,225.32557368554808,12.864533435501926,14060.139700584112
Tanker,Methanol,16.385438765903352,16383.778574442342,8111.318322292672,1.9803764118195166,8.260888243600442,2.0485628745261844,331.87738726296493,71.52960375398426,12.351333351557532,41518.74484010722
Container,Hydrogen,11.806371216633973,26952.6185891801,4551.148129975841,1.4127776779378503,6.604270479282276,0.5532346751421519,275.0738813428223,125.0003268096128,29.04302941265708,10103.45490954863
Container,Ammonia,14.622581397729375,17602.197697874624,4486.615531015109,1.2842554121048326,12.048434429618197,0.4405970224925612,332.904828936278,54.12890500596809,13.383982328711603,14006.721939566649
Bulk Carrier,Hydrogen,19.435111147078114,18644.08564977397,477.4341184495638,5.2223402722767345,8.312982297341668,0.17502480491622896,184.24014779516887,295.8950213962554,5.172130709100971,2498.0908607302576
Tanker,Hydrogen,13.194382923020779,20766.714601784766,5143.094222105258,0.7416095098172018,11.326873842434559,0.819749859096597,160.79990837223642,280.32149925810455,5.583819178949709,14104.637610684824
Tanker,Ammonia,18.633123345595287,4549.856584183543,4959.414925490028,1.7459978181723355,15.271652156400272,0.8153974176354697,203.79178696333526,327.7289906408436,34.352078347896935,24967.54339690429
Tanker,Methanol,19.85639039324284,20572.885923506226,2775.0141122300483,2.645977214903643,8.204816504191788,0.7569288299161309,133.97259157562655,22.822397089534764,21.79513809868833,19789.342975576084
Bulk Carrier,Ammonia,18.623359336856794,26530.29157837164,3043.1469551232326,0.10242744080097924,10.637407759348953,1.4829823494216936,75.89213688137961,347.2968533938172,19.67073895578186,15198.204801855485
Container,LNG,10.824526326956772,29252.40415222418,7051.261007265889,5.073147212368912,13.87493104994338,1.8788554233202646,301.1978010484012,347.9138411696254,32.53628207324991,20212.74507733491
Tanker,HFO,18.016240414886795,13848.507981392064,3881.4801662200866,0.6351323901045608,12.60889923747391,2.344416796618348,244.99137008202578,242.78752567813044,15.550621969708784,23453.305675549585
Container,Methanol,9.353643346106173,10990.640698648858,9979.997717305749,3.7853412437053318,13.266259922571043,0.23512519670036897,117.2369132010814,317.42936987040304,28.84992678965699,21574.180494869684
Tanker,HFO,13.326320720692387,22845.978852293196,1425.4827715990912,3.4958735766774374,13.498263123417102,0.3759545812203674,160.66124600415515,157.83763434575098,26.654294383404164,5840.7494475199555
Bulk Carrier,HFO,18.5780671064965,16743.354354764124,6973.974864243019,4.468944817565581,10.939076223674473,1.4746062763114183,81.16122051760865,112.82554836200626,19.31289446965514,45595.369881413564
Tanker,Ammonia,16.57627434035912,8461.834979195883,2004.5322529553177,3.617493745035624,10.896683186924916,0.24533898469315085,202.62206039763964,55.57264416174042,28.23895692376073,8540.544367642435
Bulk Carrier,Hydrogen,14.86014470071666,5992.578664121386,6386.063460355839,4.2546920529662895,12.907785384932922,0.9269107115481573,129.0089315458007,11.368609169311368,33.97335162777912,22319.4124311795
Tanker,LNG,13.266504275908826,5936.678717189567,6675.296054708792,2.374742487458049,12.674130971249113,1.5613805763650923,315.20711428855986,15.119046980905333,11.01822127361212,22355.324777847232
Bulk Carrier,Ammonia,17.935266411173146,14316.13406157841,7743.342469656177,2.7390042705787656,12.370634304326536,1.951362580097154,190.21065856432685,248.9640147374746,5.525282435030645,37237.879659396895
Tanker,HFO,16.80514244343043,5933.607762853853,5186.356872547435,3.888975351687865,9.203481613569299,0.5439982186450789,148.22302957312655,121.16687958370481,29.643632187928983,28901.628189296374
Container,LNG,14.152458515772405,1571.8493763330875,6162.748753038128,3.169504293697276,14.113969101653645,1.6699639102425294,269.8631149943712,19.46220284061139,17.107612185344408,20373.478769365858
Bulk Carrier,Hydrogen,18.81732770930626,2510.57447412101,2253.3361313673904,2.862308171440288,7.5982317830797825,1.6146741646180331,325.83646456911544,40.39283145101558,21.332074805450244,10254.60238623773
Bulk Carrier,LNG,11.529428196004957,27966.651774636004,5609.8826618623225,1.2100153926945665,6.713051629879835,2.1490403156457862,294.2708751452828,239.50215538707593,11.67386962197596,16822.297814653994
Container,Hydrogen,10.874306600744873,3115.878893643937,4539.061630222058,1.4937846083544273,8.796784410272718,0.7843687394099761,178.17015427061716,337.9248775087709,30.253662855586313,8666.252419494793
Bulk Carrier,Ammonia,16.0708414076694,3122.240026847827,8026.960145387476,2.035885101720725,7.792143644454516,1.8752296622204414,128.31960133088333,146.87214923444756,26.63618747218134,30538.196440026786
Container,HFO,19.691937769719473,14084.464920472441,5274.378509608184,0.1501356812869172,12.29500763423472,1.8799996611037364,238.36656353070936,279.9567242980196,33.60099884584395,31749.687964549852
Bulk Carrier,HFO,11.719822306374473,8107.908187715944,9374.16564666462,2.3537626277332797,7.54119636264957,0.5979863549781437,294.0724956568117,350.489451641069,19.257556147990528,29325.042701878694
Bulk Carrier,Ammonia,11.74637416827209,28918.121713002434,5169.305973026936,0.1149497691251292,12.22138822185956,1.552894594396069,352.3102478411412,254.98774760194237,34.29695038282483,14137.80669110271
Tanker,Methanol,10.534487327584088,27418.58934543632,2905.676958390108,3.1510833539752188,10.645450743248674,1.6879052191711605,164.61044494514508,260.2823160004501,20.32566178921696,9087.747803210708
Bulk Carrier,Methanol,18.466199108009953,12737.554211466746,3356.895755607157,3.9017553524506843,6.676950748827856,0.6860710315556845,240.56645172740747,221.72428590541918,23.642662725883174,20176.63021650002
Container,Methanol,11.490372944524676,14013.214063071517,638.8941785904752,3.135602610721683,7.842358905331252,1.129499988411598,105.51717115548864,351.9635452878356,25.223823194650713,1805.1107758379894
Container,Methanol,14.534963793973766,11878.295939191536,6525.03384615083,3.84500785530633,10.738994627335451,1.0894443181412325,31.486786723192708,107.93017236804384,19.69314367160524,25933.387761421578
Container,Hydrogen,19.89959725802425,2098.1173826507184,9987.48251841383,0.10007111020352039,13.06415834316068,1.9337739209275904,91.1007820135132,281.8758423458585,21.883405729067736,44589.028376098046
Tanker,Methanol,9.133549910142479,9492.55833838655,9252.429311129084,0.4209866557352716,9.380768085921435,0.001728139784359095,5.216448310125181,149.42810239636665,11.699211941044698,19996.81123962588
Bulk Carrier,HFO,15.121346995618735,4557.53061874754,5309.694649427809,3.871697180727999,7.56115906395844,1.2525665286417331,183.3939355992208,55.95107115261448,15.870891743987247,23157.70501597512
Container,Hydrogen,14.635179469754403,3968.7395704385594,2433.8322262196953,4.435660798966561,8.245860300031676,0.4608520339095287,134.3362005402923,266.1740549033298,26.059797352767443,7071.917757204909
Tanker,Hydrogen,17.8819211405117,17264.985615155245,10375.464875239688,3.9755884828027304,6.046289082007365,1.6171049201385848,244.17893155048142,298.58468929601395,6.1696688005380285,46568.1918643041
Bulk Carrier,HFO,12.908096935080547,3864.1808736933053,775.694305136314,3.680266109789179,5.276644511992564,1.700922157427374,221.5130523542671,310.8956830002323,26.01239359901825,2715.693382606441
Container,LNG,13.513754947889456,3985.008390062644,4850.750429909679,3.9198663845824244,15.704422431965396,1.2528162717339582,60.431916399990065,331.8762581811297,14.113269336274652,15888.71003627129
Bulk Carrier,Hydrogen,10.8473177865875,14934.897729761109,10293.720194369018,4.093785599299295,6.060509278025069,1.3550738544610255,242.57577401344352,268.1681735634012,13.155075091226664,23284.791071089814
Container,Hydrogen,17.148967547993653,13826.188588556524,4778.8025801099375,4.011638491184874,6.37376079621715,0.7876454726379217,67.46408087547309,189.94267985065247,25.804653930578326,18369.274292888873
Bulk Carrier,HFO,17.631798001069633,4991.408768838712,1502.718102007823,4.0852457795170345,14.58060493587607,0.7833066982509285,2.143131929699935,337.9303535038219,11.448354881622688,8496.249304267962
Tanker,HFO,10.503296528567134,1129.021719457027,3264.799054114974,0.4997064200419765,12.298557592911838,1.8627926496259013,349.2693586654074,75.44364341465163,33.85050307667942,8333.710729016608
Tanker,Methanol,13.32802781387154,6596.258811267471,7240.350356741085,0.4416663780709734,9.796797843698588,0.32932841856579936,9.714616936890703,27.831514832788674,34.720371011392146,26553.059415982174
Container,Methanol,18.821954948989514,7840.875371279181,1909.2273015653934,2.0500476934389704,12.139257462984345,1.9287582867332325,123.02966761433468,155.38525933531136,18.74301223554376,10864.759478229293
Tanker,Ammonia,9.029780010433658,24207.20486465716,7893.730389424034,2.9490222585634966,15.284833058834513,1.6375329540048136,229.50404674221966,209.5986915163518,17.042550075268792,18220.474225564347
Bulk Carrier,Methanol,12.286349776848954,27547.712165289235,5314.126981271024,4.2181428911773295,6.093150425792765,2.211186711638745,133.33483337707094,244.7961785876993,7.371123691961985,19360.634455244715
Container,Ammonia,15.105465135578026,12772.387527151122,4079.2350597642103,1.9074222214714678,7.680821298928654,0.6503617304994938,137.235295706909,293.551908652475,28.34656051382543,13922.585176961902
Bulk Carrier,LNG,12.675032456259487,12745.775068528357,2967.0132182256502,1.5856322138216283,14.463304438178149,1.2654476295405102,260.1819145639063,9.632392184363416,9.88171989638714,9458.68596254303
Tanker,Methanol,11.992497080954363,21661.957229036136,9897.626831694843,4.319820863840059,13.587032798312178,0.09747377882307978,216.77541640651083,288.73668276386707,32.991435814282426,34919.09949708021
Bulk Carrier,HFO,14.06041233393534,19180.73845543598,4820.419974814478,1.4464189978515731,15.936823937129098,2.281266437636963,186.61588065954538,216.0463246133673,34.717782168656306,20113.312798305476
Tanker,Methanol,10.996754189206632,6340.065414108865,8887.903260714109,4.532543434798102,8.452996965794117,1.6884786516978958,319.0740241981586,343.0611721575883,8.672293402451347,25527.06958020746
Tanker,HFO,14.825877650554322,4122.984546579979,5340.226792384875,1.0565211684882085,15.393750368523996,1.5571881226786042,38.92091257339503,125.24307226934378,25.49017646278122,23470.854144205576
Container,Methanol,16.773655134445484,13690.744828996472,1193.219523952675,2.0411570235113747,8.780577144245045,1.8317230024665079,169.1163151610425,222.1122454086957,18.979759747031814,5470.538151085504
Tanker,LNG,15.328244478913524,17380.022531720126,5342.021104490399,2.265808290902508,12.866025103040425,0.7108221418984112,86.06402730786176,275.9574262622165,21.234375626315597,22916.587868186944
Container,HFO,10.024202639443839,5022.520491605468,6141.484578855591,1.7173564154612717,14.71017242383745,1.5096506718805858,13.250825340267802,185.90235147119307,10.387240389643457,13793.028640190887
Tanker,HFO,18.288494755821304,9504.931308844893,5548.322102571185,0.1181273349898683,6.878603047841979,2.002304776013113,352.4521327856258,56.126726413038746,26.705626983347415,33749.47823850038
Container,Methanol,10.92475621236237,9872.346896486672,9813.276369804444,1.3717499922347387,7.262025205387204,0.22573611176016056,264.24965781328666,17.927917927192553,9.9983816289536,23383.17675308953
Tanker,Ammonia,17.412932006722414,8577.647829700756,10939.131053612049,1.9233292179459183,11.390545128355814,2.397042223225748,77.82678575688878,40.10423808210193,31.558999332312126,52702.57436931514
Tanker,HFO,12.966216218534354,14362.07672246194,9462.666235011304,1.7935744304439791,14.282072470390656,2.2297170062532947,144.87633185575802,178.16564964519992,18.61923843029482,36335.128756152306
Container,Methanol,17.610374828617125,19938.843945272416,7035.104636310421,4.341999680976919,5.8684448874432285,2.407547084765535,81.36872775143256,230.2591584622652,24.046042981026343,39302.81840328904
Bulk Carrier,LNG,11.269001937458803,15772.306624863779,6543.254530603199,0.35578591769695433,14.359688907314938,2.020871272579011,246.54790295416848,205.3875836938251,32.653733211449875,18403.83935061692
Tanker,Ammonia,11.053283140649729,6842.240305172982,7770.930758471542,2.2003229781383,8.774325824996062,0.7357777310983007,126.160945718034,256.64981106325763,27.138185144076104,18674.303009442894
Bulk Carrier,Methanol,14.467284308392305,3985.232364374593,3525.180527628557,0.30258346012898274,9.46849275369752,1.453888669086636,331.15052947178305,14.038071686807449,21.225436503499083,13787.324900317215
Container,Ammonia,9.362296161681966,24834.24342406231,9760.977469169353,5.125496857096651,8.738472052563116,0.3004060555959967,74.71987889434772,49.08265975047514,17.080329435300797,20309.436318006432
Container,LNG,11.478270726605668,14899.835798815786,10296.493313483565,4.367130959967921,15.026278950684562,1.8854168291651403,125.93742635712246,274.0104392214923,18.864053659811127,28946.272970325128
Tanker,HFO,16.96413477402783,2802.036339882439,3279.8842418637832,5.403672635885273,6.43873759241123,0.3840991649820344,335.45321497568085,281.2256526519208,15.25019178831618,18728.096617951614
Container,Methanol,18.21121826135968,8485.523489837182,10843.536676866925,5.0148668711585,11.317019292939776,2.16705983731058,318.4850714767488,252.82578035438382,33.38551475757215,62689.9537396594
Container,Hydrogen,9.888639003315914,24316.97957314049,10199.919415500843,1.805388969426856,6.629188886883709,0.6013923812820282,105.54125255389981,268.3548155754752,12.585735324429468,18517.596807392747
Tanker,Ammonia,18.70285480381915,22800.06341843295,5151.3925330418715,3.834550426585134,15.214540931043254,0.40102976820731884,173.90472396738096,346.8384311408388,17.28038847790917,27341.63213278762
Container,Ammonia,17.772689244584967,26398.682354023957,10917.102404903671,1.7553920723834056,13.777244448891814,0.17726090922743132,318.133794043108,339.9187225510911,28.346717739532274,48426.15168954377
Bulk Carrier,Ammonia,18.56652725277662,18460.54695404907,1533.2240263569468,4.896340414819969,7.572012016871856,1.7784128201270288,241.42844184285516,232.01346263424506,15.930250178781924,8290.632863305915
Container,Hydrogen,16.68271410036724,13264.272096383595,433.04005458591433,2.318065497823644,8.275560948969689,0.4655094422625583,229.42068527998305,114.96044834552599,31.59832689314358,1592.2744337930621
Container,LNG,16.41568374023361,13372.41492907907,4239.6152245692465,2.1297927262828535,9.196668607589451,0.49416953015429976,237.80108523362034,5.079560715334863,12.292179204411466,18713.571707724223
Tanker,Methanol,14.776025566793502,6626.001290295368,6828.684816045406,5.03597121886,9.459594428249801,0.42424150965694574,331.5532083202622,227.37892352719774,5.940345251282117,29443.211860352447
Bulk Carrier,HFO,16.180659469404464,19873.169884018575,4282.167112941108,4.618397553147213,13.990771444952607,0.7644878061712357,186.18258265563367,155.2693848613444,23.86253336755606,22386.503672386418
Container,Methanol,19.110206310232655,17966.993926692765,11310.606030689178,5.318633188167229,11.209866908401093,2.3530285853209842,65.4407498022433,52.92988264735603,20.24760373205391,68541.00247342512
Container,LNG,10.105742015583793,5491.0679314362405,3131.0517257562265,0.4590356621020131,9.70744246380901,1.2165541948108052,170.1805513962009,77.49278928165374,32.991742396724675,6811.684124493975
Bulk Carrier,HFO,12.473409256307002,26684.22468131587,3446.439383752879,1.4140299414098436,12.913891226299882,0.6521948482644169,262.3997886510372,337.15055372759554,17.693969776878852,12231.595800747507
Bulk Carrier,LNG,9.79700470955459,11685.577896007315,7654.448589283776,1.7246318384820467,10.036513639781873,0.42597689926114707,177.16835305360786,23.840114636164465,9.067707738745817,16498.282084902225
Tanker,Methanol,19.392856891384422,2442.424200110986,145.9801998663276,2.3915011291557153,6.410640185732696,0.04725354926359504,112.77458076945244,283.4894792206319,14.892366117390498,915.1785530891934
Tanker,LNG,13.897920125993268,10508.54670261373,8757.92892301973,2.6549022481220947,6.182381026964812,0.9124816176708686,239.8787683033757,324.7377592125871,16.796354298812695,31730.242773654605
Tanker,Ammonia,16.428789177438073,26225.844726635696,4591.886848808571,1.6739511115603853,8.58552347774689,0.27515368556520536,162.08271102223648,247.80510888418212,22.493954414774144,20003.454691738367
Tanker,Methanol,18.252320709547536,27591.74098999175,11735.199624955223,4.368432284983154,11.631572613766894,0.06752998917290642,346.6152940760541,22.082990873616495,13.235014732675278,74071.05424605559
Tanker,Ammonia,19.901002728841377,15221.554100529373,8327.869357054009,1.305518380219305,6.483254604130579,0.25744926483958236,126.77059833046054,304.50705221419565,21.509399605214153,46317.96518953958
Container,Hydrogen,10.779607035714923,28733.85826212912,721.3579654798828,3.861193491815211,11.05147587767148,0.7963037909810158,258.29529250637216,235.1840187819283,32.24137596697891,1612.158387414242
Container,HFO,17.794638662900518,26382.012467147306,1202.2709240294862,4.699548904197326,7.965706092896069,1.8771592535957213,199.8259163711599,99.73184377387969,17.711910493957205,6806.7907808844175
Container,LNG,18.7616518795041,24931.690795877534,1149.2004723974867,3.3599704914617665,12.649547571691208,0.16746562792131575,27.923318423792608,226.67593782816488,24.547084818128937,6271.008038364344
Bulk Carrier,Hydrogen,9.537629145359631,25931.591875783975,11436.20489271413,2.0124581998212325,5.310889712940077,1.6966848093914555,169.1128502947005,49.155402588544426,11.86695761377388,22250.218218419464
Tanker,Methanol,17.294996162041308,12074.38695289588,8240.213340489294,1.1146127078619172,10.159257746286304,1.551356322003116,10.498947179559654,254.75311906673818,29.03981135138067,44511.705032279904
Tanker,LNG,12.901978533162053,22937.599281910763,5188.511486738335,0.8254694497799584,5.574905639156558,2.2049755136669695,284.3394131183135,325.0784225371091,13.09011891080177,17592.556033518682
Tanker,Methanol,16.134564706174753,17742.83108920833,2485.7440095723696,4.118543591404933,8.635585528028525,0.45996752118014766,264.43083068181187,187.80525526261474,22.3940838051667,12969.261545598
Bulk Carrier,Ammonia,14.654530156427512,21870.836050468894,10496.312982586058,2.6333127869509867,5.17132658715567,1.9856692641974352,18.184261658366715,342.7581423759111,14.00742409198055,38235.76447853272
Container,LNG,11.857164772953006,6155.797119842464,2498.5155392889515,0.35012557630378527,10.160086366357245,2.1621630426201883,179.8900968945073,157.71418841535413,7.022070501855411,6400.321957315236
Container,HFO,10.487434982043847,22210.42344147332,8509.482676062227,5.412733337490149,13.437174553258128,2.4412103291293423,346.15420652061124,308.72413144132366,14.589882216830922,25338.50219166765
Container,LNG,10.28641956398129,28770.18059163098,9183.559902389617,3.7250371881405466,6.1024204152053905,2.0213733950478954,102.46996088169189,278.5134297158185,11.360919821340477,24089.16383808748
Tanker,Ammonia,10.13655143479341,9777.236349061457,3606.4074573793587,4.658585777705676,13.087449611934298,0.309420502047959,325.54918703786393,31.83462516358134,31.78021305207887,8465.939747137762
Bulk Carrier,Hydrogen,16.015690441480356,29598.678394713184,6108.485372330643,2.466218825111862,11.426147938015642,2.367822525408577,54.393357516197874,328.55492805579144,12.984863439144297,24091.15728319392
Tanker,Ammonia,12.865519365394919,11972.904429355762,2753.5724595888873,5.259368552363334,10.55065800449622,2.0374801320094598,2.376883360612436,327.7539553829808,34.23269545306766,9081.376382206086
Tanker,Ammonia,11.382967820264597,6791.981413609953,4609.262923720427,1.1774351129902874,11.594315885082658,0.5308129611366924,190.98769868136296,126.50971172245214,19.770374351745957,11136.325169556138
Bulk Carrier,HFO,16.610736019764936,4256.300664206914,11585.099339532104,1.099735063869607,8.69486844902115,0.4129935013657379,86.12759086679797,285.6379974030943,11.631948997029475,54822.75889575085
Container,LNG,16.555345223431136,23763.895485357156,8348.34261238772,4.907807567759938,12.813735091451182,2.3410353760009532,316.52071273968795,80.86948019475378,16.74032399497087,38648.59007503475
Tanker,HFO,14.930851215926975,17089.936610920482,10174.70905366713,4.915272145630932,13.576324261128494,0.3892465652646962,242.61192160747757,10.94151092686715,10.50293352492762,48591.49833482264
Tanker,HFO,19.284535985524357,9906.807516198836,6533.134900454218,2.794705221694828,13.560462521455651,1.9427584635227169,247.28052737102638,74.85736720201203,30.010497615363615,45080.36020746628
Tanker,Ammonia,13.239556545855635,18645.06072401898,2944.572931601138,0.7792463189114847,7.964057683330573,1.0131481356578955,242.38094500388647,174.23562209173932,8.59907807919426,9334.568807280388
Bulk Carrier,Ammonia,18.194492683962224,10630.934447389138,8583.270294339603,1.7481688742976687,12.192977106588376,1.8095131637318969,244.42476142874162,20.79630125412895,31.2058325448624,42922.43461938385
Container,HFO,9.82653348725416,14002.374962525304,6056.758733407741,4.172422625386125,6.62905298319804,0.22962845041662183,268.96134832468107,57.60222592010545,6.377511453562646,14230.021709550796
Bulk Carrier,Hydrogen,17.13814203442355,26017.259646839644,2204.501530473998,4.668356303207038,10.449615749558937,1.8126457193461731,241.15955519363413,342.15767761737,13.98823794587999,9947.730717395616
Container,Methanol,19.87292155215123,20376.82782891578,5007.915686456702,1.9773356378220124,5.028921860654694,1.279778443297701,300.3390992061823,177.7827280199981,9.196601607283306,28599.622548996074
Tanker,HFO,18.312580379165986,23109.653351436777,7654.598606294041,0.43066188181108633,7.129454349091752,2.250945963347119,200.92396932889636,296.3161907213271,25.55796637762212,50085.73894683208
Tanker,Ammonia,15.376311912410653,17921.312992617713,8850.449094518635,3.6949240804930157,11.949075274158663,0.4709960431098911,126.24776059023705,74.38418972733238,20.36965192979123,34411.20443084736
Bulk Carrier,Ammonia,15.894426707598768,29750.54341768301,2994.3274710951855,4.093284023766786,14.617976557234423,0.27339019493750366,168.06498180630513,31.867809512679944,33.180187185436125,13221.135479503439
Tanker,Methanol,12.886185043806414,8000.891922435888,10524.36833825704,2.3896792496639403,5.539311284446267,0.49055074621216443,158.4846115315361,280.9973001638597,15.985422832419474,36482.3210928821
Container,Hydrogen,16.474337400839143,8606.443660845627,4616.658174188668,3.2487271027364946,11.144080713917631,0.19643841812344992,119.70226973806274,125.58017829559289,6.222472805014805,16192.963695214074
Container,LNG,17.474349214994596,3684.2092234116535,3326.526942923706,5.43180608663005,12.004525221155337,2.4503763521543593,149.5685241007858,165.52959672870804,27.849771895854005,16387.66567229484
Tanker,Hydrogen,19.980513292296394,17066.565560050603,2421.928659899325,1.422992436542161,15.256300793010208,0.30714156477819776,138.59523064057333,357.16644916400645,22.38501949027152,12049.89400232066
Bulk Carrier,Methanol,14.417092087004763,18787.41785584267,9669.638879395387,3.194079546515955,12.20658174109452,0.5021273639867346,40.0105010590748,113.95100733272027,29.823059157332416,40635.12764343904
Container,Ammonia,9.674344723507865,22052.885614065774,4314.558442096143,3.39918623323827,6.133359727178123,2.024214368190973,298.99882838140206,170.33248522319664,17.784157162208245,8940.348199036127
Bulk Carrier,HFO,15.554437458040837,10727.93185252857,5852.448431866423,3.065178858532101,6.614186667989285,0.6168859892544665,272.3276632434436,228.53207941839426,27.145434840693518,26269.815441237995
Tanker,HFO,10.309265649803855,1355.4472540857887,2751.55590041012,4.793299612896497,11.993405417756975,0.5557333504763445,121.51394356722253,32.06476106211807,10.131971184484044,7258.044234842424
Container,Ammonia,11.69241547911721,19334.65657556128,8264.483746910286,3.367040672379429,7.371816444395559,1.6807744510192109,340.24753406262164,257.9155570852575,34.98579664495523,20811.93775533694
Container,LNG,12.616579024363109,29962.169283091098,9394.297549873825,2.8426061209129663,15.21136022365017,0.9969130760995724,341.7705146388481,162.62316729901283,10.20940924607327,30225.776169186633
Tanker,LNG,17.04132860463252,9541.931259909781,4139.160462544765,0.764281143970335,15.127559208644747,2.088697884500781,308.4191008269185,63.00521191214188,29.89401882976598,20663.82357404453
Container,Hydrogen,11.021889362663506,6334.099121601573,11346.444685919683,3.897329676184498,15.435214461729347,1.5956733641564904,10.57422198976262,154.99506949216283,11.373145068881785,23730.17494356073
Container,HFO,10.823282415265878,9171.241776964242,464.2662537668095,0.813379752071382,8.222478685934128,0.7205367927111922,133.63847790191699,165.8404251365448,28.475239537825036,1170.00421419146
Tanker,Methanol,9.494606667487101,13337.048768534369,1682.0229289610802,0.2434774241668078,12.88644898756348,1.494808189049241,164.64116403788546,230.66531096699575,30.83757251082419,4163.29219505407
Bulk Carrier,LNG,18.60563929989269,8276.474939624375,7106.565675569841,2.7380682805426964,12.293152976283345,2.1661540538697315,258.73786169005245,337.3681738991522,31.299227186293038,40805.55528402087
Container,HFO,16.62855966791667,11061.840735658367,8446.741658375719,3.191204469597755,5.391641594715493,0.9112074013811546,228.53244039702903,275.4236119903231,19.271553407395295,38817.59723349548
Container,Ammonia,9.439411121793892,19507.995418801514,3083.127575157802,5.494891931418952,7.921215839809077,1.8411768038105836,244.21630089217535,137.68201454772773,17.86438919349878,6348.080030761874
Container,HFO,9.31121536201926,11005.811618435826,6693.446053007047,3.946564690058547,7.274434026474152,1.0395824509428844,276.19682896856875,349.07335749926136,30.01373390392209,15709.128534980622
Tanker,HFO,15.145417261225617,12485.709398725985,3888.796339809471,4.6823877292289176,9.07889461912174,1.3576834944462493,341.4367544648799,284.6992220363869,22.384676688524422,19027.83373623448
Bulk Carrier,Hydrogen,12.107878414153822,2160.9066211786544,6693.662022896924,1.970495410766079,15.483590881997475,1.834250069495592,198.54301221001873,10.062650186143776,23.63830494465585,15451.598446741045
Bulk Carrier,Ammonia,15.563989854751217,27620.332547063223,7945.999365394605,2.848139285931825,14.301618028541721,0.15131842827460967,325.4552872164434,41.97110901123414,12.082013636258644,30213.274592635553
Bulk Carrier,HFO,13.780645932490618,12799.692837530756,11676.415837471783,5.36105254957402,8.227670505051046,1.137373805854228,293.33479862651177,78.48401833612212,18.3847104260782,48364.92569800418
Bulk Carrier,Hydrogen,19.156438185412803,10516.161965009034,5522.792634252086,2.353898181570992,10.830346842092554,0.23803378998154878,121.65272939249022,30.06128988247172,16.08346664200361,26263.524903989794
Container,Methanol,12.165899164575046,3508.0416911161506,7813.770879229429,4.459368293932873,7.114927337453281,1.812513861180233,292.921368188197,174.75379891811343,24.959646772641022,23562.106564530583
Container,Ammonia,16.47059905282783,19391.313246460326,6978.66705024719,2.940341235820279,8.051773915255321,1.5195156629628475,42.244297910299636,122.6584951891799,10.89449840057588,27121.559293515733
Tanker,HFO,9.59459742780459,26050.923557648894,3878.903237262118,1.3093939982623464,5.71503573916373,0.817324150973196,57.15346460730183,350.253166943289,17.17255780166866,10298.765470950488
Bulk Carrier,Ammonia,19.514465876078177,2193.442801519609,3111.4631672028722,3.2342606409387678,12.068671510085203,0.19070378348208877,357.2562547774974,170.18499501042226,30.46196176994473,17015.47626376914
Bulk Carrier,Hydrogen,19.788332146991873,5212.901553615029,11855.661588762212,1.2775349531997364,12.226128519459618,2.3145061550747945,154.32789644143276,76.37574966326426,21.393370312655968,58690.05912533282
Container,Ammonia,17.12982091918054,5245.305037700013,2561.5431042480323,0.11634574532900209,14.223517828837878,0.787509301369155,165.8224886410147,349.463103926824,31.881319319744357,10331.967903911855
Container,LNG,14.117337187199304,18465.970805085995,9504.275678183418,1.3738384835560538,14.587069947699796,0.6884419434918507,342.3711123468441,184.9974449126644,11.97582331870042,32163.046034690786
Container,Ammonia,11.419927832599875,27715.684578832697,1844.389953147056,1.1429766947174882,6.760653391130951,0.2525124272939591,130.26232301882118,26.30151768119767,18.197100097948088,4461.656830017795
Container,Hydrogen,17.93767974272761,13695.282644899778,9671.780105398884,2.1029743568769423,13.17345040779286,1.443383022741451,85.3079750629929,29.114863566668777,20.012486695853156,39301.27769257343
Tanker,HFO,17.099895068617244,10970.386997621668,2310.168471575622,4.898423280570156,6.481783961100655,0.6641336384740337,28.01582547744544,243.10536549961608,17.01702221918559,13040.394938570906
Tanker,Ammonia,11.44149443517044,23209.379882304045,11609.164063792387,2.1944065974328497,9.110865129203919,2.1071327055294446,188.14312879354182,178.12652004990545,25.53480687042591,31966.696627143076
Tanker,Hydrogen,13.963368235729924,22534.50279091389,8263.253113236755,4.664013188451352,10.670902287151433,1.7069169590670386,71.88809149428172,224.7230932016025,9.46159434780411,27271.98700140966
Container,LNG,14.090788315984636,8155.9280390390795,1172.4070997423637,3.1003103087105393,5.544169054957836,0.009787264523516692,23.330172498378264,305.8776029491974,20.58201170515573,3843.796587958874
Bulk Carrier,Methanol,18.0905160496998,5663.964506928695,8348.807721562229,0.14111940280186147,6.7244008269999975,1.4141865291650713,292.70500540261304,245.29809995143458,9.163170514280276,43462.42818971031
Tanker,LNG,16.52229152767484,11376.490940045334,7283.0870771004675,1.119178249677362,7.982277099890419,0.5795866920493229,118.2948898829751,310.2443488891723,23.875924663626645,35824.02329877697
Bulk Carrier,Methanol,16.074842978940605,23492.498374572304,4116.800335658107,5.128901444123397,6.4029656259760825,0.03841780006949985,208.58046553022407,267.3678563838539,29.90744399823401,21786.63879721338
Bulk Carrier,Ammonia,16.14810164819606,21156.83830753437,3202.758373304904,3.3625366094676803,15.275058994269664,1.5484179074686146,37.67243032119511,242.78391107780624,5.5999114008069215,13318.018076054868
Container,Ammonia,11.975170873207269,20309.75748432995,8653.25330280301,5.119553036290279,8.17151106895828,0.5122859005135669,182.00974789828712,48.49154688803507,18.708086651118034,23923.50517931036
Container,LNG,13.088823858124874,25053.428244732913,8922.200338103403,1.7746481096386457,10.51288830959805,2.249089524883073,227.4624405105051,173.81794063497776,19.781107754308856,28638.680594970392
Bulk Carrier,Ammonia,9.502285139803767,9036.779057900418,3993.749602535185,3.9694368427268114,15.961876617182549,1.4334518523833417,161.95089993991002,155.91336936018268,26.607626319594118,8713.027732982377
Tanker,Methanol,17.656352493933362,10850.828038615793,10527.102618990093,4.268935863445203,11.233069446243682,0.5229627743000906,121.49345390984931,194.65032538867277,7.241597959251074,58934.3988743858
Container,Hydrogen,13.762980366867954,2227.844067666104,3299.043904773046,5.36877785477578,9.526453524912931,2.447818599218104,111.94381238375934,140.81142965937934,17.18062343810288,9514.83356156836
Tanker,Hydrogen,13.820621927963309,26193.62749830247,931.3866691002511,0.19815300911238778,15.227716465167136,1.3661039165277888,39.3781510456066,223.35740945300222,28.564436935176676,3100.0709147409534
Tanker,Methanol,11.698918914269894,17890.462312743166,7238.427353448185,5.24208096166553,7.4474753090326935,0.41368043031593804,41.648835502268874,141.28411479704522,20.96433684532623,23691.200943569806
Bulk Carrier,Methanol,11.303700096053717,9645.546464627107,1374.1398166962322,2.214587175062492,6.974508149225787,1.293105425422685,178.45061864404036,200.7424389585067,27.49538564339784,4101.551777170484
Container,Methanol,15.466041225259321,3013.079412031601,3392.302364771175,4.625158991022282,10.889008059448619,2.398372645557748,49.978531398515706,142.15511155782607,15.920293408149742,14008.901002032135
Bulk Carrier,Ammonia,11.558083167240433,21978.87559171133,6135.5180772764115,3.0414497583938536,9.700319116145291,1.0605255771055468,80.44230310927577,324.63624719627126,32.60263045657565,16671.078376818183
Bulk Carrier,LNG,9.706297367220108,22713.388066922773,3507.6795060518416,3.1491075323801736,13.766846850470115,1.0633637797368451,59.33436207298581,134.42964505193396,7.320357746585446,8735.769800133314
Container,LNG,17.44258157578988,20319.180911335654,2658.4564747985282,2.040640596206831,5.46211045434804,1.1528168055619963,288.8943700803062,263.13570278378324,7.734932174083925,12128.405331271146
Container,LNG,13.141163778470025,6909.648157455156,8467.906437377287,4.573751988042266,11.79498406852342,0.700258877886222,161.89814436188473,220.94466099806093,20.854577147271392,26782.680995508963
Tanker,HFO,13.182591422892349,27483.265696749542,6609.292162687317,1.5256732825243005,12.81747057187664,0.4044590326091288,198.93223130373866,138.78847005906024,19.124715471069578,25694.693896631732
Container,LNG,13.744501096673705,22841.582551605414,10093.158854178339,2.758103485364475,15.691084369063637,1.447319258421066,209.86493330422982,290.7471846411117,24.154025823947045,35638.26377492928
Container,HFO,17.965493057489034,20074.93338393514,7016.751176400183,3.1249422933443674,6.60339520263819,2.2355004917938786,142.69855421403543,333.92418098712176,11.871684042176541,40014.55902820761
Tanker,HFO,12.529205855337988,19877.37377923184,5853.021820107962,4.109613904508437,7.708675405804144,1.8393243547535487,107.43517823159787,273.77435950051836,11.780848729306268,22215.06863067729
Bulk Carrier,Hydrogen,17.338398323836195,27226.373302657594,3208.9505841683795,2.6468308200243005,15.256875547261664,0.2404685190938785,137.6803835775922,341.49169651839816,27.47328703309111,13765.114321910978
Bulk Carrier,HFO,19.334993248574975,27920.90685981659,9525.583913586439,3.7735276537332667,11.936917300316306,1.00212244013857,192.53635107113723,157.0704090713015,13.752956021140195,66175.0964951083
Container,Methanol,16.269550155172794,18273.48512229696,2442.76500191597,2.7205881202790674,5.418539360090628,0.013239699763755164,129.08781380637717,328.9464203932038,26.81875205480007,10796.166653185372
Bulk Carrier,Hydrogen,13.748491892947271,13083.412917913904,2982.5180905806073,3.6603314395764115,5.850784024813569,0.769850964717691,49.18173277670313,315.4402695436757,24.221209552387393,8714.573765398713
Container,Hydrogen,17.225686954613312,11548.285407223071,10114.904301361532,3.7403747715240003,13.639846166904352,1.6734414815352148,328.9272991717058,274.459433518886,7.499814599875209,37681.40968368435
Bulk Carrier,Methanol,14.03687106726524,24753.286391340953,8920.191056177613,3.9309844268579166,11.242219483020573,0.7255857087275255,263.66624708177164,300.67225025537863,26.33388919208222,38286.31369134875
Bulk Carrier,HFO,13.558699982189548,19693.554855195674,7393.194518856294,4.545818886845761,11.219570297807612,2.101395797737916,23.85714976748603,262.848110259701,31.385461238177765,31324.747708801002
Bulk Carrier,Ammonia,14.778114799299516,3240.7148773559557,563.1543163602238,3.0199018291835538,14.678522076424139,1.193460533851779,326.0519820501973,184.43104642377003,29.49938772042867,1987.7598704606187
Container,Ammonia,12.494945682902232,5123.394377435789,1614.365657588245,1.1437020848974238,7.652077113083511,1.672920407099856,61.367468406638146,198.87089441109848,5.265855976693254,3832.5133527021617
Bulk Carrier,Hydrogen,10.146752379080013,27105.390958040545,6049.493776232555,3.770060544742899,6.76474080004222,2.2096630582037085,35.18286605715754,150.36723995905817,21.191417184158713,13401.982692304771
Container,HFO,13.563372060787817,26650.446295030524,8981.433189446403,0.5164376508576741,11.751865423842887,1.7070257716235568,62.35808318480993,239.14536785606415,32.40011635320265,34667.31817185279
Tanker,HFO,10.36242569242232,28603.141012226595,5622.800283882697,1.282357121290394,14.706654074192716,2.243315510713682,335.8922060374188,116.92435600209873,22.96177022597499,17169.301186164816
Tanker,LNG,13.514856209109913,13407.678052521389,305.78699053591873,4.377650654789916,7.9177570913438,2.02016338981326,79.66593986526689,266.27741188595843,13.709782119593047,1156.3214948611615
Container,HFO,15.126270933347953,23737.766321580508,2292.8129841351783,2.4493787793823563,12.494238012704873,1.4176606134859762,283.31709325272163,181.8415298035776,10.83633925999392,9705.138596831055
Container,Ammonia,19.237822993262114,25018.525792115324,7106.323725480595,2.7894385053165722,6.6761693504410164,0.743082750043686,231.49376107514595,127.14764951010633,25.548425880648857,37079.549362837526
Bulk Carrier,LNG,9.39844564149834,10155.2102693076,8361.183010287097,5.431943359811062,6.890995654120638,0.7453560116283903,186.56030821174366,53.00205055389925,28.13761804138619,19369.29936927496
Tanker,LNG,15.836042471521386,5214.793625587125,497.7969212716622,1.3699314235841569,14.91661063649011,2.18832772464589,131.61370937883018,91.98932723922924,32.37754294752201,2281.111677600955
Tanker,Ammonia,14.03508705315085,29913.764487536013,615.647866179954,0.2055848474940466,6.297614943970129,0.13471057434625455,33.456278122095064,230.47213065542144,32.17149750599316,2262.310796733062
Tanker,Ammonia,9.22287241024553,1876.356908789147,3209.590373930719,0.7014120913963582,5.267800903207141,2.3535921202420598,255.83572000855835,133.14574999980115,15.178404983471479,5992.811200312904
Tanker,LNG,11.745029935325924,18322.741642631845,1093.6701751001228,1.42031004216848,13.524344929218627,0.817649500480444,142.12133093547243,11.940885429055559,23.11630794517352,3348.295001270096
Bulk Carrier,LNG,10.303337775902817,19856.155951269557,6549.16016310104,4.019968131740934,8.987605033776983,1.8471776495335135,192.59501046094132,118.70569069632778,8.045575575769814,17095.866818026596
Container,Methanol,11.384735603045891,20771.890917119803,1572.0535852844976,4.289438972717715,9.36324407422344,0.8250743815936207,18.634253746227003,131.88877163260594,7.833876504913924,4815.433581107597
Bulk Carrier,Hydrogen,12.0202726780701,8413.204575103602,7813.810085326927,3.153640351676215,13.79843299399015,2.3832534730829016,279.33761874543296,84.34831707727267,7.144057004016398,18104.554828299457
Bulk Carrier,Ammonia,13.41436968920416,21925.798084666672,9348.981299760286,1.4772505529700717,6.9792937073508305,0.09118507539181447,249.21774464139403,103.07341034554086,32.81432738263736,30522.898977698504
Tanker,Ammonia,14.819433328377794,7275.587335156701,11649.148298650069,2.917406230444848,12.153596356731391,0.8832971916007912,190.54813316878912,253.77387416238685,9.572972786824806,41605.48517742017
Container,Ammonia,9.010889933190247,25042.10941679879,11386.0428434888,0.1807708020432448,8.44881161721398,2.1686526175681102,178.67067404669245,268.6559233969256,19.469785954658857,21411.79747717692
Container,HFO,10.780562966916149,7354.3835484544015,3353.0452877998105,3.7817250908057,6.146953067115286,0.6851413478424342,121.33107416858677,345.20362775709447,17.992170943832217,8690.623834482809
Bulk Carrier,LNG,10.029230241696808,21204.474843206248,449.97427121575663,3.4172067992095068,12.562456538670967,0.6890486914831895,123.26540234428583,42.51177556934343,14.743133288799633,1136.4846058875953
Bulk Carrier,Methanol,15.046407391890181,23718.9910891853,4020.005371730039,0.21770131266033532,8.505305480060297,2.2468795401715407,24.647730712615772,112.22100157276037,21.13191957054309,17674.751047776474
Container,HFO,12.619823574413967,6479.426763403474,8530.913412680573,4.511862821617096,14.532645147080778,2.076455632931464,247.21689375213512,27.73602935310072,5.083726714207658,27149.614247759564
Container,LNG,15.032375096381898,7901.60814134548,811.6343903432175,4.2225032898754575,15.109392152550909,0.2644279882409731,16.19026114462699,220.7893442046185,16.404480149587922,3234.3652795885027
Container,HFO,11.440056323921457,23594.00842329664,4380.580626290001,1.764408226068891,14.339569381130481,1.4504497746733667,0.5107605612643118,5.899785589370072,19.38032181408962,13345.444872139335
Container,Ammonia,9.266522894963433,3493.9701774136324,3646.6111158081926,3.5310339134144524,8.545869221790081,0.5584879708498138,11.153226861147992,73.92828288363535,29.099131586159015,6481.624438231358
Bulk Carrier,HFO,19.355035913972714,6532.06762153326,2710.2130662458226,3.348062002710855,7.602408867956218,0.537845679412145,73.24108983614437,211.31281609594265,26.02890287904936,17977.738940926545
Bulk Carrier,HFO,10.191389333078934,14210.39627950754,8502.955981290752,0.8731735078250995,14.820807066485797,1.5385099672589062,205.27045733149978,129.14591304786921,30.49285412053872,23644.12944194176
Container,HFO,10.395446227578885,27975.275933598346,7943.254359790051,1.1436002260175757,9.982416822641074,0.30966541041253154,245.21731233536272,195.97545327266366,16.288947057953635,20686.209888421665
Bulk Carrier,HFO,10.612015091611546,17294.4572118973,6472.379719008686,3.7893131356319,12.785136959138173,1.17444750250744,151.46581774180055,230.48550304712484,9.227165833921656,18606.21633660323
Container,Methanol,19.794041763926,12242.657598038539,10938.218212211012,5.141178889858046,14.098806215516976,0.6395543356572,147.1099316598872,302.0184244290038,17.03169391799159,66076.49332788978
Tanker,LNG,15.794262641869956,29372.73644445182,1327.3523474902422,3.211935331773267,8.054553203546048,2.1348061814433934,207.64291981132843,141.43507967412577,33.89178901775023,6782.390153425446
Tanker,Ammonia,15.713189468742357,14447.627880417367,1881.3017712897567,3.1661909860215425,6.310071707282692,1.38623558092033,214.85792446770483,100.4028892699032,11.429827821718057,7741.559751117692
Bulk Carrier,LNG,19.853680216703825,13578.31423693698,4663.051182711016,3.5920811514007283,11.873103196776144,0.5377720781540379,304.1991301187248,193.96984806424715,10.242660889221897,28524.079035341154
Bulk Carrier,Methanol,9.972826462021203,12937.685189743983,7904.996417168517,2.479122820961896,11.492114813395476,2.3161641318045136,294.87173944781034,25.085270762794416,33.33011828477227,21345.45666937061
Container,Hydrogen,19.719509817965182,10053.222105597091,7050.543577720404,0.3925290349072562,7.972200799244334,2.057241326016879,296.46943364710364,15.089120194213193,33.49769254430639,31947.386174444626
Container,Hydrogen,11.24414461209445,10445.149482389947,981.1079808683904,2.241120772313365,11.431773935238764,0.6632305759147841,303.90220718648357,162.8054046035635,9.47710563289747,1930.135162399715
Container,Hydrogen,15.85378653918239,20947.274737955442,11505.255164582963,4.961361934636605,13.693929799261772,2.4026272695102797,316.73897532777545,78.50835001196178,28.08358584653597,42348.19712483472
Container,LNG,13.620919218330709,2184.232322914553,3730.271315890559,4.446712722114362,8.850120805785402,0.6693472928551153,199.91404365839014,2.5979670768124974,17.892275125573114,12346.903048523398
Bulk Carrier,Methanol,13.22346994824896,20772.685043743248,4371.774104018817,5.108087270316153,7.665494908181294,0.7316078051174411,214.26017901446798,244.57336578229805,19.76647148014765,16612.02004660188
Bulk Carrier,Ammonia,19.24367661327409,6834.930445650311,7521.19460861674,0.9252905597150172,12.975013349705119,0.9649083857619445,261.801358995074,293.81599322835456,19.960644393744385,38396.582384432724
Container,Ammonia,10.64150501284282,12142.032092930294,11347.469657770842,2.83217188800968,13.644592183499743,0.4120130511364187,71.64272002244067,53.236285364141,34.051146833550305,25122.742716329867
Bulk Carrier,Hydrogen,19.96775912183868,5249.630204249628,7985.990045328937,3.2575320359898963,15.497183816558124,1.7175403467819197,129.7659708253134,203.0048187125032,10.539833427502657,41190.53300436103
Tanker,Hydrogen,13.170375672007033,17029.78027810162,11461.802621617679,1.2335977539620622,6.623444052092182,1.3933433145694842,328.55507302293853,354.23458301566035,28.191912057584545,33699.546613909624
Tanker,Ammonia,16.136523942774097,22151.16290361205,2332.3343139636995,1.1852392920524386,14.781905120770142,2.236156203879808,188.194475023131,96.75204602354653,5.170223250788251,9862.515947158096
Tanker,Hydrogen,19.646974046316963,11285.011705634575,7463.838154777926,4.322977836271132,13.416086923088926,0.602188064116333,18.643542451820295,263.0933035632145,23.85830320726417,39504.16539360763
Container,Ammonia,9.633611554168724,5739.080748667626,9963.65881332779,3.728000352081916,12.720898987239767,0.42557721649799846,146.00152245140455,58.356927940843136,24.580339300971787,19284.04128706674
Bulk Carrier,HFO,19.151507992177095,7568.66187600409,6157.391172232681,3.5948126988018654,8.44358992109416,0.8965584816988242,57.88411316548138,335.5534733699626,27.611186283520635,40126.13768614471
Container,LNG,15.245925238897776,24725.274637241604,4409.866742369151,1.5417322731082808,5.244122463069695,0.36527170877022175,128.26327027337115,0.15609066686100181,32.77887088418376,17579.244668942585
Container,HFO,16.748365668751976,8761.81331673572,11818.626507379338,2.836554890934917,10.583055435313867,2.365377570416525,196.1913457062153,106.10286488258748,27.615053169669174,59630.23075697885
Container,HFO,10.641026022749832,23466.375197325586,1777.7493507202598,0.2245777488423703,8.143463141342878,1.793616742173521,181.84910463243924,351.5157066324016,26.964319575185264,4749.991243948919
Container,Methanol,14.867261739141355,10604.782797380121,4990.061377591014,0.8017086840423108,8.188031208193603,1.9904791366229082,176.5688508628918,241.44848568058626,12.61362548962925,18764.078201271983
Container,LNG,16.40865086197768,6473.244075945914,10493.147655471856,2.898554658908273,15.198524349119188,1.8701090584302205,6.602021081125251,76.26441578340253,34.785191275144385,45044.85418311297
Container,Methanol,14.018720381264501,22091.9482291955,10815.72088342046,1.7722302884123293,6.682657812585301,0.6070479369317172,160.23775619933954,284.8916094539187,19.052264327717776,41947.54897631104
Bulk Carrier,Methanol,10.704836959166624,14587.805854780994,11766.547008561312,5.314616687241189,15.276556175496092,0.35164159505059134,10.42695622550941,323.3108086417198,17.52350306837669,35430.32862357731
Bulk Carrier,Hydrogen,11.685309825941342,1907.0402869693858,10629.686347946139,2.646017505641858,10.54187381011814,1.0735839575236223,145.74987927212274,175.41762146543002,20.056327198312804,23420.02029233609
Container,Ammonia,18.398320700928483,28838.33016098756,706.3886021102091,0.5512464443269937,14.221072036670304,2.072547804436203,232.91996792452352,56.1685151547524,16.8216936726105,3328.6793541105258
Container,Ammonia,9.37918092116039,5284.849907091115,11164.22134556711,0.19634867517868707,8.119463285861015,0.8262883215019212,45.3256049544079,93.0934880038116,22.809127136778635,18769.42220089575
Tanker,LNG,16.797482862848938,11248.80231713965,5195.189577740744,4.016392518777425,11.973127304932087,0.023907355570785827,330.0381866607167,339.52108222646655,15.488737693550792,25714.829295799693
Bulk Carrier,LNG,19.993290401659795,12159.044414875512,7854.2683307333255,1.0261363854716952,11.122472352957585,1.6501517553036762,226.98413638538273,57.997006936440194,12.198345468337877,48155.33704081051
Bulk Carrier,Hydrogen,9.082312957174432,15193.467078493986,4791.882843088717,1.114186792627319,15.165826983596173,0.5001576771329103,78.33550881272092,112.2864613026954,32.839847053872184,8557.898543999221
Bulk Carrier,HFO,10.771502511019339,23777.876647690948,9782.650111701229,2.388559002259624,6.972282695266632,1.3570879059791,141.87156040092452,52.39356286360663,32.83485439912436,29476.169013344195
Tanker,Methanol,16.41558730982448,1176.6181105786761,6953.439388240916,1.5259271814287092,7.2502687871672755,0.037200125064047185,34.88661479159016,38.018128021391874,19.88736238342066,32954.63955689918
Tanker,Methanol,9.659899180438831,28041.689488746168,10161.981246392652,3.4295162306294236,15.438608393988991,1.2721246390539431,7.942783559590483,187.92902109242112,33.8644203183291,29729.315376864884
Container,HFO,15.487689822414449,19733.694345887325,2405.8805110971302,2.722739539008325,6.077610828647155,0.984021214418024,329.71013288752476,142.81534486600373,17.471514795330723,10604.362345731626
Bulk Carrier,Hydrogen,16.524001139171617,28568.817495319134,2301.298827583337,0.7018332479770424,11.98150715948396,2.201029967456751,243.0662582604291,16.6206372567473,16.621366053998557,8996.380797686646
Bulk Carrier,LNG,15.469609829254772,24704.29658507809,5340.483938858965,4.3376005787110214,5.6662052453677845,1.804534498610075,280.6725965331326,52.27015561432409,32.50718407142523,24974.83925617324
Container,HFO,13.01703173323174,27907.30832441329,156.54338505351836,2.39963781383694,5.846898889326637,0.09007038725723893,223.98222522236756,13.557016651485716,23.987510090695213,569.6066866241893
Bulk Carrier,Hydrogen,16.670105255853027,18429.015977134663,8344.950163265472,3.3985053257822235,11.56863617191894,1.9738059915970672,326.4355899390339,8.852381869689427,27.875521099906468,34702.546975079094
Container,HFO,15.537238708152024,11361.96050343807,3623.0393609153307,0.12128859567648131,11.065047583694646,1.9780686359391517,322.53077555484015,64.249233770566,17.382314946920637,15354.063795282218
Bulk Carrier,Hydrogen,11.284008893033118,13844.507830294508,6731.862219951953,3.4825601805573005,11.303288186289521,1.658523870832787,20.937078903299806,267.7137452462549,17.210049934280455,15751.42103118086
Bulk Carrier,HFO,15.194490979436207,20082.937001139275,933.0423694840779,1.6273892279670463,10.210173062049371,2.323241839759155,68.20919408815375,5.317188555278971,7.499111146343013,4177.89373712509
Container,Methanol,18.700979388528204,13381.023933223752,2130.667876654058,2.7696020133339654,13.165952746397652,2.0081338191653404,142.484361916282,109.61187294965714,34.0023165384132,12496.892069583073
Tanker,Ammonia,16.33516614259495,22218.510720565886,7512.024123261001,1.7076912606349648,15.914073900013884,0.5472466615048857,122.79223966144481,203.32370557361958,11.838769005263181,30223.18341431185
Container,LNG,14.189706581332318,3663.5924663208575,3737.3852626214125,5.479808021068111,8.033593710293912,0.9538647125608063,189.2061113843605,267.73328463693986,19.82801190901793,13697.83201867027
Tanker,Hydrogen,12.537425131563962,25069.61282056177,2655.191116769041,1.3465484994427672,8.557836340464434,0.874808056090933,95.95144861901407,244.04108362525955,8.438308155382117,7256.687363889396
Bulk Carrier,Hydrogen,9.944748303813302,6921.470549618121,2823.273359612438,5.029441848041985,8.553544965775362,1.262269541098509,287.0852824643953,355.83279904822285,24.40860840063099,5889.932955321918
Container,Ammonia,11.690898460349317,28374.480676216954,2656.350440233396,5.057019811881551,13.395958409364376,2.3842840504940885,2.6977853297249332,99.22581447176812,16.72626350743301,7095.487020446164
Tanker,HFO,9.123054283955646,5510.8281981807695,7511.926298223523,2.373403525845586,8.828170512361009,1.5389959211195294,284.9447096927429,0.04994208093406449,28.02985622277283,17365.277721941155
Bulk Carrier,Hydrogen,19.852885092774606,4745.761686969537,2095.52545218654,1.7416168238261238,12.444107743409157,0.782347648550322,141.61329956927054,13.758939316345948,20.851359634638946,10430.903229859596
Container,Ammonia,11.447304773416139,24544.407207034394,4416.205674240695,2.1575919532534726,9.904763127131218,2.3537943459635966,1.8486031499192457,35.10673575120901,8.884379455548132,10919.349012444125
Container,Hydrogen,17.963635369539098,24742.353003387416,8285.853700562082,5.442431071915709,11.685851337253137,1.7506786820742428,304.94313681867567,351.0855678902414,5.322215257848381,36098.865836972
Tanker,HFO,10.855093699854764,22424.02317655617,6212.685582437042,3.4414996276230734,14.119169100853892,0.6652013087050085,160.8316189678041,205.21738594862924,11.373460469009133,19586.294245871144
Tanker,Ammonia,12.119612645661313,28855.383453236434,7207.642362228258,3.0418132842314485,10.654645563096263,2.2662819220055734,260.9015914688506,287.7726722122541,26.73039484461367,22294.921236502916
Tanker,HFO,13.601050511512035,8845.649231877065,3085.7930556186075,0.2939565592329074,10.226905209313761,0.8605322445069141,316.24154082023404,354.62844576029534,29.855423828025906,11361.385619677147
Container,Methanol,12.568462305557656,24972.81343071834,11199.306990665948,4.678352364143938,7.936720419658333,1.2905281889612106,12.35258752430739,303.93643856006787,15.240051069788432,38249.628788980546
Bulk Carrier,Methanol,17.78185894035847,11209.175371259204,5025.163054964393,0.5525494613588746,10.674950400017622,1.198057114224376,94.37833861050434,146.7417154915495,21.077752136985634,25998.391248532505
Tanker,Methanol,19.534627488169654,16584.560141510883,3514.870845686781,0.35365078198565925,7.886535002005643,2.3090771832479677,42.80097249958012,315.3173167876394,12.20039871375668,22081.68448054738
Container,Methanol,18.628239320159334,13922.400861338532,10861.48159029582,1.5842336650371571,14.279272262897546,0.6641583985024611,35.283657742416146,156.1503299423097,31.41329722759882,59551.17637753572
Bulk Carrier,HFO,10.689356536425322,1169.6506575346098,7897.946421646206,2.6692584673105983,9.277504295477423,0.8332668671657817,340.43079304832827,41.028496010422096,33.95621437727546,21306.374224658586
Bulk Carrier,Methanol,17.543575439842193,17659.403612635575,7405.955771347561,4.934560384023762,6.420183950184493,1.650400458343275,290.0049765356124,197.3272863512421,27.5882007118082,45079.06988968582
Tanker,Ammonia,10.627416046351826,22677.670745154635,10652.1423607774,4.366425515047329,7.63964280718996,2.216539257284218,131.30105760169113,329.66904268363265,7.666601617754933,28219.386189517587
Container,Methanol,19.047192172183117,6062.019123682866,796.6294066294745,1.1672135803315522,10.88039614213982,0.2872102266721338,247.42549540935073,282.4337878665865,18.113557418567567,4457.647645791106
Tanker,LNG,14.696664332354363,28018.019994898084,10068.386192890206,2.1092294535072935,15.079162674127277,0.5247087972636364,331.0002985625879,144.69378060518704,34.71517045249931,44839.80067721872
Tanker,Ammonia,12.700191968623773,16381.58664313661,8166.585935230701,4.313297428941967,8.306176484322576,2.3700862062105736,79.49285779456433,307.7518623014341,11.881544879397943,25679.530105219703
Container,HFO,10.72728047067612,6169.134091381712,4383.914257883539,2.946299216333126,7.908248245092427,1.9432427610110765,5.094265526940913,167.10569812583472,25.114150105264365,11911.177834722328
Tanker,Methanol,9.12989996996905,19732.47955658967,3150.5809760338816,1.0422564869300281,9.472158182911489,0.8651744187197075,296.67900283449904,246.4469016904688,33.1569044428297,7656.461533304259
Bulk Carrier,Methanol,11.727416908269731,6565.758546944976,1347.190208590536,2.2386980944630004,15.64529926121361,0.8940870201990705,260.17139848609986,119.92866075423906,28.19610164790162,3964.3110347318093
Container,Methanol,19.054220696094433,2842.467100564756,11298.782625935612,3.4800533443524175,14.297416419074894,1.1738346766658387,57.69261915191611,70.09704243404842,23.265804669928364,63912.62156303384
Bulk Carrier,Ammonia,17.769884114994504,20874.142030158026,1788.7540296214806,5.355418643967708,6.646347461821607,1.684498749381735,176.27250437463687,112.84934536320364,20.20115476686688,9264.317350618692
Container,Methanol,19.667730785257916,4210.15161585934,3187.318575197523,3.6737850962246092,11.751286158102905,1.4026027616284151,57.75619861617662,315.05890732895443,32.86443087011099,19246.114232377382
Bulk Carrier,Ammonia,10.108376732335103,4080.306002916624,8324.175436876692,0.1874538760495435,13.710506236784381,1.940299881246136,216.9409902584939,356.3175545230685,16.84200101323086,16653.676136707385
Tanker,HFO,15.513966178562363,22458.363332272587,8550.81401084331,3.9070446938156524,13.448113755072614,0.13541697945035375,233.12518031587467,95.01005896070104,32.03806999653659,44591.315218107346
Container,Hydrogen,11.828655214338543,2600.864763034064,2013.1475847708682,1.454669960269045,10.377300409300773,2.0476018562879243,99.60577470504157,59.53082863065084,17.931587870227123,4245.302526512046
Bulk Carrier,Methanol,14.972358763496482,24483.306192390686,9788.16081311097,4.7556581367546,13.050145242414464,0.14512837938116419,281.10136569016623,25.58978244885784,27.696350712764836,46325.60537336162
Container,LNG,12.525003741198006,24088.314000787002,6172.418503198714,2.1730055044211483,11.41945271652282,2.202434812554424,170.49468561269128,271.3750402459897,32.4714169780243,20337.875039844377
Tanker,LNG,12.118121052676933,5100.409414255214,10196.634469569797,1.1779212038732214,7.21589481137423,0.10813608836874711,254.28884806638342,190.08009196631278,21.519287258846585,29572.909167172074
Container,Hydrogen,15.312298322270571,16033.038771032097,1138.6961391857799,2.6269148071552664,5.616590047001595,0.31958107844700656,230.3320253123825,200.19607233742354,14.296395450027738,3629.3118903755685
Bulk Carrier,Hydrogen,11.016499780564944,3802.1392380993284,609.676989214907,1.4780690613010297,9.064496480553709,0.45046092954261985,162.27321555982115,16.274299119470534,6.529601589760229,1171.337265854396
Bulk Carrier,Hydrogen,14.160467806693285,19344.56537379363,7680.185539782762,1.3734360378883932,5.681329021422939,0.557626955349122,105.37821434793423,29.180516936945168,29.277798905143253,23119.860107601082
Bulk Carrier,HFO,16.158934915484384,2824.9703761458504,1885.2831856068203,3.1956137241768623,9.345147443129814,1.0044051814756338,73.54958538800781,329.2642762716826,23.660297620802513,9423.656849629655
Tanker,Methanol,10.410002805010844,28389.94483335967,6346.893644226269,4.243669862594749,14.11766901727836,1.6387050171931956,268.53985167378767,207.62309680699389,12.891369434764872,19363.835969252043
Tanker,Ammonia,19.236536979645944,7024.191325717868,267.8942354856538,4.608753620463328,14.287235632439396,2.231508454769445,231.0996517528012,78.91440524420567,31.32234959484769,1577.08409780578
Tanker,HFO,14.562971693995372,20803.945022510707,9381.158200523583,2.247417300540112,5.374813134740196,1.311257025341188,101.13909420714772,74.68606675011814,32.60908291327404,43717.041770819036
Bulk Carrier,Methanol,18.014807690727764,4720.451306936191,10804.409025124169,0.46074032342347215,5.764890142604435,1.3312243521180203,348.1557022092557,86.7251470126613,31.614982385386277,60217.27630665759
Bulk Carrier,Methanol,16.192959736831696,7078.297001476518,10082.704867375027,2.7134649917139884,12.368537963503691,0.7982627448742106,291.72201505823847,22.952840742859294,23.045536950685506,45819.68188261576
Container,Ammonia,16.810010353448,14077.539817617748,11504.398476489978,2.442419975953284,10.499985644364198,2.001701060764622,45.64881393021164,17.91477058556537,34.2974482150788,48530.47099428052
Tanker,LNG,16.87744035092122,17619.78809890397,10846.839480439598,1.163686320566413,6.642942320034299,0.27621557029549354,58.522828810301924,259.194725865405,31.24416893605304,54490.8186266614
Container,Methanol,18.6260988676762,29967.033971358807,5383.814417655346,4.939182466178249,13.860825795053024,0.7527579516454677,195.85721191435314,94.95245320135328,8.127812148369781,31336.725169174384
Container,Hydrogen,15.749659785516165,1751.86061463738,4840.343680479395,5.36040056631172,7.381457789770641,0.24245353434785788,36.8566381738373,138.4073982967158,34.43317927878033,16161.044519431252
Bulk Carrier,HFO,12.060388668935285,1009.1181696785219,10764.585648861363,0.37943481537863977,5.859641801652819,0.5354520470655346,347.16168187203016,193.45065306731976,21.464191180095522,32178.10520324053
Container,Ammonia,10.09460607152003,11160.645746733491,11130.571664751002,4.397030451230135,13.244578519100095,1.4664947788894598,229.6884258415537,115.22307399475686,32.601077106739154,23849.134015514686
Bulk Carrier,Ammonia,15.668756813951557,11618.534666270178,11676.74778498464,3.5868694128843095,11.689385720951606,0.3149009699522806,23.822653222970903,172.36310876934198,27.810243044980453,45710.498013310484
Tanker,Hydrogen,9.729880841476392,26631.279846860318,9242.975094629113,1.5117557940959032,9.33887012604456,0.25154448815880415,159.65486293049605,311.40383551027065,24.42700026066256,19007.300501562902
Container,Hydrogen,11.654227968584832,27464.893883221757,2503.6670763024263,3.52984303872719,12.61998824161888,2.064777028598992,79.9086523264626,87.87581332374822,14.800171449690907,5813.066188961899
Tanker,Hydrogen,9.667779030621029,26535.224314420244,11344.954219717596,0.7946732350907623,15.025187575603232,0.29574782023534335,176.56226496126243,284.8534823240562,5.810900707530024,23287.529736740886
Tanker,Hydrogen,15.037763479072238,5152.183764095385,11370.983455113013,0.4747951448064853,5.376006870433125,1.5201333747803831,88.9291799106299,95.02151570375865,13.302087573262506,34858.42306062561
Bulk Carrier,Ammonia,10.763719374371549,12951.04022025113,8026.96323056436,5.4648410052822065,11.90447381442869,0.8800279572354255,299.446615550686,67.30113882154103,25.574609686207864,19793.251595878686
Tanker,Methanol,15.714480513768205,22630.669706555673,10301.63516955887,3.536397235676765,7.399840267171157,2.2409178044406155,259.5957154710241,26.15714978427632,30.8934472061474,56069.68579114808
Bulk Carrier,Methanol,17.699516439495945,10065.720965743001,6777.999411851032,1.4674021724794613,10.215515359355223,1.7688750920205463,326.36813464115727,246.31254764678408,5.0703979134643875,35843.30145947651
Bulk Carrier,Hydrogen,18.040687928490485,20233.902826805985,11335.1106503995,2.5301833618803364,9.663792417717065,0.14857557878265093,71.26474130629819,148.18817080949597,11.239213213604668,50487.50175611877
Bulk Carrier,HFO,12.404978589513902,7877.143032541669,1217.8431194458851,5.230476184408338,9.289776346179828,2.2386702762732864,138.7412054458258,277.35368901098343,25.192031462062605,4208.400676709909
Tanker,Ammonia,15.038499859639456,10379.158480863434,10381.16798816877,2.4691153692887724,7.093917102722082,1.0347472363400896,289.96795692622294,47.7616071719035,13.50905312961219,36924.39242723303
Container,Hydrogen,15.19311836094995,25952.459831106033,760.4931855419583,4.962400472812659,13.829149300894803,0.7455686224602459,134.58477623596093,217.20619917365332,9.251085621608464,2604.2586358994186
Tanker,Hydrogen,14.201759003695832,8264.762046580858,4135.373921394445,4.791569669083693,9.174726434204704,1.6819550539071644,136.47181792372763,4.6753361010190275,7.458082946705696,13040.372271678936
Container,LNG,16.206252805672413,28965.398519661027,1710.375147121617,1.958444106890554,14.759158870301277,1.7949348030818202,354.9738396203602,84.17879448447196,24.13636990473668,7874.157455482521
Tanker,LNG,11.31095836205887,9881.52726716856,5801.707600308655,3.858448622016354,8.901351002411399,0.7581269421771517,277.5107472876405,219.47299307871987,22.845794510850343,16857.08152379618
Bulk Carrier,Methanol,19.771675635454738,1682.3151848750433,2863.729280110392,3.6666919204259996,14.236846791470686,0.8791413649926136,309.8943042231108,20.17392365538732,30.758407164490077,20359.769081592483
Tanker,Hydrogen,10.078878098000256,8392.126210274542,11429.661314074567,4.264544101347146,10.989129646771566,0.3908262737667262,146.51022100030644,135.80234944639415,14.445130017357942,22751.302366605538
Container,Hydrogen,18.12143255323431,5964.9433250593465,6755.9238704755735,2.0760174870444215,9.241877583457715,1.4836089120229357,210.93066826918687,202.19861520960137,9.101558550066583,26688.72533324023
Tanker,Hydrogen,15.535055856463066,15697.982020308942,10782.995762014325,0.3820770918899167,12.744354360577956,2.3922726333290543,162.19928539862238,261.93116302653914,28.974652660705534,38126.98965405532
Bulk Carrier,Ammonia,11.693402219130874,4268.765923507941,3408.895781708696,1.0236119020075596,13.653200870637646,1.0415611558584834,162.10568876744543,254.03617978862795,34.645577745569994,8576.93315455837
Bulk Carrier,Ammonia,17.202425007263297,19155.417440116882,409.1329633640737,3.4293899134382997,10.3095986930193,2.4905154539860863,45.97168884723766,53.34501596778801,15.811686218546562,1924.9161948247838
Container,Hydrogen,9.929289852447791,26372.073046138343,9330.294543838669,4.2855410092457085,9.679624712218905,0.4410365112395981,303.16782650483066,27.06132715205403,30.960488427197905,18712.91442550029
Tanker,LNG,17.518596178936612,11513.047572308335,8458.294153666466,4.182662626492219,11.351608674095544,1.990248647604462,140.5952761219523,135.4890239279282,27.87636412282587,46986.262158986385
Tanker,Methanol,15.48983744467315,5886.288859856729,6591.350583522904,3.2518805596211657,11.4367971635629,2.320270634035642,209.45678182724976,86.69017458366567,32.347558842762446,32143.51437486516
Container,Methanol,10.218253502360417,12600.724877747976,9802.57848377763,0.5576939868604195,9.680271374401562,1.720135881658127,308.5458646048644,110.04890213407884,17.73117429742788,23494.157933576917
Container,Hydrogen,9.874561194016072,23793.037822068185,10097.004034512776,0.19335858680338738,13.334291662869015,0.27331572327716436,278.4518110860479,123.29447359087229,8.039045144714727,17258.841115142874
Container,Ammonia,17.259199667801088,18153.14254830827,7096.049365416268,4.323565489539193,9.396935925291887,0.8163533845961379,71.36567173423897,142.98401062827412,8.55068619094786,29802.633016334345
Bulk Carrier,LNG,12.222294971542208,3933.1531865004904,11594.54072306185,3.066632744625259,9.98298177170742,0.214164532943229,222.66409161846494,186.69614990342595,27.89595261374126,35680.61024215089
Bulk Carrier,Methanol,18.78232035843935,16578.427475483964,8664.572176646194,4.326645354750142,11.658500467074637,1.5043703022895016,178.46319213775726,3.3493441419265535,30.899955184951036,55845.003043529374
Bulk Carrier,HFO,17.382803231331934,14574.476062212203,8154.816976335282,0.9790576919886999,15.855337921237311,2.495372022897328,93.65477457437815,107.28085120163423,18.71050222811153,44730.54461025875
Bulk Carrier,Hydrogen,16.680092691894878,10486.255424613682,4400.91933144788,2.3000851221641754,7.867547221155133,0.9368865330881476,14.708845263634718,95.17217035304645,6.787126677114378,16931.32231758504
Bulk Carrier,Methanol,12.06466657896796,4194.6572855463755,126.87708534009123,5.063514150221055,7.551480799026773,0.40736260631565324,226.72487088815782,85.0402917209446,7.00118121079369,378.3375799798012
Container,Methanol,16.798389709237796,29452.24613298797,2967.217819340718,1.0266291527346947,6.94575993164281,0.6716004866675629,280.747769353733,283.90291123655874,22.958010501872714,14024.552770661936
Bulk Carrier,Methanol,19.429624529663172,6105.2562769044125,9190.654031094095,0.43224528058773937,12.583886357389469,1.4270049230254722,339.01862821315933,90.46727879483089,32.55873050644911,56666.533901157956
Container,LNG,10.007158178076258,6589.543832931618,8547.467927802372,3.6287238724214417,9.940041011602485,1.422404467085674,127.79415314980547,54.347270780037555,16.987505411177494,19145.66470097923
Tanker,Methanol,12.587789062039226,5221.8980709648395,4039.1635234781206,3.310496239357484,9.274669740817021,0.5745520823407652,143.71817455277838,306.65736220932365,24.518594455974675,14002.184426212692
Tanker,Hydrogen,11.581394920077535,17535.598122269206,7544.437397007422,5.24096473163176,7.244994115637555,1.8767618513445625,58.682026952962005,137.85893871569485,21.260233068703144,20227.16554319797
Tanker,LNG,13.325751478407334,13866.417659998311,2423.9210057303326,4.994929473696329,14.802522151436722,0.22003072873340107,354.4617683998418,66.25223898065488,31.692735333561846,9133.110426530813
Container,HFO,17.16565920339341,8237.158278770123,3237.169859301624,4.146924107191083,9.874903387446244,1.5576007069100557,305.85131867039127,270.4348280373689,29.971628349267057,17212.314344636114
Container,LNG,14.216668395679253,13453.278107624317,11374.156317439709,0.20344908454256183,11.684626426349618,1.0642473723759547,344.73734243025933,236.58275824991486,10.980456805082111,37202.797376498966
Bulk Carrier,HFO,15.27803666732271,20532.13368078982,5016.8488179335745,2.694089629395425,6.237825361217812,0.3179375496081169,178.32496972516066,340.307916126712,25.326292956791555,23806.95282443793
Container,LNG,12.455703768861767,9169.315413460274,3015.352372156369,4.93895045730001,6.187694383533912,1.5859618802391353,75.52129830747319,316.0064086448705,30.425095574286146,9366.491480956296
Container,Hydrogen,10.554181937958106,27542.12750488103,5896.588137383998,2.4417158758181774,5.740899958303954,1.682623545487324,206.34643934289124,249.95353030048676,32.90748145437617,13472.346709258809
Bulk Carrier,HFO,11.936270138315013,9884.040878153468,4705.488969469658,5.295586885910171,9.04080688922123,1.1000507390779783,133.95308969119546,57.95680518855937,22.697814215756658,15743.290671647814
Container,Hydrogen,18.456483313661856,6747.191893862745,8781.395544454357,3.6234350954775056,10.201752624111027,1.9949820486635372,125.23119509174524,173.94524583772073,10.2773370548155,36412.64824883888
Bulk Carrier,LNG,15.626586583687516,28682.46755931162,11549.181667241484,0.6910684887310883,7.690359643941605,1.2732914610262138,29.65114224831489,42.76392847571289,21.746962522533366,52884.82531083948
Bulk Carrier,Ammonia,13.157875405169571,24506.2576934272,7141.675351046533,2.850069206008091,8.846452564650406,0.7143861302463559,26.333717292724348,197.78338102403967,24.974570349750522,23748.33483611101
Tanker,Hydrogen,17.688965799091463,10950.991120460501,7134.651524549289,3.8563325324837976,5.068860374261467,2.3840031948453926,136.3674790747837,330.0420805007123,13.174671845602024,31644.206950258354
Container,LNG,9.709031757003997,25401.523683172403,4441.522918809448,0.4529924500939517,8.861973117875344,2.360110094374677,333.4314758332717,1.3762609405619797,34.19004446377069,10189.352316713568
Container,Methanol,11.792801967146243,16045.613225460202,6819.108090506014,1.9611074731821443,6.310884683139323,0.2390534867958624,260.28853577252033,315.36532665527596,11.87978753924222,19711.723781987108
Container,HFO,11.531134694630733,11055.822449570822,3900.0135100069447,3.9722377404915266,6.412229262112785,2.3652032063709587,273.801088863344,194.15450673319262,32.34057565193115,11327.925234966286
Tanker,HFO,19.83901018385044,25348.736096637214,112.99568431686895,0.9481853564579843,5.049567073160036,1.9387059518457914,84.34464352390005,54.44982716094477,17.75542272573928,778.6051912180893
Container,Ammonia,16.767084406320365,22812.78693906877,10406.544457253973,1.981035450660822,12.660186226716176,0.2666104063930866,264.43065998977556,308.11166700427265,5.016624944987118,40374.073643741714
Tanker,Ammonia,15.795645300274096,9638.370436650068,5210.384617708292,3.8255157413230636,15.244121514543224,1.2983131796305365,146.27488550074105,193.28268514503998,21.298672200499357,21438.098092232347
Container,HFO,9.054834618239202,18593.67694248124,5955.852972142561,4.287920870066214,11.837001169373728,0.08737827519399749,21.380619770353174,161.33965276176042,23.848575977520397,13612.562303035507
Tanker,LNG,11.02741002298843,11712.31648207412,1093.6608935685454,2.899963686657271,6.058222571207006,1.4721426764021919,142.13288430658992,179.89854090866578,31.080900596248927,3136.9018930543834
Container,HFO,15.990954222703861,1030.5072042512559,10061.615109524164,5.267030649580052,15.886143943317546,2.3329691046704673,47.251363475652816,53.05376725151956,21.216897154107905,46208.44375468796
Bulk Carrier,LNG,13.176912591298322,28892.6565006081,2127.011137493326,5.0967866375145805,15.731436879641647,0.9205243437136451,307.33180665532143,40.585743021156134,7.823881464581948,7827.033856191945
Container,LNG,19.16708422046967,16939.243206112267,4986.39178953336,2.65656009110204,10.150579892232376,1.271562935127895,302.50586321096677,238.1603265769626,32.804406779188334,29802.320225258565
Container,LNG,17.411966410559337,18354.545448307712,10099.160010060188,0.9654818146011409,6.1865614024692555,0.5689008147566901,103.48881418797316,316.94827285628594,21.960643727764197,47373.13087518233
Container,Methanol,13.92122480084532,18396.851344641553,5547.616988540882,4.273830444973376,12.92813240611925,1.3523655998222315,220.29202899921066,250.0051359996805,13.14593575916537,21179.71850397074
Bulk Carrier,HFO,17.244664752920976,16968.60236376268,11180.712792050917,1.4129537071229779,15.57615024931781,2.00643667185841,130.9534986086138,302.6826683784728,31.965758494654814,60433.176921520244
Container,Ammonia,19.72944756208844,9411.387498434211,2590.8402107062075,4.651235073995167,13.565695645525619,0.5381456848430746,55.52142276370139,304.1177904707312,8.62740417101103,12782.404135963774
Tanker,Hydrogen,14.070789071716177,29175.70762233363,8611.27067646178,3.270579442237531,11.86623140028079,1.383716904911293,233.78663210710306,11.534606565732384,7.924485170400849,29053.885530668067
Tanker,Hydrogen,16.06778476677387,19028.383962943262,11738.182430384557,2.2281022345478316,11.719150926081848,0.8866081927947858,273.6383915919321,277.5437636418811,21.05027281401745,47540.54629680292
Tanker,HFO,19.105310765674247,20456.719456064882,6640.402282921699,3.1044701363457388,15.757099256261917,1.8696801951843947,278.90018678367113,277.9533253891794,23.746526834186287,45275.73361531568
Bulk Carrier,Hydrogen,11.735421282397906,14188.989962194444,8336.988393863516,2.9771673496728073,5.804312705017464,1.7550966548930074,53.719410921539684,125.99170776186158,20.328775021744196,20262.208354956867
Bulk Carrier,Ammonia,18.75213705032906,9347.980614232694,4779.397249252001,5.093557367859555,6.645116215496888,1.7469741402852126,184.52826665824978,147.54564360238876,32.86976141337297,25197.10670392632
Tanker,HFO,10.072991774502809,2866.120483072951,9040.91434273308,1.2575604687124395,14.138925892136493,0.9445078343109872,8.603768591802128,268.3764000452401,12.884625041782925,21829.2601828255
Bulk Carrier,Hydrogen,16.13292987646411,11156.6757004687,10915.601272632377,5.112055643779052,6.596243883517349,1.4981982574261952,32.46101914625917,355.1597067133642,34.70705227628186,43241.83631936832
Container,LNG,17.611219705613628,6106.825448783371,8466.361247901297,0.2692416238832197,9.216261356219325,1.627712959216181,29.178415110739607,355.61705811838914,5.580480033379622,36749.937605185456
Bulk Carrier,Hydrogen,15.760668411776688,20200.559779453342,11237.551665433653,4.2536977202786135,8.096491816602253,1.702034930924323,20.58868567818042,170.58343010851138,8.55601983980458,40232.27996980573
Tanker,Methanol,14.450882845677974,26491.112659278864,7104.966558708485,5.066207905842452,7.677891880844325,1.4381408850939308,120.15696566082046,284.23826656343687,10.57028918082236,31705.678849306547
Bulk Carrier,Ammonia,15.790818099182546,9779.890889123917,6967.935541366459,2.22788183132726,5.282941462192693,2.1670118670580623,128.7646563071415,167.78213734704198,7.3872718116358,25086.278852005944
Bulk Carrier,HFO,10.66830079657389,10653.596137007351,3725.0659184989486,0.4945628097744432,11.228763898882923,0.6219964481750064,251.2333231452822,311.74529342593314,18.146535992870433,9961.016949519546
Bulk Carrier,LNG,11.371277813632402,20440.570611041338,8544.567144849052,4.445204670066034,9.41363472916807,0.13951697340344127,118.75669969095088,233.9019579666946,30.96116527136359,26349.526017625034
Bulk Carrier,LNG,11.968892783519761,5328.871592995854,10595.23500889825,4.651470220735369,11.067492339007124,2.4062586346845,50.54248950398936,337.1905407328116,29.622779806403912,32724.93596233662
Tanker,LNG,15.575572746930419,27953.685373653276,7791.163090934282,1.915789895137649,8.34959027147254,0.1518343165596714,340.875227156461,359.006458086063,27.342705681428512,35572.44779632411
Container,LNG,13.860911811195775,11551.556649739008,2873.166725123137,2.9004037427038933,15.35606940559689,2.2573891394798866,315.17150543485167,118.86755772343525,5.222282058063731,9731.77408951758
Tanker,LNG,11.689234267344235,3934.783931876465,6574.89846518807,4.471132967254808,11.5048191146568,1.5307123423855586,44.72127194535948,352.55657279236436,30.971180802686842,20091.52996173258
Container,HFO,18.71090265359038,6065.836142698604,9095.655261721839,1.1370320771506457,15.573277511854936,2.2968509632864986,130.60033198889352,249.30466805905425,16.894972758656444,50219.88548589889
Bulk Carrier,Hydrogen,13.113140243225457,28049.636204216284,11278.423446985758,3.4964690845128583,8.850065496845245,1.4123848264065975,60.510474354589775,85.71103208245174,26.949132635716367,34081.33116522506
Container,Methanol,13.906348911528802,8166.459362701579,1963.492989294592,2.4254055613854235,5.025184910809543,2.052521813732018,345.2801138758684,1.120301971137878,26.807560533911857,6856.435943829771
Container,Ammonia,13.50671184203894,20205.795311107304,1617.215382502071,1.041845062173023,13.593921214586846,1.803225658086334,128.15193315764205,246.18185724732115,10.325630816556084,4667.108730332387
Container,Hydrogen,11.001372508044279,5528.7914826096885,5014.028009771581,4.5897771191551815,14.101167400167064,1.3127803341516766,35.32227369045636,80.05668500171943,20.46184542752978,10559.216150364142
Tanker,HFO,17.047897169732565,6628.949078114554,1594.7729166050692,1.8532764938796045,5.6457373692036965,0.908308974884048,261.66383579875696,83.29630357677452,32.785428768382225,8924.49608313344
Tanker,HFO,13.933040884957439,26497.90834809935,11767.10405881091,5.145901024537087,11.87906151308551,0.007147551720855794,256.2183058267425,198.78050334672216,12.8914589024564,52203.78578639917
Bulk Carrier,Methanol,9.178828208819903,5292.9633829742925,5149.221970662454,3.172242897026931,12.271196537441323,0.6272631864234424,86.772404060529,11.13333180967285,26.450835440046045,11591.731338395615
Tanker,Methanol,19.604150725957766,1543.7670153520958,6449.965176908068,2.8783538994775872,6.603072537523218,2.3794170211848584,115.72626633124457,149.89293186847365,33.74153117881612,42969.188583016454
Container,LNG,17.97339972754955,15535.762496262012,2802.3445973839785,2.385852098784539,11.077770081378393,0.6886546196624782,149.40680309702145,287.77444997426494,15.818935268881772,14017.754854094881
Container,Hydrogen,16.959152895009836,26019.077584625105,5444.600870089458,2.2636228052240495,7.67518768747938,1.8796311066555007,96.37200063779315,9.81368597116381,16.629010180749567,20344.953055089543
Container,Methanol,18.56001057570382,10453.740317053118,11817.857824848516,4.517017884120361,5.180968735249678,1.2712440363283397,103.99957494345003,224.6189684567429,18.576875276257205,67722.06838543343
Tanker,Hydrogen,18.974879789661053,4716.705848725605,5915.377101266937,3.758504587225081,14.536021994137295,0.7712859616369983,288.5725411267165,57.01667698143937,29.271177250083312,31762.42776544194
Bulk Carrier,HFO,12.712386770228825,29484.694057403496,205.0047170733859,4.277926708066481,10.408646883491105,2.4777336224059514,270.66621788158096,310.62217477825914,18.178541652084828,801.9341209511635
Tanker,Ammonia,15.720545462583685,20625.420255192985,2986.077609982504,2.373854461900527,13.598690110017822,0.11743594381198541,249.34651630937512,140.64729440438575,19.58737868022126,13048.609362161544
Bulk Carrier,LNG,15.696885901261536,25670.028326496536,11743.6124826942,1.5117610133947716,12.951823354520196,1.4551927661850594,247.23848046414554,292.36403844629996,11.669524693108317,52357.551842641704
Container,Methanol,11.940296356916566,22812.00989753879,11869.903409587718,0.5690721800521826,15.93075787115982,1.1537955400242783,187.8774950389945,260.5752950467891,34.65035196056572,35319.720479911084
Container,Methanol,11.44147476591774,21249.025945686513,2604.867768283297,4.293942345913841,9.817487442913125,0.19131602425515398,126.33166006598124,316.0206453448776,31.77062461909695,7687.654409885445
Bulk Carrier,Ammonia,10.252979803009243,12152.357946796688,7421.642645341856,2.3424927247956027,9.703056674328954,0.5352405145383876,259.3961803718653,186.06956215815958,23.007629390853726,17196.20612949659
Container,LNG,16.25245615508098,10405.859802905541,1015.209133014432,2.8498073973220883,8.099311237562873,1.7356049341947282,41.89238551258883,175.0006818641412,33.81680214379756,4465.597702181259
Container,LNG,17.590108901338578,21791.799280939747,6971.555545091087,2.634453470064045,11.876619347435362,0.27082157448358374,50.78538187440914,13.474991651626356,25.6099330024214,33890.62462866334
Tanker,LNG,17.37048277468704,21784.677237139676,1598.4563476886053,2.428144424393897,10.347237506108126,2.002562776374281,45.455474860473444,192.17307157554623,33.77316897557488,8876.711954250459
Bulk Carrier,LNG,12.479029149034718,28567.063137423705,9842.072131347628,3.793057716166389,13.016372343558356,1.5626524848802836,263.7784986301165,187.91149229186334,9.846076002188891,34078.325485063084
Bulk Carrier,HFO,11.257858355117225,17491.134717601348,11280.942352466709,3.3871642250964866,8.921628682855701,0.25214398720901726,212.9547183709363,218.30212171896483,11.763722207092425,34434.095646779315
Container,HFO,13.989755963000842,9544.012067842532,2158.543015788843,5.34909051267925,6.439292157702585,0.7170365719081184,162.05773657278513,47.16778994328128,31.55547390915182,8436.461514090159
Bulk Carrier,LNG,15.014948062645615,15196.335180583847,5606.274806278406,0.850081101305851,14.486789973313996,0.34294465586716116,171.44328291436864,194.3884474901788,17.596231748798616,22895.178133367706
Bulk Carrier,Methanol,19.109958407654112,18797.700685051655,1314.3116818481465,3.197004291456671,14.108516361611532,1.9940032388944176,297.921357781613,163.45162970642295,16.134731123077042,8224.925337283517
Bulk Carrier,LNG,18.623054697014595,13375.164187730463,4135.766084168403,0.4414968823724955,8.861002058273186,1.3323990628141673,43.80472042788287,214.5513568487651,27.630060691520317,23256.899236074787
Bulk Carrier,LNG,19.076641644320105,23942.860577426898,874.6632816502652,4.462759461024279,12.593868892631992,0.007074841791466224,137.967940924409,237.79802990626405,23.90976980508079,5452.509886059755
Container,Hydrogen,18.352886236495777,17953.783154259294,3248.103683407382,3.428081199555903,10.41643196903173,1.3572591180703815,273.6598339802421,130.11242717939865,15.32214799301728,13682.320007420858
Bulk Carrier,LNG,19.610393248799426,1273.6361012018658,11883.661638362688,2.413245606359705,13.370693068442101,1.2070092106623775,236.82217340558532,181.45910319002382,16.93581762658181,72091.74120148367
Container,Ammonia,14.120499968859631,17525.356758728245,630.778881124682,4.4320725350773085,9.291456055309636,1.6076910074812627,156.65281973203705,142.2352149482044,17.251512749004625,1962.2871429980114
Bulk Carrier,Hydrogen,9.522208471764039,19374.50979231397,10321.723122462181,2.5570140858545227,10.892031589303524,0.08711013871749024,80.76283546716456,275.5763760432016,8.789939842071327,18155.511530146206
Tanker,HFO,9.91918235363326,27542.57629477805,1021.6856752738478,1.330044914692615,5.6359771447122196,0.08856447983261823,340.71883678978514,286.7125314399815,11.886617884105352,2893.846009997093
Bulk Carrier,LNG,13.293037559495776,12997.928536261468,6395.063480296585,2.6515041099958196,6.924009797468894,0.8734202627383919,146.85097062834328,105.4589029523972,21.125908448075112,21820.68627068392
Tanker,HFO,11.83455800400297,17659.56211886939,5480.225529885413,0.4824917018416316,13.599421685526133,1.721345240403718,316.02060140528994,93.43653776681317,28.454814568354987,17812.79764982527
Tanker,LNG,10.869346504971741,14774.926070716845,11185.500454245674,4.9484499920526925,9.197220303901652,1.6663952314717392,280.01897281197927,244.19631821056512,17.57144853287663,31280.560238819635
Tanker,LNG,19.485241519595135,16418.036425597675,2468.693361192566,4.04717522356609,5.386159666525492,0.6956589480256368,310.1508118837079,278.64583391423514,16.500583987578775,16661.30210266438
Bulk Carrier,HFO,11.149615472516846,2951.8180494008975,2238.215983017658,4.205705245561149,6.8439991428314135,0.5401688614072397,6.0919179259239264,3.911576968146142,24.515484605915514,6495.83461435277
Bulk Carrier,HFO,19.55317199546754,27021.226358459942,9009.697653957204,4.822263841699589,9.52757835294176,1.7078139934526568,171.86091407279756,153.87695333000138,9.717615916406388,64084.11826303823
Container,Methanol,17.369227243533278,27401.957855117143,8736.06172989421,4.374491979601451,12.89704417718449,0.06778184033450652,93.39617765435001,110.78311622883461,16.42250973251309,48216.6311558414
Bulk Carrier,Hydrogen,16.050402393377457,16893.72868543635,8420.263068864306,2.4320039873685753,8.998335459879542,1.3919583292361368,98.64768788108422,275.9473634132165,11.244087085909815,31643.873943389517
Tanker,LNG,16.43620856098316,17140.10995590742,410.9126824513306,0.7406365682374281,13.197043298167559,1.0602466051103177,97.14251603678422,51.67466086350048,24.549387029837444,2037.7905916807747
Container,Ammonia,12.646217560250363,2669.1250423746815,3193.520272026413,2.116169811897145,14.438666460245917,0.5977170448380253,140.15292186454764,280.16874108028566,8.370920447482321,7444.038006309546
Tanker,LNG,16.110697418641102,18340.564880472946,10094.752616466163,5.144057457650501,8.752502756262839,1.300745223331162,147.8536618151406,238.10638210252475,18.434684588073285,49063.776339083044
Bulk Carrier,Ammonia,11.053613301093918,13445.401906495712,7250.211645335595,5.22508865264945,13.804131279398678,0.5429191415570076,228.25448933336895,303.45464654096116,22.885461712772255,18606.09746549439
Bulk Carrier,LNG,19.314759757895775,21562.26527679868,7266.119556712962,4.246502673828496,6.395687325232085,1.4108040138731057,108.13123884530732,356.4876050665023,30.010263286347207,47397.59513557643
Bulk Carrier,Methanol,12.31972673956653,2366.6225812715993,3621.407604317259,1.2039251485854927,9.568118775788255,0.37243459056585854,98.19977260530257,171.5598432180804,26.73653829278315,11206.664140248746
Tanker,Hydrogen,11.807051635228964,21615.742799155203,3196.0597538276797,1.1500292357064676,6.073186359097519,1.0142322802283907,129.81895295489974,251.7881381011045,33.285893630415885,7908.941502350146
Bulk Carrier,HFO,16.822790780135733,9319.920891137102,11364.003167417231,4.85076615875589,5.577807876742533,1.2760658382620131,247.1452174567798,255.58593784581362,25.396352217588362,62761.855907602
Tanker,Ammonia,16.220935898728,19899.45458314013,8760.287818353225,0.8663459842600738,5.7098011523399155,0.07925257010956865,0.061623224818112554,304.0463697677242,15.475689047005396,36848.48358345283
Bulk Carrier,LNG,13.964288101776358,19186.65328405157,1609.7068018418668,3.254342377595442,6.152272297898001,1.5267931011740357,268.8940646016231,186.52506546987135,11.95171647543266,6199.937703245304
Tanker,Methanol,15.95690858159865,7578.4030543347435,11258.71261151079,2.142559084306966,14.192985157580386,1.8757882337437584,122.02875071727833,38.75318660449406,6.697472109765208,51917.64989251468
Container,Hydrogen,10.754423789369417,13773.118011271736,7030.2048066348525,1.7308594429903534,10.980448359970591,2.3901839070275983,207.4463183703045,352.5706638322159,13.327628501298998,13979.26862106572
Container,Hydrogen,16.406611381421506,25233.36451254641,4067.012166789348,3.7578629386556948,15.421270065547118,0.5078158811610243,274.1480252058815,20.461444046593886,9.105460665401022,14437.265623787105
Container,HFO,11.976717647147133,18562.157664248443,4825.959412155221,5.281673013920464,10.918003314437648,0.5217384181239468,183.90066034798053,346.4548224734534,16.076743332250455,15358.735314442336
Container,Ammonia,12.00119574344103,2993.4107573739325,8732.313673196157,4.299222186497612,11.915824655414255,0.7620770605720933,232.97444947115065,91.92896124670587,26.077344177578166,20553.652456598767
Tanker,Hydrogen,10.78397928438163,13844.35610830406,4577.644555064395,2.7252780027483916,7.029323572545423,2.226910093642264,331.17866284791154,177.29421156461132,25.761020726394374,10258.892295931348
Tanker,Ammonia,12.65614848539781,10041.372304559593,6987.063109511423,2.4798421442919687,10.946391226970793,1.0171429092321806,10.751858062117288,342.2381413477631,14.54499288091826,19988.873293036548
Container,Methanol,12.643761663424609,19607.72468843735,8554.944010116018,5.001386616940889,9.238328036836595,0.7544845326898872,125.83038102263652,243.59779444732553,20.25657111848264,28421.89629851028
Tanker,Hydrogen,13.995969128724962,18822.354297562564,2424.962467940978,3.2217783317582716,15.245788763544072,1.8529519546984399,333.6674973477648,210.80208427386117,11.503147094053974,7601.913180062619
Tanker,Methanol,11.094614551329844,1301.5449437940756,11336.473686286337,2.7818507245574544,15.273133373599713,0.09497544394410612,301.4747386935233,117.32142919804987,20.089301556020548,30181.39086783252
Container,Ammonia,11.123082897746428,18623.169773135425,4338.455980081377,3.7873136954696847,7.183484737524651,1.372036278270766,222.0580732865672,105.26617606477761,20.302456286903425,10878.46639565371
Tanker,Ammonia,14.959124288295513,22310.639965563165,5090.55960921528,1.380630612499443,11.821439503322026,1.1254749776906516,82.54906250329196,11.799959073331191,14.038905167552056,18851.409448131693
Tanker,Ammonia,10.417651451375226,23293.170939645686,8412.320977627065,0.44417163290435024,12.019933832680758,1.5621455268566395,118.99189365406156,211.0796017024753,12.78403388721769,20119.523077877406
Tanker,Methanol,16.577867087877188,2710.2973413088735,7344.542563714393,4.717601778620858,11.187885874038196,1.8277491837260311,308.86429545598526,154.83645560926624,34.38723391945046,37796.45820510105
Tanker,Hydrogen,19.383418384488564,9806.0940961862,5337.426059576233,3.3792131837770674,6.367626787946643,0.8124709638631786,251.37772462150886,80.74843090221844,21.11370533296261,28373.115509971536
Bulk Carrier,LNG,13.69475183830816,13216.933255994192,7831.930279579417,0.9903363466153717,12.19416850724948,1.5910429650581062,102.83408267796094,138.31708477938318,21.86229894731948,27476.794605229516
Container,Methanol,18.912158444657443,6213.379526052442,10843.65686010733,1.709458803104035,13.789938134166201,1.3108217574024867,47.60838064988743,338.73919492358,5.2338227110418565,57209.683277484444
Tanker,Hydrogen,10.081482502384508,13201.282263785284,9623.375038080481,5.445640967983466,8.79748637238443,0.3349195259756915,281.07732027752235,305.4240426396126,10.455223449063505,20093.901407332527
Tanker,HFO,9.47253390113209,3062.756538942178,9908.682218461807,3.525887615303739,10.66006872138573,2.2043155200241515,207.4408846993984,154.94662765877752,15.698658854600684,24490.570158691175
Container,Hydrogen,16.93505765265224,4283.301207204496,3175.060061951024,3.5350055612224613,6.279607409842057,1.8864754195771378,346.83774836688866,352.78308956479424,33.97942227556306,10897.918432779179
Bulk Carrier,HFO,17.371237302796462,20392.148122459163,5090.899856641887,0.489683781327099,15.237575826357304,2.304135335572572,146.336823766942,166.36239826770796,10.257252028611727,27000.329458161013
Container,Methanol,18.273640650623264,8614.601373644495,6690.447785683305,5.332555364917232,6.204916384895521,1.8010114786599987,125.64970695223128,125.6910761574354,14.09869133980603,36949.44032569724
Container,Methanol,9.624994462399796,21630.7695769076,625.8707480216468,4.921027603617092,7.292148173350718,0.612016401177691,104.67221146555659,139.65141943754915,34.70470981354938,1590.7916744714282
Bulk Carrier,Methanol,17.545977604525135,2395.1473124833715,9260.526946490163,3.0580251882213907,8.283263233800383,1.0763155628399734,173.47684938936194,314.8620071438587,19.43325927007688,51540.9671485702
Bulk Carrier,Methanol,13.1419260607624,17318.388538261584,3949.214750539558,1.7707001488347172,14.08369263100224,0.9671710636121724,116.1826712897825,96.39171021275331,14.552233264106794,13841.028123560607
Bulk Carrier,Methanol,12.336713959504184,12352.011244018368,3462.8933286880697,3.8694982332848955,12.707215125525904,0.0895548315803904,26.348615923334926,79.95699466465571,24.030767614604603,11731.336068656663
Bulk Carrier,Methanol,10.903263134776266,24112.170365548493,3185.574911338142,4.600221730148093,5.077158818034128,1.0263703824472168,112.36646084141351,345.79703669509263,19.889068535493315,10255.64458938238
Bulk Carrier,Methanol,19.9561733061278,23734.595825961296,3472.2132584987667,4.345055613045569,7.019177018753516,0.8639236349944577,78.7989359891025,264.33680687990176,33.72347274924374,25489.97636358235
Tanker,Methanol,9.7002994825075,11891.229631267737,4122.376502678204,5.3760558090585455,13.25166297111092,0.009809465502199632,293.53859866028114,274.96109331580845,7.495851439761357,10449.736181334938
Bulk Carrier,Hydrogen,18.097088160687996,19058.706408543716,7297.4122411062945,3.53901915280149,9.442179401008936,2.1178081477282302,84.81331192509646,266.50454358758765,28.71643761552984,33028.14253515839
Container,Methanol,16.034438790395804,7598.917195765155,7044.427330610752,1.8346173304178728,5.28834885713986,0.359686062519633,165.19376556681726,245.84665063631795,13.37259135388955,29703.5805212895
Tanker,Hydrogen,17.08588488688054,17831.798249232186,3142.9698678623167,2.7888091105700816,15.603085661520272,1.2523804184631602,242.18576725049252,32.84926832678145,29.20007992970695,14216.709311230874
Tanker,Ammonia,16.82888831913976,3356.676124478151,2556.448891221169,4.508112706933329,6.663562042346182,1.961694557835113,53.721674183680584,271.3243850001433,30.431610217485993,11865.39719616611
Bulk Carrier,Ammonia,18.442779335805007,13603.524239439692,9933.662461849146,1.532849970963038,10.615133040515104,1.5112034227495228,191.26169439694453,89.61188404893127,30.476685740701953,51207.87903509497
Bulk Carrier,HFO,11.021712768417192,6299.102764605165,1203.4077183487618,1.3496045766975537,7.731477074093277,0.42337806345662726,304.9873025898956,47.665895115098955,31.00087096665266,3528.1628944202153
Tanker,Hydrogen,9.009070785181539,26618.05428065416,6202.591810291037,4.014106733762942,13.112162522478956,1.545527814162779,210.26907063579284,353.8810770536914,26.54382520349272,13325.240932297893
Tanker,LNG,15.583813379475927,13902.123721038122,6294.674402852385,2.4999081031832184,13.543987089520169,1.8939922361218402,173.65911802891148,10.030962027216649,9.272124401445808,27086.158604672026
Container,HFO,12.892445032556672,18132.43871048851,6932.228001058297,4.5094801340245025,9.369424438773823,2.136911290360449,301.9964020939844,11.388993686466655,6.557077804963307,24026.45490284174
Bulk Carrier,Hydrogen,10.361660642288514,11451.073949570302,10639.236379294915,0.8758913652585402,12.242945836049351,0.796634399343828,341.01069385639414,111.56851167915002,15.222957313425734,21421.45348983145
Tanker,HFO,11.047526295146628,9373.490021954283,7524.575887127735,1.9127609010067965,14.99980943001134,0.08480350134004833,295.5547437852421,303.9127427615221,19.852095758332325,21757.964100313056
Tanker,Ammonia,12.649242437051452,6884.673708784474,11686.241818351478,1.5477394955865467,13.96290030341867,1.5198705161072676,147.02740149627164,352.05988367940273,14.078627022186579,33887.40303016825
Bulk Carrier,Hydrogen,9.772567079753735,27444.27589734357,10469.101691849857,3.8684879995578774,9.563874894094061,0.5644212753597666,220.20951192094563,42.669980237688776,27.26620801776788,22724.50080562663
Tanker,Ammonia,9.626045223412959,24184.507690381626,2655.4090878978172,4.200377751963907,9.856236592863016,1.9522376848614786,189.59101021083052,142.35834018490166,26.67330433303774,6489.765181613266
Container,Hydrogen,19.076288803156885,4864.573188499895,2970.081391681084,2.5624145577874042,14.755661014297226,1.699704273415311,109.19110416628239,264.3486582671171,34.15773503341234,13169.190697669192
Container,Ammonia,12.433130242890659,22655.02141246215,4202.81221739053,2.6813586325542524,5.3781008046897725,1.9329671366898193,156.71524642530892,232.39016920753915,17.017192714982286,11515.423592960486
Container,HFO,19.804537672209435,13137.392534062943,4759.021539453563,0.8129721670612992,5.25092729545209,2.418828000803504,298.53604059988976,84.01560440971136,28.5718298242929,30068.521658382226
Bulk Carrier,Ammonia,19.6080370916344,1446.5029938565258,6680.641931661577,3.8898717065904838,7.263748757215243,1.461368487871353,108.17274343213069,118.51413842768979,27.235999122209204,35515.07086194119
Container,HFO,10.568284105598252,16322.652290910439,2866.900331466432,5.458515221435936,14.10383809153878,2.2607838760252745,320.2405405616207,213.9748746695662,34.662485517268806,8168.396233475009
Container,LNG,16.8641673318581,4771.346762461117,2745.9076552538113,4.300777940491771,6.6853450637892085,1.604733456185111,356.91455491493235,12.746360561163655,28.208457536280946,12210.645231928063
Tanker,HFO,15.608853780397762,7088.095079714246,4638.540492680147,1.3048065452131918,8.13807213443188,0.4543608654967102,110.43622646477633,272.96243184774534,13.507235921061865,20881.691728862486
Bulk Carrier,Methanol,16.59711780415669,21185.187881298698,8097.075047231749,3.4648627938088725,11.919755591541932,1.998270448772397,44.185699665421694,99.14577093896867,5.458171973832018,40718.475851580806
Tanker,Hydrogen,10.058101000159223,8457.119077094687,8288.694795844642,1.6927667775869661,7.026670910675188,1.734246560534288,344.5827655879247,298.2046263561735,34.04498463436333,17184.2384552471
Bulk Carrier,LNG,11.074160864980138,26864.75785341268,11715.789206479447,0.26295338574792804,8.334279753679308,2.44484944418729,61.5834574833815,246.12078305548332,26.48207131534241,34662.59890495812
Bulk Carrier,Ammonia,9.843025275959697,20057.922994300927,2508.743663669587,1.0710434205415014,10.136039998355114,0.6085799723518601,277.72697121702384,232.34922751198027,29.37819883807545,5548.365186006083
Container,Hydrogen,15.645476257387783,25136.221062413464,4775.023907098071,0.6540052902247434,7.50920212144732,0.8328137907098312,14.08085231335265,276.250003539888,28.79732463286257,15300.837207363413
Bulk Carrier,Hydrogen,19.852501834340003,18840.496611575338,11579.66222547482,1.1580357892682487,15.916550523757264,2.05372756650593,84.8034354492555,27.04842778203801,27.072832699795075,59907.15184454124
Tanker,Ammonia,16.391829914237356,26196.63813963846,8311.10403772007,4.396263875824618,6.797906190533946,0.15722399508395102,93.65591197078726,93.58946347712069,27.54423405752526,37365.62174600386
Tanker,Methanol,16.818376885241225,11488.855575642356,7148.114445382028,1.6812935237643316,14.349308154122784,1.5829994115373518,107.00461153918626,187.8254883506618,32.88374554321606,37809.60254485201
Container,LNG,19.83043545697609,16925.076729681812,6521.788011676028,4.188015735103604,10.17109814648591,1.3386901318321878,330.9493537343408,279.77628011503845,32.423338457854214,40950.371140685806
Tanker,Ammonia,16.458127095889758,15960.821612885673,998.573523621453,5.223857796150963,6.420360476922073,0.4220546806688921,63.11149531556826,305.6600709569568,16.37680237519949,4600.243248066379
Bulk Carrier,Methanol,9.441997298913174,27209.930534261144,10731.148324909333,3.2010748213659834,6.303347728788387,0.4128042731506079,62.51002707189929,137.5573157047526,5.9288457089854365,27967.766417388477
Tanker,Hydrogen,18.537061609422572,5782.546849649792,7543.512063439781,2.721208286854295,10.503256616559408,2.0254940531349486,249.00297721564453,285.7131543990372,6.160447804882001,35827.16868623449
Container,LNG,13.01146119416676,17763.762132414082,6902.842154343605,4.150686748187424,8.888721886161314,0.038612888594186934,342.834158519927,79.29867964925359,18.399150935704064,22179.642250760324
Tanker,LNG,9.04799983666187,22878.50463258243,6520.054085529927,0.6242867554226861,7.5806252902429305,1.8671036007748552,140.1423690353595,29.676687542667686,30.04938589701222,15555.708227177834
Bulk Carrier,HFO,14.579575953169027,11731.44305547615,4763.77906712123,2.41234527241838,15.548330508823238,1.8316680675112174,278.32631621463815,88.77003302419459,30.428336798465654,20890.07727932517
Bulk Carrier,LNG,19.3071650096389,26159.864213863315,3130.509827194624,2.7936528126331277,10.0971771469651,1.624199940921636,11.172921302012568,325.1333384725917,17.13168743689773,19956.55324183457
Container,HFO,11.830637559144815,11817.428245254288,9088.331625480363,4.587677076151239,15.216920795095604,1.0237941577031653,296.6629387705447,195.853111411879,14.048348760439017,27020.296564678843
Bulk Carrier,Hydrogen,14.406644903581238,6025.954036981567,6163.8534613637785,4.496775365249016,6.803996986713007,0.07080170881051756,260.4228844040709,173.2856796342028,20.198043332946376,19292.26658978037
Bulk Carrier,HFO,10.911545765606299,17937.40230674592,503.8804342417217,4.680632943189899,7.0181267395301346,2.004441670732543,322.7816346679665,267.6004883799334,29.976296206098127,1591.4546886507708
Container,Hydrogen,9.63461938833084,13196.472291082062,4849.2245472887425,3.8685138104855903,11.556304600366968,0.31426800951610323,229.48354207378893,3.6334553382203083,24.09488359031504,8159.759041486475
Bulk Carrier,Ammonia,9.885994413844244,1440.5130357781318,11150.383294851707,2.9650013587981237,7.968632068785048,0.7019687103992642,338.8811918977676,42.58912273098141,9.194174409786044,21634.878229420847
Tanker,Hydrogen,16.99711996557491,3025.319182311593,4549.345282336268,4.570548335254264,7.034316411723864,2.366957316978008,140.34866741810774,35.856981274093826,15.867018309756734,18341.33503327194
Tanker,Methanol,18.50481917816364,6663.03822599111,5017.472794314327,4.815725042378456,6.041539239546422,0.754652566290428,263.71132009946984,43.800159986964886,21.662777455746138,31570.726095422757
Tanker,HFO,10.576287231777401,23310.568826026418,7525.137364354923,2.6946168003575943,5.838977373378802,0.6378478759873041,261.2031149559386,163.2421312915725,21.14787293861516,22463.751914670465
Bulk Carrier,Ammonia,12.171504245915155,26869.1459649787,9639.930165409,5.422574302599367,13.28485223954769,2.433426388446011,96.69882984657661,101.0458492433115,29.919020602661224,29955.93517279719
Bulk Carrier,HFO,11.1453241440931,16823.585346412452,8054.687300686075,4.824017874887565,8.103794610067983,0.2148305052391722,331.4086340742499,282.8610028054549,32.965152915219704,25549.237585120016
Bulk Carrier,Hydrogen,9.295413546190707,4061.3984129095807,10215.651300363063,2.8565361932756033,15.762610686383983,0.40172596979336866,280.5036448336592,302.0540823926625,8.013892825257674,17510.490583028306
Bulk Carrier,Hydrogen,15.08774506875682,16498.149615013535,1456.2499857843097,0.47415301487437445,7.014332402270373,1.095793787204463,311.88664206884283,332.9781649968004,11.732227710376648,4589.832342382902
Bulk Carrier,HFO,16.699143871514124,25812.558357311405,11102.65138449192,1.31225707470824,8.898913150262327,1.9691828196038768,130.53276028744816,70.58246371221576,16.764707319182648,57542.144463333636
Container,Hydrogen,16.126652289735773,22734.8512445551,10856.670995695493,4.292552328631938,9.123994814305668,2.210897347358191,302.85172205840684,181.02660638083586,13.891942443530835,39987.6246233429
Container,HFO,13.268589020324724,9441.846747223874,6277.868180368495,0.7002329877928977,10.501680720105128,1.8890893067069148,113.3915258267043,17.531214891303215,17.248714848753284,20435.108947417826
Bulk Carrier,LNG,15.105112705338959,4592.8276693623775,7534.432629667693,2.6369203581240215,14.576994558773988,2.4404375790071344,347.18437800016153,86.3669250483144,6.221636858456959,30089.635450916867
Tanker,Ammonia,10.035092372998472,27119.769293105048,2632.4752973966806,3.3662018373655287,14.18247230960606,0.04211535651739651,8.62096909169285,221.42785338927942,6.98039810488445,6155.978412197845
Container,Ammonia,10.69734090594953,25768.57365233412,5430.574511978528,4.843072873200782,5.109519639501748,1.548766387478599,222.90751704686377,152.0612335144271,30.150844338112233,13475.209271409289
Container,LNG,19.249740815082816,2557.7455892115477,2512.169994945767,4.674414859624791,9.501805736540888,0.2908655047123346,40.406224084792,248.65172897032406,8.07745352335661,14416.252795538163
Tanker,Ammonia,17.376585226018864,24886.560204912363,361.5224793981322,4.227100773722557,14.107304041446401,2.2759068515121754,258.743942398016,302.12185699946644,29.722253359842483,1855.0273135292061
Tanker,Ammonia,19.15013005407684,3819.166495763245,11772.746510711924,2.301548910100475,5.002175886093812,2.3382680183984808,130.9277893226537,21.432639198342052,14.195360054091053,62965.18561406068
Container,Hydrogen,19.08348312949304,2835.225368659074,3183.8435369514405,0.8681459734484042,10.870035294400683,0.757570544259494,313.43061363411493,337.90066860314124,14.276701096665674,12442.777434526064
Container,HFO,16.143318788185148,22999.426017241523,7157.98887588424,3.7161062716123787,7.854231834665221,2.069271337957496,314.17290392592935,15.265198319866853,8.022410843804213,33451.61827676539
Container,LNG,19.21062512923382,16553.008035823783,3672.9795641005703,1.0789585614377524,9.540454041663107,1.5756889384682453,132.51235446139492,353.4007401199737,5.397901444504961,19687.429622779495
Tanker,Hydrogen,13.583745133907096,13021.892698619247,4510.397280504175,3.1310982104065257,9.623351698666887,0.2512219612126454,291.59343970615004,229.54742103316303,15.658658253361557,13219.693461240007
Container,Ammonia,9.03977869263435,27212.003683304636,4833.36254712907,5.39566218530206,9.30929884789266,1.5069203983211104,245.20927577740972,15.58800694342036,30.060707188819496,10452.031227078796
Tanker,Ammonia,9.688282274307753,25339.80358996486,4087.0561027646168,3.0716727893592832,14.811451344323894,2.4401425983941714,153.56409431533646,141.70637454324532,32.59866393614186,10107.321238813785
Tanker,Methanol,10.204360582708967,2671.0806748646414,7685.057136145236,3.586007083206417,10.901099698664881,0.7702351225143078,123.56511982336886,92.95504459826462,6.847566683909887,18568.56536800717
Tanker,LNG,10.048887985011463,18866.530016294,11535.141618814412,3.758907548347339,14.941213962107831,0.002851940365005967,75.70977532891949,287.486045142176,5.9272419141682615,30321.722079544026
Bulk Carrier,Ammonia,12.868726299352897,23395.75469301629,5200.752335074173,4.584097131447726,12.994166480534862,2.4419791930079477,22.75504302834328,81.16386094497437,9.764018603910003,15977.727580987888
Tanker,LNG,16.713978878202933,16964.226813473608,11682.588016245754,2.4488956617780637,8.862320780714063,1.0349585436262578,186.24937269692293,297.43650484311337,27.988694260570874,58289.204515683865
Bulk Carrier,LNG,17.697136872605444,29507.15947320946,8046.787124402919,2.786553465683488,10.429200497038504,1.0773319196084572,194.41459334718368,112.4429041571204,11.146482980704242,43850.84276484911
Bulk Carrier,Ammonia,15.492346017790872,20895.3776347789,7324.920720750008,1.0502488751927859,9.288443920258208,1.7815302927343462,159.84671704572298,356.0917216458858,11.924311231833979,28767.98741380657
Bulk Carrier,Methanol,10.610797920126775,4020.147368213734,2921.535836407184,3.419271393782511,14.114317060203538,1.5109634678610606,342.21498469683775,97.34727855074152,31.66828093673868,7620.209152499742
Bulk Carrier,LNG,17.22691762362993,6750.64234799865,848.7564002026317,1.6970932341517018,7.063575931680601,0.7549665307799724,4.928442214740216,246.58588916108292,31.24847116275604,4174.307452476134
Tanker,HFO,12.902821110513589,24961.123014784396,10238.023766472763,2.841173643998978,15.300535104877067,0.24994469663991825,306.10978559157184,288.06975244974564,25.10867658260506,40503.75000319493
Tanker,Methanol,9.142926835389758,29905.9435211847,6930.374660936801,4.239408844953448,11.384669436771077,2.0684062998679895,288.29572093190774,77.92538936807465,9.920413414444369,19404.534438307444
Container,Ammonia,12.086474825860243,3851.8387392993013,5031.524962856094,0.19487748528272766,11.729337493648924,1.2084429408660062,273.15086193144685,27.27206819538283,16.434475689547156,11712.73490284702
Tanker,Methanol,12.636606095550757,3909.5502175064034,9762.411132852953,3.145143843555615,10.684815402771683,1.681185734116803,188.96951245703178,198.4490933649772,12.085322184773156,32312.34503311139
Container,Hydrogen,12.016700887399132,23138.22457015522,3795.906552670094,1.0366030934777246,11.099461247494094,2.1512617502978637,68.5279361548658,243.74846269456208,25.15536745529386,9269.490342611558
Bulk Carrier,LNG,17.93057168506344,2866.2741697796473,9425.045345977398,1.60867003483281,12.344429580651099,0.04430594821305589,310.6365727584377,294.2194262109611,28.397931625418835,49437.911770731254
Bulk Carrier,Hydrogen,17.359190373534993,2988.2433658805767,4002.769641328984,0.2874517124697888,12.205387806109457,2.1484631923567283,268.0540756427886,98.19502063728689,9.264011660526668,15983.77212506397
Container,Hydrogen,16.651072334539055,26775.678007280214,11058.486118209546,1.0150989050038721,7.355617977569606,1.87948814939192,299.8156371769748,314.02292124883866,31.938674987210565,42198.09732062153
Bulk Carrier,Hydrogen,10.529055863634918,24213.044557235076,3288.8058060359504,5.42779872375062,11.406841769603815,2.3670543749661594,84.8835263783291,329.67599360592305,18.8847772155151,7835.528928156418
Container,Hydrogen,17.886173006769102,26565.332796067087,1736.8939991373966,5.492022910476284,8.900890847572867,0.5839770131719593,199.574997517417,280.50731204321363,28.850175634848448,7603.757797286492
Bulk Carrier,Methanol,16.448935578296563,19864.888661849855,8407.350829358002,3.987178767404097,12.007333363831666,0.8060558429947937,149.74532602382158,2.734865925443275,6.54912825625887,40857.41078757749
Container,LNG,11.14321455129531,10353.556236226896,2037.8823114707723,3.4040270157644454,11.026180382947107,1.653696856531299,230.281716685762,31.39790325140784,15.817435610583129,5098.19913400129
Tanker,Hydrogen,16.12903323309668,27283.082519650943,11397.420298438929,4.295837546736031,6.976479270837419,2.314482471653083,270.93876967294915,359.1854473735869,5.443428430919756,46768.35671087584
Tanker,Ammonia,14.318628051040491,9662.982224258521,7901.105837427505,4.941393069799873,13.082073092929397,2.4816734036234767,62.53753264019537,264.22152995346585,26.554541943069484,29126.0724525625
Bulk Carrier,Ammonia,13.832850680418476,8989.81434419063,2847.241869285859,2.9042473216532043,10.027147922274393,1.0418441264642024,62.653763561382505,225.64498928201948,7.383529106935556,8979.9279839899
Tanker,LNG,10.233354798196277,26705.612156590367,2584.945317996602,0.29053359685558655,11.065857075147507,1.3480741893018597,15.698475337958357,324.49032291965415,15.148573730793336,6656.2172661575705
Bulk Carrier,Hydrogen,14.70134703429682,20743.85518230303,11094.112965533017,3.9307374311322847,12.399071514172942,0.42637751903432886,56.58661379920774,14.270927486893088,28.4524604191642,37786.40585466634
Bulk Carrier,HFO,10.099249898696,26974.49045656804,7333.509162913701,5.416853511191081,12.181589513088507,1.7349384180964957,86.46236266668078,272.6560304683382,27.46899435298742,23663.76838278286
Container,Methanol,10.806787259796932,5521.1373883651995,10735.45847940176,1.4934859622485912,13.23821702099049,2.093426057232286,26.10668847580441,235.68392517094819,24.20868861118528,26856.991302733673
Bulk Carrier,Methanol,10.45800945702239,28616.60713520331,1411.67993766532,2.6027140534899402,7.2742690150742915,1.99662328111105,128.04874376584323,305.3594993201723,25.820619165241666,4293.950115937737
Bulk Carrier,LNG,19.495191069770083,18769.522544309486,11112.167127392197,2.0508817656769183,6.214303571110927,0.8646076118902581,243.0598662884033,280.0455241076481,24.53693975310718,69167.96938890454
Tanker,Ammonia,12.13351159488279,20373.0162787094,6288.586812729651,2.2085244688412624,12.360975321417788,2.408160039284849,285.5063259878941,174.57510805780797,24.23827877020491,18439.80410068272
Bulk Carrier,Ammonia,12.907247559556085,27507.756829467096,8054.220804343071,3.9955599669269275,7.595834413322503,0.3008664675950784,124.49385462898809,25.548643042311422,15.48963920124199,24397.779537746024
Bulk Carrier,HFO,12.542886669256397,12041.836266144232,4537.21811134124,2.1433837046826705,6.260653554048093,1.2349250377403995,30.176963266425993,327.3845545702715,5.844971122305668,15180.205702753783
Bulk Carrier,LNG,18.88075489695958,21867.67484618,803.7698318693317,5.181854277477124,6.443612420903488,1.3864928254827633,273.374037417027,274.86080852693055,18.2547754944734,4728.129845897132
Bulk Carrier,LNG,15.192625024683775,19569.878012610036,11499.872051967766,4.364155650323226,8.440801362894655,1.3412846426341365,140.82612781306722,128.30258330819527,6.363789547710342,48907.30188521932
Tanker,Ammonia,19.11075888826643,23844.828847112847,11935.720116390936,0.24929393547355366,15.909657528541697,1.8947269491973602,90.5139342194662,354.2141690044251,19.066021853709255,64725.16882234544
Container,Methanol,12.299173964106851,27011.340963165912,4438.107500249272,4.520163962982114,6.729863593557935,1.5240180811931292,169.44875116104515,111.99895927293531,18.9223693018927,14758.250404839
Bulk Carrier,Hydrogen,10.263181418751438,20721.764807472744,11332.028364048558,4.2734300811687564,8.283902185283146,0.19282358323543664,349.15113938667605,133.40182041399814,10.361646117914578,25624.476561724667
Tanker,Ammonia,15.118402979965921,2961.5470805888663,2095.942862442614,2.889066133258661,15.128075670703572,0.4496291335918656,134.15034119326296,350.8832515975014,28.52784891107558,8078.211519122729
Tanker,Hydrogen,12.800906909690193,6311.070029643626,1940.7449509370488,2.7828139424306335,15.596388694548828,1.330597551637759,345.4031067792149,240.51998774143235,26.126280257312935,5385.255868660842
Container,HFO,17.82097516839823,28665.367285745437,970.0308961091406,4.611845278721548,7.517276972666698,1.736369002658547,91.14089748472546,316.51016624502415,21.786186221028327,5542.82114575469
Container,HFO,18.673657498028245,29090.86372793956,4756.105950251394,2.393840561480389,14.684979667557233,1.2854363305264456,37.996113606804045,319.59149282460106,32.77725740365062,30342.670451072703
Container,LNG,14.19830861997779,29054.986097252513,722.3967771610302,0.9610966537838117,6.52809738975315,0.8887694586011619,56.584369080861265,193.1214009311433,13.615613396306326,2608.6859215575114
Bulk Carrier,LNG,19.68494926494059,2067.1826116034213,4796.420556393471,1.7896536973847765,13.376900524305672,0.12783640436466126,278.56142634318263,96.10805504835213,12.860966643949805,27148.606694888513
Container,Hydrogen,15.083143069788465,12090.99687053313,1746.8461009310518,1.5320929781304427,5.1430897671210865,1.9647022483377778,193.5407219216016,305.0805098179806,10.503074466571668,5233.4810377976955
Container,HFO,11.980124327249438,23030.508415651886,8793.280767318192,3.777718760117832,9.472815921650561,1.2429855997452215,209.49201013790176,180.67952415048288,21.333193633450996,29178.414665242246
Bulk Carrier,LNG,14.37873066878702,22833.688306077096,10017.015527103256,1.0659160902205644,7.72068727389127,1.3469728263677316,348.3750228667876,203.16637322395803,11.160715480957414,37677.48961630837
Tanker,LNG,9.410413216432204,3491.358243548797,8285.003590775828,3.581771156737158,12.744088155750351,1.1723953506697904,181.7414533868273,194.8924668178401,31.066867352048543,18821.11409933456
Tanker,HFO,17.844012762893744,18675.17772559605,2485.880413990255,2.6162215152243142,5.1766174449070315,0.6633635393643667,42.12752002002217,3.451701747389424,14.129293114514118,14949.990831469504
Bulk Carrier,HFO,10.115785559398631,5143.2189376848655,9225.493495604673,4.634169018823622,10.113918766566863,0.6909336618601203,258.6654843695971,16.512877768997907,19.727930307081813,23385.147705325093
Tanker,HFO,12.396233373533054,15303.070653166007,3069.0523446959724,2.7189932133743273,12.664019272194288,0.1587519681249766,74.82649106507148,221.8983573327371,20.88532294790487,10786.327709124067
Container,Methanol,15.218482017054377,7950.885324392524,9137.914303925476,5.1209412466746675,5.513753605752012,1.768997540504832,209.3536853288707,285.99744912992105,14.229396423064953,36902.57573139416
Bulk Carrier,Methanol,9.472726382115887,2541.6739803071023,6852.031141267052,4.962533290582174,14.871402003429695,0.6796821828338049,307.57635556631817,164.53389029541253,27.152588632090644,16253.403159116362
Container,Methanol,9.87248589099593,3320.5633402716776,4463.878943865396,1.1005529271617234,8.973171481360938,0.7464033704356943,171.74918715573529,68.54698716583405,25.762188087012696,9260.595247176208
Tanker,Methanol,16.65727993374314,27415.895542167338,1093.5592983910865,3.8052983027001717,6.817924154664668,2.4837503025071004,113.14263632457413,146.38874623229273,27.824330846637338,6302.474833785703
Bulk Carrier,Hydrogen,9.789548023668456,22594.73296184449,9947.363166703606,1.2589736452521865,7.480109456335069,0.964531389560497,207.1967713945356,276.59647862402176,23.17761409372982,19184.31410667914
Bulk Carrier,Ammonia,14.247911528721142,28022.895471415562,11281.869757498882,4.545843253644471,8.727965216585096,1.2767430193850222,45.70246486156105,39.10369940808678,18.80546876779633,40617.86280172875
Tanker,Methanol,12.725651967628254,14629.708037673028,8024.421582007586,3.5329050344974737,7.182126120045213,0.966182751902954,110.72306025999315,201.67159917180265,18.467512896275487,28204.44385516671
Bulk Carrier,Hydrogen,11.508873487520582,12985.482469631324,11578.044643651921,1.6882355491209162,10.616366293067232,0.7254777831109385,181.49140326973563,252.79660670440668,26.496036848553967,26332.46477763357
Tanker,Hydrogen,11.07656787650032,11393.811482560772,11215.925886611594,1.445267593270935,11.962249101492915,0.01462684561691352,91.49441890364609,149.6998590221798,16.31105723166548,24562.096417856737
Tanker,Hydrogen,17.397524231058373,18872.90578551061,2415.839969564668,2.419719337245322,9.767731197716572,2.1372158694381374,14.132923748038596,216.4543630927561,18.11779343336558,10727.600673282925
Container,HFO,19.46696412465311,11195.222222168675,8801.42694831874,4.423904045890107,9.697353648846345,1.182884188600154,210.65075259186906,318.0517004954378,9.910133576661032,52339.621366149586
Tanker,Ammonia,10.541977164236648,22641.92378547818,4256.727351308565,4.3992726888130385,13.598694713055728,1.7997257592735425,144.44905133206154,76.61276341462954,25.388913689641402,11174.886080082766
Tanker,HFO,19.556493410915397,24238.202460260003,5901.45659073095,0.2802316179966515,8.311183842536735,2.3966417290739264,140.6196933965387,48.62993635948422,7.307742477043796,39250.95168051019
Bulk Carrier,Methanol,15.54238753822614,26399.49320945205,1967.8886306712645,1.7323509635428607,11.850457172979663,0.007078349884343249,358.852606523271,21.905388425210415,34.71536482641446,9428.554702258001
Container,Hydrogen,16.05826445899583,8041.22697711304,11699.875193886064,2.3833952027364753,14.822137435478197,1.6875990171106428,40.24225147930559,261.43670643096664,9.31212731508847,37966.28314196211
Bulk Carrier,Methanol,16.809190159568402,16283.639429478886,8741.03485860926,3.2621428725989134,7.436658016056134,0.2966017600848467,55.50322961023553,324.1910996785967,16.48935188355279,44665.33374138334
Bulk Carrier,LNG,16.74530779390039,7479.8938851653265,3276.2088846085207,0.9074458475993749,11.818908030269029,1.144912644206304,315.4542542944044,248.54170547054656,12.13341898694844,14443.738335316964
Bulk Carrier,Ammonia,18.01792219004257,2089.118879189893,4520.513112999599,1.9105283108561941,15.427689580602626,2.1169552022286227,46.89419725945723,351.52303288941596,13.719743779515246,21568.70755236193
Tanker,HFO,14.318155164824672,21526.933820925293,5127.546829262535,4.882223911066977,10.827747804509999,0.17873962246117064,330.3442195492022,254.91986500604523,14.673597479121938,22644.407510465022
Container,LNG,14.866944462661712,16920.456944118614,8995.651317311698,2.6733565724337076,15.745874960668433,2.4740337121965856,241.90591006231517,103.85811712525012,26.55009917163137,34517.886742772804
Container,Ammonia,12.562097027097575,21993.891107039428,11115.797474558056,4.118373420634573,8.41050648603276,1.4520895702959078,190.13864577259068,92.01217639194827,10.302478194633466,30968.369140249037
Bulk Carrier,Hydrogen,10.157833531614287,3541.064430789576,3925.1375825164023,2.717803935080236,11.20723281932818,0.9874836472928881,100.22424535060966,240.00097216281,12.915696265380198,7209.353699331223
Bulk Carrier,HFO,16.31104210018841,29870.25919279632,5722.751050536993,2.6109059125625036,8.421393263210481,0.048775663338510855,129.41045354568192,243.2922037825886,8.036182708113325,28850.79124997223
Tanker,Hydrogen,9.369709661048761,29836.108441463926,7159.170116732944,3.4583978354509224,5.0409136757414075,1.4670576954034629,297.3436451688348,188.5724393835742,14.943799961422302,14705.96231103904
Container,Ammonia,12.03198556191705,14484.99493960187,4780.793509563756,1.5005683658239348,15.970389104902242,1.2372261600187633,20.701637370695067,189.6800695347565,33.23725230081566,11772.875683503878
Container,HFO,10.036528508907104,26115.702740331246,6099.757748051654,1.44893133625375,7.640660748410042,0.5382925054312221,276.6774985222515,149.99091578044775,16.403269480500118,15290.662102696091
Tanker,Methanol,11.097998730549898,8063.488118361148,1357.9207853392138,5.442510816414688,15.704121837604047,1.2261188339687519,298.0154467285469,125.97157054857843,28.32014912139598,4313.524184328109
Tanker,Methanol,16.02604004187119,22389.418675475612,2095.3252138699763,4.7925568503238,12.183361093118396,0.03197316005746603,254.14808719811532,228.25890421394416,18.851118140002825,11387.695284134938
Container,HFO,15.9132429322541,26497.549847593407,4873.104960919724,4.083876440828081,14.9432696984343,2.498694035071985,19.621679306463644,269.10622657502745,18.487990529360946,23685.848973132724
Bulk Carrier,LNG,13.631604042952834,24625.321716342576,10987.774240069575,0.8405805108998796,15.639230217589963,0.8302861029140712,267.35577133128265,292.82606409829947,29.71912832010244,38998.66733803448
Tanker,HFO,9.991891741384404,24541.448268993565,4257.36074436114,0.26321344039774,11.246121269761812,1.2005553701529745,260.3390036782179,110.82125514214644,5.8045836072132335,11821.295347693405
Container,HFO,13.767113081053491,14427.772330577087,3072.534422399662,1.0472275226643022,15.99660478731384,1.9619454201260167,4.713795371851801,308.7843250626113,30.9465949762844,10938.789594160391
Container,Methanol,12.880193590441227,24779.70848558441,8940.060428106382,5.163747208340608,13.44062900202907,1.7819458589835435,321.22201150364117,108.98719594352644,19.55625354800558,31527.842673961986
Tanker,Methanol,16.92505068141545,21030.439577617715,11394.64897631165,4.507964759344534,10.761960117029307,2.2213976017552524,47.59049711761893,109.75615760990038,15.533815555521775,63880.92182593684
Bulk Carrier,LNG,15.36929269018957,4841.090546181927,5563.571043056214,2.924610467438313,12.204376126099746,2.3533143421663776,345.88158192793725,290.16082642452596,32.20504852876702,23332.576467214018
Bulk Carrier,LNG,14.40722344070699,4311.347717871084,202.39897124947893,5.331415193389237,7.136984930592592,0.47294457741591606,25.477409193908358,348.9751564424552,15.195780553206063,765.0687573458171
Tanker,HFO,14.356802905354947,23385.741942104556,8288.977044559855,0.8915433556724255,5.121358835843849,0.9759996155644366,85.69779438814257,335.60125018678025,34.33092065258589,35963.52386810422
Container,Hydrogen,19.62926575986461,19138.45857441479,5039.2235392321245,3.1194123760325994,7.824682823678563,1.7170424799059782,248.48718887507496,39.988559761418195,33.09069497848864,24298.023007079428
Bulk Carrier,LNG,17.319236438737956,16061.907398549945,8116.381885732961,1.089399482553033,9.784679478918976,0.11256068857603663,49.406873211680214,103.85158116863654,13.03769636650226,40224.275388462964
Tanker,Ammonia,14.466775165061406,27310.59193461602,3404.826538367522,1.754714465943252,7.508578455479294,1.7923622654482445,66.58832051312439,273.5627493100118,15.218081594710446,12638.027802080509
Container,Methanol,14.271448741778753,20128.12034926534,128.65691142185275,5.176729102401418,10.654394877848178,0.012208600003119352,4.02179171654081,290.2476945033276,29.365026380511544,515.8339506547173
Tanker,Ammonia,9.291270114354598,12488.255607560704,4199.505003072685,4.788703989362891,12.237385564471332,2.2852211906688344,297.53282728918225,181.53595045699836,10.868302467941792,8460.143881542333
Container,Hydrogen,19.367601896517876,13004.02243710933,8487.028877094004,0.6497134424051649,12.213732340100414,1.7954236243540072,13.542228262517234,5.7970000945850675,26.958546922145672,39185.47793821397
Container,LNG,12.510913689440626,18552.086463709962,4778.048067809352,1.447536550029068,14.831408735864413,1.4137479311624568,227.72628566189832,180.66512639430243,8.874534410255698,13581.759628714894
Tanker,Hydrogen,11.815329900688182,23047.983255904102,2708.172261873389,3.3103403357430734,15.629510061315308,1.0722524307530628,209.63063816240918,11.212892304897482,11.16816580237898,7282.708748927499
Bulk Carrier,LNG,19.993498179264385,17366.2459015246,5621.681683195809,0.43130505164045174,14.797645146958773,2.4700619213660286,184.04649379936558,101.30236012603729,20.01517428766003,35406.23950279942
Bulk Carrier,HFO,16.905586386549768,15754.06558435621,9052.947427250787,3.070457095697762,11.821924552816188,1.8412793333986803,135.05678094046493,236.46961813121354,27.37645180449269,49132.66271248079
Bulk Carrier,LNG,9.521001506292167,22080.120376971274,1521.2537328284416,3.2562537532876576,7.263405700502419,2.0182323937847304,107.84252320394751,48.45686387696774,27.18285930653547,3694.4691864461292
Tanker,LNG,9.68074024728134,21452.671947304054,8331.849200395109,1.6712227791844816,15.377962750869195,2.0634624755869937,344.5011089139991,256.4962357375496,23.267668167402356,22322.827926876693
Container,HFO,9.280517203562177,25080.05837779327,8041.393883266973,1.6828640926756664,6.923464342440372,0.05468733321950414,282.7289791433482,223.6990450904327,13.163380216877176,19203.73381897142
Tanker,HFO,15.59580789464156,2814.0018020415378,4511.780768252349,1.3370280513583823,6.6657012076151165,0.13671096265564953,332.18373551972337,154.68991869466967,17.461335924302585,20574.07515311574
Bulk Carrier,Ammonia,9.78720950068147,22893.611830377387,11647.000677415985,5.152652399058631,8.493262606959785,0.49591246430029157,264.20326299341014,133.97581863984036,12.38642799752481,28028.21534857298
Container,Methanol,19.26727192529424,15899.05307759901,10746.993063816182,2.1999041597750186,11.309661174721171,1.6380439902176627,298.44321162768637,329.2799040615004,13.310522751223905,62764.83870586945
Bulk Carrier,Methanol,19.305971940249457,3166.100480961404,3862.3216215446314,3.2604529408150085,12.496198951843846,1.5598729904985345,347.10315187281907,199.14143828733768,14.696720620956985,24660.27112633302
Bulk Carrier,Ammonia,15.006594734228877,20691.290816916073,469.9840113867327,1.7285027009689786,5.146219450801996,0.812908887008942,163.31204038077843,320.0038355073515,22.96543133100567,1708.7226110082563
Container,LNG,15.78302824535546,21779.66562605634,3768.827200266412,3.8943856238404835,13.558244988917252,2.43249690793615,326.4826584316373,148.47921122869474,11.227846656534975,16405.941795344213
Bulk Carrier,Methanol,12.210838416777747,16185.18791679585,2536.191116238415,0.6477828637166697,6.925215039959664,0.23276660532031201,15.506698568397631,214.07046493240384,6.277085575522927,7624.289098125808
Bulk Carrier,Ammonia,9.703697966491006,24020.17035184312,6612.297777166354,0.48686433271118545,8.261333366643232,1.9418003069289407,38.83396868853148,343.659132658868,25.77363955397488,14354.97964869343
Container,Hydrogen,17.11206489710997,9707.195150249743,11033.05861206764,4.119132307142186,8.542953983752167,1.2021927992131087,176.53476065232755,44.67095894081079,5.654192018174609,41010.271369187256
Container,LNG,10.119645876239192,6855.309337411647,10457.016369446506,4.02400697490289,8.656905987886168,1.0470854999313204,163.43037019008082,94.60103965722854,34.123544535772055,23109.574739171247
Tanker,LNG,9.941134051202324,11171.284600555076,3739.366952411438,1.5310072151595762,13.364043624304184,0.06391248298724617,157.75670881411887,330.0098195365002,15.508565307400119,8881.579593850834
Bulk Carrier,HFO,12.42345420124646,12891.464885583347,5200.31064931208,2.017252248713317,5.450387984223975,1.8194991040505524,193.38899463913964,151.9215883960816,5.197441169575479,17025.573653921543
Container,HFO,9.137122258216703,21182.074469662897,534.8521690468409,5.26920670719724,7.161696002315515,1.928938776917436,193.8142054220344,97.93273980933228,31.537559342435618,1294.5454752593012
Tanker,HFO,13.774391773319476,25520.078198468604,6575.545741024878,0.6633835929746974,5.24551154267693,0.7973937419716975,313.40330578894594,359.0422961653006,22.994136000104838,26971.94408255543
Container,Hydrogen,16.784490010880845,21906.62751228162,854.0789626036734,1.0889941593520236,13.56129402382943,1.2924071764896141,124.52861256432205,36.795350915173245,29.521768845230202,3133.454754382336
Tanker,Hydrogen,17.81483824564133,6045.639213018444,11269.413378126286,2.42220717085546,15.82094572201636,1.5161053080871558,113.84674404968078,220.15548381856308,18.050741469078964,50182.408948118034
Tanker,Methanol,15.647380341788134,11620.295459207464,10416.51263474204,1.6233340926998359,12.255018751932207,0.9191131071590497,252.68228614628993,283.7068329959435,15.625456490418001,47874.52419149763
Container,Hydrogen,18.31561623425304,5593.997689985562,2648.8327546062856,3.604646162613919,11.491530990106924,1.5389550153984042,233.45169755762376,283.22603927200043,24.655683291437906,11588.024074692616
Bulk Carrier,HFO,13.471524241438214,20915.001787183486,8422.48729035834,3.8292493039120963,14.98872834727353,1.0853176485418692,298.74491424839954,159.06312692679876,17.180026246733853,34012.66545626202
Bulk Carrier,LNG,18.33649293566524,8196.98446828993,6859.442550956664,2.9424956530065143,7.804493849998311,2.1951746387385045,111.34012570010664,15.825972313644474,21.68625794062764,37662.40459333128
Bulk Carrier,LNG,14.571206415482173,16236.221052703557,9636.156778942579,3.4004654275749573,5.731085356518057,1.796283066726536,2.3019178513272287,302.76975259431293,13.334686343442318,38331.94698669706
Container,Ammonia,11.45339740798125,23963.065452645846,5760.260070343087,2.4404724929098625,10.609668954694373,0.2762499578589203,339.8629262709303,288.98549073199985,14.979362201923252,13834.81203296069
Container,Hydrogen,19.385602113265126,20457.23897272684,2382.086450922758,4.206091170115896,7.863835734912116,1.9990079591468652,15.921141745862872,85.45707084639277,7.465722896651641,11432.036784141428
Container,Ammonia,12.024679612208281,9652.845729288849,7714.136461461697,0.3273318883698566,9.961897761489922,0.8437640784875222,244.80465960976784,122.58987252928326,28.44115960155096,18229.81015651797
Tanker,LNG,9.288216326065724,10653.135767873884,1055.3358912517456,1.789613217941757,10.019298356399903,2.3389210550800215,115.85951704288006,184.53323920142827,15.465524809216914,2342.0101287575276
Container,Ammonia,11.669414472505295,19947.564311487924,7056.597094904223,3.795922223532428,8.507150064748764,1.5084281994451334,152.47189994072872,41.091734758845575,34.249974362933735,18390.65785073514
Bulk Carrier,HFO,13.033563173831705,16934.56473085838,2631.1871850270454,1.8800835825270656,10.349570397413588,0.06894490160199107,301.69179986733536,295.40322975581455,12.792764723563755,9444.281942863872
Bulk Carrier,LNG,12.864846516181904,3795.4111366312873,8250.743601770366,0.524090514391927,9.181670686048918,1.8359067627526493,151.04861558586921,331.9559895986074,19.251580408085772,24371.55060253368
Bulk Carrier,Methanol,14.771342603879289,26345.756088932838,9953.713624564492,1.9630725137205869,6.243652704600644,0.326835922427616,51.97375011720803,110.94995930023327,14.165966016151735,42909.940100351065
Container,HFO,18.71439570239516,15865.78419355523,1403.3442784566623,3.942071767658782,14.533982781463578,2.1931687073931965,271.5966305767403,332.6506075209044,25.817761247470212,8217.442287273543
Container,Ammonia,12.215720498206691,14727.469382726496,4863.195770568249,0.7587182723679159,12.714010858732486,2.3708257688935057,7.276146141614275,288.31302438331807,29.250977588612617,12735.12415490623
Bulk Carrier,Ammonia,14.728476687550858,6754.7407623356075,8828.90689453436,4.013009366742935,5.454397514998246,1.7381396325733547,98.90387583620229,262.01715984131624,19.610321915536325,31654.119000893388
Container,Methanol,12.741528490573273,11932.820750145582,2048.0664320744163,4.287460868330908,6.27365067798437,1.3321819417898597,193.70650028097882,348.89533704237584,16.00782672218636,6837.12064490665
Tanker,LNG,18.039503653105207,10651.921007137875,6841.631673424987,3.5306240198825742,6.061659177832264,1.50515751958245,157.5949303852705,116.87405820590669,27.34253957191539,38282.887303945616
Bulk Carrier,HFO,10.733616646173262,8851.334802053378,8094.883884321105,1.418863862213979,5.679179017097105,1.0721379279898309,223.28220204473476,329.63140698622885,10.743651321920758,22042.248775852262
Container,Hydrogen,10.138612951410643,17454.79066475642,4322.043926148649,4.448594928853331,5.6496245342460245,0.20895695503647532,137.28516937697142,35.42529513921209,22.98399014636396,8695.09538734245
Container,Methanol,14.532947785613619,14405.98544812818,10000.589063010953,1.257989509603713,6.728235662298204,2.322108747085791,140.61049642661263,172.0850941134966,27.00873380818759,37967.59641066794
Container,Hydrogen,16.39076344342041,26786.73287412535,6176.832402055894,4.991433141725293,14.326563493829209,0.8229663368861057,125.51661363748737,198.72405343664815,13.07808834137218,23030.622390121618
Container,Hydrogen,17.750777211998432,28298.975334367664,7561.238595292069,3.9158867753672437,14.110566258179933,0.7821194342510074,319.41736881583876,44.21182214358,24.670980203420584,31249.626366279557
Container,HFO,15.48587338195848,7364.729447614635,1776.3862807868666,0.3954876038941225,13.614611228062238,0.478311939582059,6.226743993900468,265.4474421834128,27.05678435260778,6958.929284654366
Bulk Carrier,HFO,17.512347374509005,3903.057434249105,375.60607693876176,4.41615044077298,11.7617715719243,2.4810206220861555,338.27110824304816,171.06442697954586,8.522498884522175,2057.955394974307
Tanker,Hydrogen,13.319810644170161,23774.78899314473,703.9079928173369,2.8347411179435,12.95842908534998,2.3564110932007285,128.95980307262187,163.9945582231318,14.717224530175095,2092.3890082213024
Bulk Carrier,HFO,9.361544372931158,29850.98070551966,10856.64976355877,2.544304040090478,13.123293319243368,0.8735809246343949,131.35779204851062,209.31827970345864,17.18918143802565,30538.556206736797
Bulk Carrier,Ammonia,10.277092386917122,26044.402025770472,10603.444372554188,2.370760440571829,14.78244157338434,0.6500134523622734,261.3214252979341,48.496204952085066,28.278721911796936,24683.71711052727
Bulk Carrier,HFO,9.425948613518958,1687.224661443307,9710.338126025927,3.3758023587809514,13.055773325993421,2.0134238242059004,139.77962594130983,72.0090577086987,22.0251539873762,22597.08210489522
Container,Hydrogen,12.618380155241418,8286.642970487514,2475.3838856948432,4.0127239042279905,13.10105238823062,1.0565251254903487,221.99213595644179,65.04639365598196,18.486844194107316,6023.422544307426
Container,Ammonia,14.450404753955507,2256.9260341966537,6352.957958199088,4.938273724912627,13.844892899848322,2.4194701252203568,325.3070444710108,342.6957350847267,14.563173460126881,20317.26035429326
Bulk Carrier,Methanol,12.919492320226333,24802.60193419383,9573.793496525643,1.5739019899150166,11.11990341520395,2.253041824023338,304.63129710934896,278.34835781368133,5.121841016746512,34371.56321062607
Container,HFO,15.166594225730314,17860.80231247717,8128.563256943708,3.5061918737162885,7.3433166904687015,1.8986283556504813,185.53200393930408,190.51091111862897,5.60660272890761,35094.18655034535
Container,Ammonia,14.286700633420665,15897.837693844562,1474.7022047436576,3.806250101927902,5.929967253259641,0.22481072528591717,257.9947660485143,237.40384729424244,12.213386772087759,4595.75294348233
Bulk Carrier,HFO,16.457370820503343,17079.0465778993,10756.940277767842,3.7439045548492205,9.609479164200888,1.7553193413887507,141.27650823794116,233.99211821049323,8.500718175052778,55780.529484974984
Bulk Carrier,Methanol,16.33658379919747,8321.086502201142,2012.120474057751,2.762203498028038,6.008542388546688,2.468135967152189,279.3758964591071,94.44420364050067,8.587597910833262,9526.976451397159
Bulk Carrier,Ammonia,12.498705618195475,18447.51270502702,2144.368751618692,2.211521760299986,6.862344347097643,0.9332313324594168,61.26603722986116,31.17882128895866,23.08218872199339,6380.208352951299
Bulk Carrier,Hydrogen,12.808359008972007,1889.3423754568698,10822.002687131428,4.216845612162295,5.262240129386785,2.2039225076232856,16.42744131680732,199.77795425524545,23.163659696605837,29958.969416403375
Container,HFO,15.436626038054335,19734.339995154347,5866.941575224741,1.7200529418203274,8.302269201401609,1.0203545983654831,194.66376333075277,94.69529615290374,6.34316328312029,23890.825663421012
Bulk Carrier,Ammonia,15.56075714679926,22298.58107518609,4537.412728881955,1.223487076950513,15.669976046422201,2.4283100017734545,77.52192653032829,314.4497935723655,22.818057554012398,16914.934962305673
Bulk Carrier,HFO,12.461699050008464,20517.761647642987,6688.515233346872,3.047477646304669,9.168243999308517,1.633978428968892,262.3413394307385,84.97909591445706,9.374557821011047,23877.649335915525
Bulk Carrier,Hydrogen,12.633496743529676,10631.408031054387,11778.628260702126,1.5450986313757558,7.649818666561894,0.2412512072844819,36.476463130307295,206.23013107030548,16.31677204421718,30155.011084543086
Bulk Carrier,Hydrogen,16.634495145047616,24961.62453869874,1523.6024173684102,0.27945907892851074,9.437944248520548,1.1976143469865579,3.0582497406902975,151.2334446836575,34.69051579002747,6377.893954593472
Bulk Carrier,LNG,16.121519051636767,21750.77591640698,9107.691300625576,0.3785090142644493,8.314723722273452,0.1243218834942944,243.25320590706926,267.4450177060226,20.660160896613466,41064.334712873206
Tanker,Methanol,10.485558851477522,4720.622364804058,4078.4777607051174,3.8530568424891234,12.412645052211968,0.9876893092152703,180.28779765053997,342.26863821119906,6.025640400870353,10995.838549579901
Container,HFO,13.851460676429328,6659.182395611136,1492.8863230867223,5.354987568357195,11.979134372749886,2.288453035352703,342.7255464588661,148.1655850723968,15.429746050376247,5769.7944121018
Tanker,Ammonia,18.819766865816494,19476.14398216892,5121.00692869997,2.5553172715808055,5.300771985475458,0.5805054862034063,89.09481883089447,15.967629900662317,25.126944765102984,28849.38331435063
Container,LNG,9.399362437149227,9393.067873124757,6630.159244930724,0.8941300781575645,10.624554713874637,2.3764194452043093,44.372202300220216,238.11530080881533,11.7379365390527,13351.204177793908
Container,LNG,18.40680341132635,4463.555301940872,2550.9434889649483,4.517649336858507,5.398196564429808,0.24980761158785114,8.318225454609319,46.50655438168263,33.93347710875729,13039.30519846214
Container,Methanol,10.79495972770558,5494.1008013468745,4922.70656324957,1.5117538436580873,12.450995930557024,1.6620288676854282,159.9290456203396,37.620541521341465,17.758810936727464,11821.771007600531
Bulk Carrier,Hydrogen,14.579734957078875,5802.898235671619,7664.5447031202575,5.476382892660955,15.293891636899843,2.414213890376253,36.29407874252798,238.16092907768615,5.632619202281316,24737.335290550982
Tanker,Methanol,13.667700718153126,14855.936297733084,6959.731434670644,3.1416264954661246,14.982366666001608,1.6353839343331273,279.2316377986578,37.012440770229304,21.216984938388766,27709.155208286156
Tanker,Methanol,9.111422710756047,18614.178149455423,8705.611069252722,1.3562157622245437,7.262833233000192,2.2475098843882075,25.914885978816255,46.35976743267348,25.285688730576112,21666.20869595816
Bulk Carrier,Methanol,19.069366307985952,6115.665970778034,10053.213941955075,2.7784257554314573,13.169096624935326,2.4775761866144945,331.4717317621193,158.0690629153592,18.67973531155207,64207.884417405985
Tanker,Ammonia,14.004177500677361,21662.401700533414,4968.769948055547,1.9110588678801026,13.723725681446217,1.6046085901061602,194.7074123671422,162.8373910442349,32.845125193215985,17500.76013598725
Tanker,LNG,19.496951044366767,9149.365617544325,5133.310578000507,4.309148716985518,14.508042864203228,1.9556596182265176,250.69390161966294,328.93715013604213,32.057965023968194,34703.14317571235
Container,Ammonia,12.154182910771397,10035.186013424865,6010.636400016322,0.6714057833635013,7.855585378805731,0.07996298444934269,47.13015808971888,99.40831667831829,9.168802194582735,13990.710907384588
Bulk Carrier,Hydrogen,18.529033507575697,7481.460011149119,6839.605202737512,4.727814671975761,9.95918330569376,1.0682759462976101,32.22191728247331,144.33663878132464,7.398445020333706,30546.475774047463
Tanker,Ammonia,19.146285313951935,23770.97794235254,1389.0398234309107,4.243619229026327,7.436548719402494,0.7206633837622802,127.32615954619538,254.70756948853622,14.369269922923706,7745.922430751872
Container,Ammonia,15.125156580078587,28834.601155169436,3820.3607149178115,4.751364541068033,5.267404029323105,2.0604633349928916,187.35643413761073,297.7271770371089,23.243979868030593,13886.319136360333
Bulk Carrier,Hydrogen,11.229455666544894,15282.495611664688,2145.5123649865886,4.93296622862499,12.249138906514528,1.6939450314532645,207.18070247866603,125.68333242445348,23.047859429460186,5214.0503499147335
Bulk Carrier,LNG,16.53772175316292,2218.888601527774,4691.647871895166,1.340800243892639,9.746099796824602,1.5360355559504726,118.72384498429025,227.18787120650904,13.149292991750697,20525.69040472102
Container,Hydrogen,15.03875873182406,8556.510176338801,11682.913463631034,2.9134313590345524,7.7292856861992405,2.328896719547294,98.15842626636177,224.70691943783663,33.533016403310015,35928.11741098974
Container,Hydrogen,19.389826324378884,5583.458442446536,7034.498384503659,4.689579988898437,14.318143420295732,0.2221695127036058,353.30779523681986,109.15474401267485,14.21995150146602,30240.21749358417
Container,LNG,13.831992679915409,25440.10626070852,5209.640087054501,2.1378950494270024,10.452487039771231,2.3846031805364314,98.15829117983577,42.70363016230484,29.12598308303469,19023.614198490523
Container,Hydrogen,11.953650124038042,3460.7656355629497,6834.649053162135,0.4262009146964153,15.941234449338497,0.2519117679230526,49.65296698244905,245.70615020401016,29.95940541754105,14020.336831570681
Container,LNG,10.521157016435179,29027.81097996313,8062.011009583433,1.6748255253079896,13.726936096328638,0.8675438672062938,129.40547917920188,96.50450444063043,7.953050567820275,19784.085494109684
Bulk Carrier,Methanol,16.684969255553476,18066.899522114156,5275.946213155771,1.4063696819639788,14.561323197095119,1.575684161992956,109.39367317715876,114.58165062657686,11.976587365425559,25553.609245511936
Tanker,Hydrogen,19.715205808786404,16014.453825150735,5427.746670609357,4.798338140921164,13.506654736774388,0.8536905096686903,151.82467236208768,206.0478625444803,11.45574523850731,29182.130867344767
Bulk Carrier,HFO,9.311781476285383,25573.16805015642,8446.673439642333,2.604770286809401,6.165173888456838,1.706340695735914,224.53694509422317,57.891218141351864,32.589539503243984,23304.81669104086
Bulk Carrier,LNG,17.144898902559394,1798.8810174522287,824.264740147845,3.7911388822100918,5.715319007190377,1.9385465479889161,217.13325596975017,86.93938754147385,15.533147718168056,4000.70385016233
Tanker,Hydrogen,19.196233988156333,23537.42973280328,6526.958762631296,5.295443408334561,15.065866498759098,2.0712645748533483,251.38435874946688,160.58837410063464,30.094140001745217,35321.19165990297
Tanker,Methanol,9.822596876500842,4381.51732148698,6613.200965390647,1.7156144028801004,6.520169068437823,0.4483592522599997,56.40662542106951,316.25398047013067,19.34054006531825,15658.1350777855
Container,Ammonia,10.211870496167464,25382.56486927253,9105.351907427732,4.210477610647937,9.303487657416863,0.45519174047211647,16.53997103783214,278.0122048782817,18.71657132582061,21046.173745251846
Container,HFO,16.611528082946794,16346.110357897993,11793.47255280623,0.2229262562010957,11.70902112711524,0.130785069822274,284.69152790224325,114.3348673069381,32.10264072779732,55038.522677432404
Tanker,Hydrogen,16.127597134853673,2772.752668442662,9569.481962763017,0.6622273466822521,7.330881848921952,1.2271295972670657,78.1749502587432,108.74479922007617,18.22704221583281,33971.35946186982
Container,Ammonia,9.757101568478703,25164.106125238406,6095.084490540569,0.9740714860177018,7.478135480785545,0.3438340471149601,113.63940140028164,355.4441683532597,27.345557516927787,12387.381247981044
Container,Ammonia,18.178650273662722,1792.1093950662976,2116.4928373254247,1.7870590191115456,10.128654765205141,0.7964924784677783,164.04469718728976,235.2183384187152,17.731325053711014,8763.525225076786
Container,HFO,14.757662326293815,5012.750093914501,7100.30556243473,2.2761309616986436,8.9698460060592,2.101085798208243,257.87029260382985,246.7922516757384,8.056092097289378,26350.261655581067
Bulk Carrier,Ammonia,18.979171106702736,24136.911190972238,10028.156751880962,2.675885809954174,12.442332337217849,2.371647356794209,58.89039482376107,19.844757139467227,6.592843834923444,51058.19224479967
Tanker,LNG,18.65789969091975,14481.262591878838,11195.727357379457,1.4247892699303466,5.825838150726902,2.055189868367529,324.86481539434055,37.790112143628434,11.247205309360936,66176.55522953886
Bulk Carrier,LNG,17.937585459551823,26560.27242629018,9921.193515979798,0.4575627258947341,10.376345364256016,0.001620957906138809,115.74984030895308,106.0033086013283,26.668041086813115,53572.757148424964
Tanker,LNG,14.674887858688635,19427.44891094142,2348.726415714506,3.758624695937314,6.916859094870686,1.42006060334693,353.75856942206434,303.12400404336927,16.20949160301484,10021.988370510495
Container,Hydrogen,11.768817059243755,19082.33387674183,8579.652785757044,0.2277713090850281,11.67397509900823,0.4166503239173447,102.74852267590494,327.8409586645352,18.62322744162576,18686.47624143764
Tanker,Hydrogen,14.565730543022458,9474.818077828431,10573.843875081535,4.4711414282371145,6.278346209363774,0.9393672780168943,261.235085670569,68.7705645411068,8.056291955526447,34912.82657088943
Container,Methanol,10.10892515581958,4876.735183000273,8204.101902861004,5.117436055816488,7.17395053182355,1.0697973603629385,135.60088032078087,257.11083620124947,23.691127993641786,19107.042939815354
Bulk Carrier,HFO,16.247307633207686,28873.999336003795,8260.449287045762,3.935992133762026,13.842778811276448,2.357351894530094,301.171584914611,314.68954720649526,29.10344631205856,45451.76282381467
Container,Ammonia,10.473749411519083,4039.1329851584596,6051.931206387837,3.3181867932840925,7.586836890418152,1.5843468297265604,166.46637327249545,316.4043256131243,23.740497320130856,12082.566332643717
Tanker,LNG,14.622902587507955,16341.30740213346,7680.01704329351,3.6479000583746175,13.107718726732083,0.6691376299504395,313.3914789408446,165.17061539021904,34.538422454759186,34605.67989906011
Bulk Carrier,HFO,9.598201715834996,8904.489134208627,3603.1305587539514,3.62199905173501,8.0036896965701,1.6069871015835988,271.41790506174334,93.16025594295903,5.490241745374135,8937.136127813554
Tanker,Methanol,12.294637393021105,8660.079243862187,1156.840032750368,5.131207734759103,7.585302557572142,2.379663693884807,210.97029449030427,344.2622218642314,5.470094817515637,3951.7883246241204
Tanker,Methanol,11.552885067367665,18243.000359781578,9949.807366470266,5.307251704447424,8.290702611693941,0.1478978102302167,89.99637467681183,99.56992984288223,20.000168093451208,34104.91524582804
Tanker,Hydrogen,15.820346969828375,24140.089398187196,11323.417257959036,2.4042428663043975,14.690251828650235,2.0399691696065605,93.55237886192768,90.97022199500654,12.992241766311704,44987.30998890161
Bulk Carrier,Ammonia,17.654653832247597,23538.205002107083,10296.185790985635,3.432227551201458,9.368822252704007,0.5422438892853478,356.9119529521239,74.04583701733203,25.595312160530113,48517.08911428278
Container,HFO,9.630332499945787,26195.248986613053,4073.5712899915557,4.43515809016453,7.6813658287237105,0.3827698801598925,333.1396789079697,191.71276582046184,28.79630460659397,10758.012208647082
Tanker,LNG,18.353120536709227,9494.179399458646,1213.0088005643468,0.10560604872954256,10.903034210666045,2.2471672966836254,49.83062031254336,38.586366491463885,8.07307726348999,6509.274029282142
Bulk Carrier,Methanol,18.46844464450065,14506.79006973714,3433.6468128137376,2.945885950869665,9.242055529636492,0.00462364249474323,73.46322578850247,205.44756115541676,32.52014608238707,20931.345218446757
Tanker,Hydrogen,12.76495981716825,1270.7026233807237,10129.740972137812,3.6255322350155677,13.692172717488296,1.8527143509322308,38.453179046769804,339.72814463312636,5.897688134183033,25964.949629517483
Tanker,Hydrogen,16.249044725673542,22658.8710709546,7904.192640835271,3.972909428582941,15.894901801443304,0.21807102472347017,72.48160746674704,181.78891815105166,25.652117833834904,32336.19308768534
Container,LNG,13.428743348737946,9767.950252126207,11603.661504824951,2.0914628107399182,10.79231886932417,1.544988237601541,104.48552815882516,347.5251301180893,16.535022987718676,35892.08070541196
Container,Hydrogen,10.696099704085947,17283.312464835406,4177.904119401531,1.6964798713025984,9.969237874181342,1.5522422534764209,301.5456954390757,326.05324049102535,25.02317638429647,8669.286032998418
Bulk Carrier,Ammonia,14.815286604194213,5909.70817856407,6662.518231470544,1.083569859466706,8.773389381452741,2.156940123728654,34.26561035743093,285.22860000176274,7.929089648326896,21255.38279554601
Tanker,Methanol,9.949956419517562,24762.585706895527,9501.454837494912,3.1122039648844964,15.706726054971515,2.0565162430738715,317.5634037609448,218.9006097128807,33.11240958316367,27845.645451820237
Container,Ammonia,18.663193709355866,24700.894359070055,2884.504118508567,5.064238534161456,10.316116036051502,1.7129108577150949,349.89484731370203,317.0440324230097,33.12225019520055,14323.881579198172
Tanker,Hydrogen,19.167187353505696,26446.13452783571,11572.670698450022,4.93828201390986,6.957965459296544,0.9513689760523301,101.42642462873017,199.7941651850525,20.58202442528335,61065.96172857879
Tanker,LNG,18.03774450712544,2332.172916094962,7149.532302652597,2.043816006651539,15.661374959231436,0.4160143676189254,164.24418446715632,74.59247289563359,20.287536021954338,38200.64467713083
Tanker,LNG,15.187809328315765,29781.302583475397,193.98100350387296,1.4924177556662945,15.569703385992927,1.5892073152482116,190.55821450465217,333.06461094522086,24.04424563441113,886.8505598673089
Bulk Carrier,Hydrogen,15.133584502380003,8185.6030187511415,399.3239799733475,4.359486642422196,9.79297557568584,1.2424244967697815,74.0481598286421,180.78835680284328,22.40206851642613,1350.3802793609395
Container,LNG,19.830681142610228,9973.576895373133,10598.370595178983,4.014892098518617,8.830046143362528,0.19485565570346863,263.36749641722946,326.7893067885543,21.30639700482534,63883.41658716583
Tanker,LNG,11.726918588143011,8230.736146522937,7778.850180356822,2.8288350881424584,12.484811913574989,2.3889047261721315,208.7995678520284,141.5325118652609,22.675734466577996,24000.890690357588
Tanker,LNG,9.835432024957282,8758.448252629438,9180.56297685996,2.200763401509831,14.118165438641709,0.7860487997795307,40.383847803412166,120.8607536249206,30.758905165360083,22033.639869211496
Bulk Carrier,Hydrogen,15.181350159612954,17027.179327005753,9429.790411387206,0.7685086802239448,10.483853455118801,0.005351912480763277,322.5536325471663,275.7568765056848,23.332003387423526,31223.96334584299
Container,LNG,12.616641575911135,7954.505784809608,5103.47133738424,4.339748381098078,8.638942901583368,2.254225759593604,108.78936915215307,228.40036464720447,10.875030643902342,14922.934265970214
Container,Hydrogen,12.545726500888486,12419.368030611739,9603.473829093391,3.4343079953411664,8.315334119493148,1.442627199676666,56.24903403769598,158.3009765919376,32.417361211376246,24263.843400133508
Tanker,Ammonia,9.077938895869428,20012.590890853244,11256.636093269202,2.13516107058529,8.5925859993586,1.8326516838757936,353.46758459054524,316.29206671055255,11.478818557485372,22788.34296217642
Tanker,Ammonia,15.558633505027263,25244.75990375408,2148.8361824584977,5.061455070760718,6.298362341346511,0.38166560073846195,37.04723892421103,185.96758085912504,9.954850843730744,9465.894970471703
Bulk Carrier,Ammonia,11.904370725031754,21089.503507739508,9193.223154550045,3.662232614624056,13.564824799907296,1.0115141850651046,21.49080646981335,4.604805960377942,34.91173487191584,27231.464541890968
Tanker,HFO,11.066444030119492,18235.36249883237,3762.724890625224,5.11788988095623,6.154558498710501,1.6126530745343661,85.5190824588556,249.55338842289655,11.402500833590848,11979.368785217895
Bulk Carrier,Methanol,9.44475124532304,5284.128313690992,3925.766736340861,2.6618272858340775,9.38145944427238,0.6274117704079424,114.93537026286577,22.736401703021155,8.002800759782222,8483.010369077083
Tanker,LNG,13.007977341231724,24667.352444697197,5011.782727332996,2.554936249945222,14.184376708549514,1.7537473629603944,156.1689598142526,173.19682474375293,21.86021632607902,18611.738810223385
Container,Ammonia,18.66865759625103,2080.9717517981217,10378.262286906218,5.1610921676960295,9.4451648526109,0.5840373066846893,246.661278499624,69.14863004139454,29.815812310249793,49472.4656900218
Container,Hydrogen,12.703378883571096,8661.55823382376,362.4672009895851,5.282873712515079,8.242379777185477,0.5228195678496819,131.65681832276533,87.11405945878961,6.822521595899065,891.2411287451914
Bulk Carrier,LNG,16.46981631131553,2654.7085910268743,5263.721861042141,5.288143521945986,15.430790961835939,0.0290616256509571,201.36009985307268,352.733471959796,19.703125256548198,24339.154431315084
Container,Methanol,17.32201659742098,20355.440291949413,8192.56702987432,4.522045927100192,6.391981288863117,0.7047668633832669,2.0921132268106435,40.85255266392723,7.055070213709673,43093.1510256624
Bulk Carrier,Hydrogen,12.609108901092196,11682.761395211919,1413.9439535620115,2.596993182051429,14.733392930629217,0.6168419800745459,138.5638854667893,272.77459373806073,17.860733536678488,3616.766077261896
Container,Methanol,18.038048085132452,19909.406012941137,9527.817804507256,1.2356161890529176,5.682844786104851,1.9108913917008705,340.18872315245324,229.48024568488103,15.31880386310975,52742.71368517216
Container,Methanol,16.61067625633644,11063.897819804119,11308.640914978501,2.170580758900273,9.548823541378269,1.4242747654198018,278.94481403940614,70.21537138149516,9.113882543991693,51337.717126212614
Container,HFO,15.151664515710467,14216.481193185331,1182.1243708160453,5.166806454196059,11.948931610476539,0.44456120933014126,266.6882048819525,336.7216556156686,32.93063070290648,5081.554141351448
Tanker,Methanol,9.010917104556919,14280.869294819244,1920.0828401874496,2.0631931934336194,9.07042222555849,1.420318677372093,109.62575153856733,72.5099224167368,24.046609383570914,4788.64998382518
Tanker,LNG,9.38599842515089,2321.8389563587934,11691.756976859815,4.186274104847103,10.880670630576041,0.5636089764369273,175.74342234276932,185.610492554122,30.291689017346215,26844.172796047107
Bulk Carrier,Ammonia,19.8995242851667,13476.569264034104,2454.4821253503246,5.084223495891982,7.244018332459005,1.0637557001354883,304.0284608236833,284.587898469722,32.1783358754453,14878.139344631849
Tanker,Ammonia,17.60512315853915,19590.866530340878,1039.3821408681333,5.34011767955972,11.259379692135205,2.2205201542988657,316.8560411134218,274.88561452400074,32.90555992965463,5590.84653151341
Tanker,Hydrogen,19.31321784650242,16835.51513618758,11431.091183111212,5.217440393126923,6.48014588589162,1.798140548791234,255.79549054480665,115.09488187960235,27.443438491081363,60805.64612173153
Tanker,HFO,18.9253352540983,3183.2292220703303,10722.21024673268,3.0973110277002904,13.75705947698534,1.6277500417530575,164.35491518493285,302.1380519047481,14.20844945702592,66097.04172183403
Bulk Carrier,Ammonia,9.22487281457026,20373.623584915716,7903.13312552426,2.7561524031147,11.421689047863428,0.7037086233053471,26.339416288175023,346.35478320517365,29.867978565660607,16703.26770088705
Tanker,LNG,17.71032018770181,9957.019892542567,6662.028034721884,5.433258747347126,10.301253263007379,0.311454162241446,42.967191078774235,170.6471368030576,20.605487344462098,38406.51532125229
Container,Methanol,13.9626031841227,1418.6092805916408,11038.869086002967,1.278167704733657,5.6013347541638945,1.882372460749836,0.10545185696861026,234.83350787144948,13.149617654803116,36709.064216598956
Tanker,Ammonia,17.685140244007215,5512.271155443112,7900.688893825931,1.1126634130977182,10.497517695083946,1.4197259613694746,129.3119170210562,131.22506791570828,16.573214299817593,37639.34257658918
Bulk Carrier,Ammonia,9.073873625797237,15429.230062180226,7934.920245849333,5.30118440782751,11.199263733973643,1.556900424560593,8.418226859854933,127.46981917342508,14.036705923193258,16888.485942644886
Container,HFO,12.170192313206208,10001.648111871991,10139.85821400324,3.821652037850516,7.922342647478811,2.437783298447877,156.60784466164407,169.0977116950879,18.98612120009082,31642.500501665607
Bulk Carrier,LNG,17.264561533704324,21137.107398852975,7873.623559779809,2.9960416529100526,12.453493749990441,0.8708023004180112,215.11498435827903,70.96791449010425,28.440054143627364,42487.46612134261
Tanker,Hydrogen,17.723228674617488,7978.950791407169,6093.754955748363,0.8130688813430508,5.844416635848726,2.0018688230103847,214.51685053617774,248.18454783723433,19.546020255276005,26994.876240001926
Tanker,Methanol,15.816860613360863,23411.08888577989,4737.68582499153,2.871497344688178,7.295579895933454,1.3973921021805746,199.9071065523415,59.607016110548145,13.035757342729443,23480.84976438099
Container,LNG,12.313818083908902,9307.838260425418,6087.293324215765,5.198794229016397,13.113033690566587,0.5881498648173561,81.42150989606657,1.8651607591887887,7.622092240370923,17313.771237609726
Bulk Carrier,Methanol,12.413988504166493,19005.047519948053,6317.495924137614,3.3556131460828276,6.619444408186266,0.13222082996647927,186.90800460803325,158.2113973643582,30.672682613887964,22010.792666693138
Container,Ammonia,19.63440360006236,24177.275027284224,4393.899385307197,2.2849945611734883,7.701037015848777,1.5400272299724016,352.7409349501367,27.511301272692048,17.52105820329034,21392.73319970272
Container,LNG,13.83133397157625,12181.127730668717,5432.609066866118,3.0759562079116933,12.159408826948226,0.7440403409439333,160.0624033292682,202.4779548007825,18.25767636123853,18262.868973630157
Tanker,Hydrogen,13.918381052682207,2357.3433126486434,9642.276001075903,4.885183469896036,13.017258741922236,1.7386958662021865,314.81700708420954,187.33285931187254,27.911647106977153,30606.85092971
Tanker,Hydrogen,15.075660252647694,16527.920110707546,5056.509087243066,5.029382770130769,5.566381800857752,1.751817904346005,137.30595881829956,49.41518322292546,30.49179487594429,19032.019275835708
Tanker,Ammonia,13.504525705508275,29866.862784790508,404.1612229616094,2.2604760945256346,6.392483545774366,1.138651169548319,224.2959976132942,88.55887968640374,20.334347239240117,1414.4936191837428
Container,LNG,15.079387210571557,29100.764124930494,3467.9299291088046,3.3835294131453395,9.907298064275889,1.3409927920989948,173.46200636862358,8.802798626186373,23.971035014257613,14302.074214462058
Container,LNG,13.755689650443138,7409.6436243808785,2857.728182691208,1.6076941084872862,11.52074439315416,1.566367144169769,247.9040914902008,213.82311706749346,12.174701016169506,8541.174136014326
Container,Methanol,18.093864115624054,22915.19877330332,9543.625940800424,2.5358605992557735,9.99159357780172,1.1715123595001864,323.0560222592091,105.43183007319774,33.052038366980796,55114.429915942965
Tanker,Methanol,18.99956121778112,11003.603122781913,5446.587395814525,1.287366238628972,12.117769920929337,2.19342651487268,158.72426971436798,256.674488120717,22.037638041852258,34090.479138030205
Tanker,Methanol,19.25321285796898,5647.901925309653,3435.6954621180844,2.9699502140741063,13.315921971741549,0.1898364381244036,272.66380497346967,226.73731667702722,26.58814671485579,21908.690375141567
Tanker,Hydrogen,15.207258264123253,20311.526317472304,9747.388117715333,3.222496728809175,15.444982322586926,2.449545398576914,317.71427395276197,134.49153261001504,8.426391630577124,36567.48987158433
Tanker,Hydrogen,13.86363413210945,15525.1931562763,328.67997422368296,1.9243183751061752,8.848687844423917,0.08362727852070317,284.23603663556406,7.820342831143106,24.107628570731496,1029.6602205757767
Bulk Carrier,LNG,16.757640646710218,16637.68617201464,2173.5850285014894,1.5694388234487002,6.794152453549128,0.5202408897409605,8.840159595285307,115.25919779755863,16.068493472105995,10275.915410253625
Tanker,Hydrogen,18.221559504254973,24994.387204829745,9940.762350810019,0.9155382758098404,7.904924047170242,1.7707696366359016,0.06827526656794536,116.95095912791183,18.5018892553547,47365.59593033652
Tanker,LNG,15.192804662730149,10759.76660073527,6652.755559158791,0.8535357975132628,6.629808895569702,0.21240064835402722,317.86548359336666,119.77382669607228,25.464860970272085,26665.461384347844
Tanker,Methanol,16.699791240044874,20345.748027114227,9306.432317495817,3.9418900248562356,9.336702061702077,0.6554318828756853,262.55282844664043,343.23963766420536,28.889826296253343,51429.12875380004
Tanker,HFO,17.24702285793373,11619.552541916133,10074.294575668724,1.2968452192925983,14.598239924917221,0.3849416976221934,344.92753158134747,59.241466855477405,15.480957150050953,55904.471041271274
Tanker,LNG,16.440331543890153,2238.9930008324463,11309.365514203622,0.7370759139754267,8.817658866387923,1.808928909540532,105.29366185258897,97.22145152011124,31.197105567038925,51425.437680838906
Container,Ammonia,17.207469113022405,11962.438112754118,854.7527317097221,5.493907124727159,6.6370497244485644,1.4473334782753624,283.6685709774449,299.66362298442283,11.569709125750851,3557.950252465975
Container,Methanol,11.295098658115982,28550.999432919903,9610.893445251817,1.503549110200908,10.748961702252663,0.16119652948015678,288.5479477623492,333.05670870322115,21.886946997878542,27724.354292487977
Bulk Carrier,Hydrogen,14.482120017239772,15014.611980564094,8534.317163816035,4.938660903311914,15.91138198326154,1.1503355885040176,308.6375363091677,168.58281714423993,9.537964410042175,27785.803289526448
Tanker,HFO,15.470954100655959,4138.682668269177,2563.604648051054,3.389604150260354,7.069993405356354,0.5212573200401138,249.1300489325382,194.417562826868,13.67749317183161,11964.238636569642
Tanker,Hydrogen,9.027257239427254,20946.97805191055,11187.256969447464,3.9613789007568014,13.55662446932394,2.4192464949560044,49.79087727021779,19.029018083829797,31.86234408191778,22234.912648798658
Container,LNG,18.415587596950502,28938.001141837114,4910.002375646065,3.1289621220980313,14.056948379317328,0.2697948682726298,245.1393862287337,290.8938344702249,5.346703282248639,24131.08075645111
Tanker,Hydrogen,15.710269592894033,27330.412149783457,10662.56527671217,1.0763804533238321,9.41472177851102,1.495137938410088,217.61413014158708,214.04173306148766,32.468335659363404,42289.594162781104
Tanker,Ammonia,10.420499648680236,17586.864296436022,7300.853085512613,4.674078485844054,11.815065825309773,1.2046180896170453,120.12195330554555,172.44362137388015,14.852061017415805,17586.446895947374
Tanker,Methanol,17.9799277983341,11912.141586107406,6368.300563837383,4.571052939028634,9.756107958263074,1.445211242495952,75.10085702422745,108.92720955034433,25.873862596312517,38533.33282531717
Tanker,HFO,16.88762663084599,17839.65238676797,1998.334813362155,1.9883015128914445,7.885596301939691,2.3912321267653676,318.63597995287154,159.75755462415677,7.7515488330250335,10403.033810632553
Tanker,Methanol,17.34129497810001,24662.000803778235,10980.498729019022,4.224793760621905,9.687306800795962,0.8532046945412153,51.100738185668305,264.7123314769553,24.23814387009925,66510.16393130574
Bulk Carrier,HFO,13.312467080480419,25975.882918535175,6724.27669761073,3.0324173950599107,6.048191502930788,1.8719159330276967,151.99124280982466,29.07869339018276,32.28383839295566,27835.66063638513
Tanker,Methanol,18.396227573644914,24746.472663330795,172.49962541212756,5.008865359024349,12.77651725026982,1.118666192938784,224.20746817405956,182.4531101873023,21.65605776199949,1141.402250849729
Bulk Carrier,HFO,13.554303403455984,14208.814974810393,317.5860387363702,4.435251605041427,14.121123347922346,1.6519040368138387,349.84671530958497,12.469703393272859,15.863644948504275,1266.2175649735339
Bulk Carrier,Hydrogen,15.275600682401505,4446.881697536669,9353.827999714766,0.3213771569309663,8.38139926707531,0.914143865761444,241.5514868680161,278.0110602386435,28.807328602885814,28099.570979256725
Tanker,LNG,9.007065340698611,17506.029375424514,2027.0426052028365,4.8480902498327945,11.231245068179806,0.5678055131307891,109.75615161174852,75.9664399289841,26.381762731147784,4816.837953626407
Bulk Carrier,LNG,16.093604261456484,5536.4360129675915,7224.987383974928,5.330258657083845,7.5536338524338005,0.2090408984437936,21.838296359756836,325.2195672492789,8.530776827658094,31940.477297255915
Container,HFO,16.899933713407304,2767.7916830378235,8204.875347014366,4.10764349417556,6.402064951900929,0.25437812830219453,114.37312422482115,171.39404808264925,24.971046106299095,39102.98339829428
Bulk Carrier,Ammonia,15.238203020376716,15461.367169436966,3424.450556087112,0.7475330665741673,12.299804216233758,2.3985757969087915,105.40316135291214,164.61494151611123,24.939675382546387,12575.171078909734
Bulk Carrier,Ammonia,14.462146987479777,20005.83005135221,6874.834320095808,4.459829805120449,6.475183561587036,1.9711415491869873,294.8686134529472,129.7267028835793,27.55763502079094,25822.930622169013
Tanker,Ammonia,17.909301210828794,25770.271885785398,2959.079077269989,3.596440830167364,13.60176976126784,0.6123981249275181,135.57043962666074,185.8899242564063,14.489205954207696,15540.822742835702
Bulk Carrier,HFO,16.49509988881766,23702.231064674805,11361.15358567861,1.9296621146186934,7.989300036260165,1.3228680920936573,35.441399838178576,121.69004635605066,17.03833944922388,57185.09713128292
Tanker,LNG,12.058814436920253,25859.9748699399,10336.024860555088,4.8737649764404,14.003647323029268,1.785581810875168,313.1918865692657,129.5728668335647,33.80114169607435,37054.80950404553
Container,Ammonia,19.549806718879843,23041.994353805825,3527.7092188198826,3.1540601176471337,9.053550318294697,0.8813447550062317,6.499536041918463,70.42058449324406,22.203707623333784,18898.319744548688
Bulk Carrier,Methanol,16.779939136148748,21393.94251027804,6392.892442309043,4.705810827504772,9.057268519072833,1.0999701453994613,1.083382390203882,124.27720191304782,20.255149312944337,33925.64373449481
Container,HFO,19.86732821803667,1293.9895050802893,6057.531000131478,3.7186142423549113,13.256300367397326,1.795954798931766,170.9111676533822,292.21743575697866,34.60549076606293,39050.67816016507
Container,HFO,19.683874478957552,19156.967042467106,11524.276769605882,1.6579869600066124,10.612923520990183,0.5686357868828342,24.919304396753304,88.44869922005064,11.886728956881672,71098.88220628916
Tanker,LNG,19.10800695091099,4493.972320034412,4788.942484187863,5.365100957649597,7.210751690508613,1.315860896166645,63.75668256847571,295.6565213272694,16.93810730176459,29972.92924028545
Bulk Carrier,Ammonia,17.309086953478385,2701.346837643691,6790.507899996645,3.1834299588736163,14.354494028587785,0.5252204292155807,354.70244956386995,310.07257930469797,27.79650684787367,30532.4529570969
Tanker,HFO,15.703723053466641,5535.952411064007,11151.608479160503,2.8904783058628785,8.741685301593355,0.007694002538815026,303.9714010774161,239.88038227482826,26.393017438581335,53403.17994531751
Tanker,Ammonia,10.893877300512166,24875.472681810756,2037.4515090010418,2.278951992567577,6.130544369222417,1.7256593389125099,275.0535633354216,11.046212928422676,34.00101929227647,5471.346016952158
Container,Hydrogen,14.976865591661335,22571.63239990062,6650.778679012223,0.8362586966195117,9.576011494151654,1.768162149053106,241.4854991509925,201.97206237745237,24.629010224092525,20024.808367985162
Container,Ammonia,17.4191417463376,28514.399750951157,1357.5077523057726,3.805549552195273,11.31357939486647,2.4893067464923004,17.213561646998883,299.93360500368954,14.39284919746058,6191.028935510357
Container,Ammonia,14.729428745761247,29390.311500861902,7448.237288640157,2.426315669231396,11.708738673330073,0.4525386109869989,300.92713625774417,131.6820034537584,16.929559011640244,25612.87239911987
Container,LNG,18.550630412462233,26905.235604845482,4451.630120305355,5.146907555920468,14.191686298342022,1.84895081266435,169.6277986008387,101.81602544851704,7.6913877205036965,24321.332165919925
Bulk Carrier,Ammonia,10.206214891108681,4854.855478332976,11614.869270837247,5.31152471054205,10.95547506172822,2.3699185609065947,35.395190602205645,115.69564978646247,32.71160774966239,26563.585397257386
Bulk Carrier,HFO,13.190343828534974,26473.09948682443,5043.369255667463,4.245260618889735,7.46081531374085,1.6114508420277645,108.27036401400665,152.30750299197024,8.860040682385772,20599.773886163657
Bulk Carrier,LNG,14.56560860453023,25320.476908870714,1720.6328867463112,1.4094717239936903,7.878329638094989,2.407851401175213,180.7085231224363,25.260903159263354,21.371111722293428,6899.572095974266
Container,LNG,13.755578254560188,26261.489935931222,10024.59953504801,3.9662902763414185,6.109246471238429,2.4861024631944604,4.930055071624304,85.5666357494654,17.04185373852404,35897.041213960234
Container,HFO,10.194452026037084,5398.882896378252,9868.313627932677,0.2102774552112997,13.09516718159888,2.004061004428848,90.87101029849825,232.89661855973944,9.026708390982122,21572.117958634535
Container,HFO,10.688811234490936,4386.963005426209,8368.829472559135,4.5625627151653205,6.1653570114973375,2.498214771764691,120.93250634523571,170.0943271153846,13.789767608743942,20719.548543187586
Tanker,HFO,18.213790221410356,27790.45750793837,9010.860442422314,2.7655402622888574,11.66393895502275,1.5645611482694035,166.9648822324549,89.04288330035534,24.00707047712375,61208.67840009845
Tanker,HFO,14.32822685121596,6040.972824900631,3250.111090503942,5.158394109380007,11.566421334512746,1.2426392315341932,0.7133780065816309,335.11649671711524,5.937544733325973,13674.040663275548
Tanker,LNG,9.535946694280003,11690.030200235435,7740.436655031098,2.1399042231602117,13.640539126728935,2.2940906359255475,203.5593432652632,106.39525870063005,33.979686000538784,18418.364382467604
Container,HFO,9.18140384875415,14223.560635327747,552.4364673441842,1.5211374642127595,5.820926696539632,2.0773896035849626,71.14813591275797,46.55443422940235,32.272868539101516,1221.2569427180854
Bulk Carrier,HFO,14.208229421937592,4608.833307057369,2442.9927122914114,5.473304229282612,7.232024778622884,0.27528018335933907,215.01019106948732,71.76541183519998,7.5380433897950905,9717.016835182316
Container,Ammonia,10.80816598516888,1598.3943529438748,11194.125425881732,2.9656605061652064,15.005186147254523,0.7568066169969123,86.0941105626623,106.77053038055087,31.0506064506167,22663.878959829668
Container,HFO,16.75638540599144,29828.623623246367,8896.900035283637,4.761185729016366,11.294605124082134,0.6516128010749639,144.97863896909845,188.12126584445699,14.857136556447406,48004.418977683265
Bulk Carrier,HFO,17.748558087805264,26423.060100213872,2845.003237772168,5.0197086857134465,10.034592344210864,2.1381541484442717,224.50687172866066,23.87544478694497,7.025133455773226,16991.030708571918
Bulk Carrier,HFO,11.511263793028162,27457.799951168483,1425.4587652795285,2.8997310490196866,13.224438920085099,0.5831133857670092,236.36613831869516,307.77914718132644,14.183385028756868,4562.720026580233
Container,HFO,15.513946393699587,9252.329008891436,11392.141393935168,2.5608551978036136,14.927834961980741,0.7601119311852376,11.014449522728214,315.89159197111894,29.26662482651855,49381.35558338773
Tanker,Methanol,10.698891078339246,7382.945609617733,1435.0332261155797,3.085584155770691,7.893106006445038,1.296971635739346,192.6268373085201,114.60621314155976,24.974943565037673,4005.636392430773
Bulk Carrier,Ammonia,12.339409167538257,13350.130187087372,3159.1335717622537,4.677793315559636,14.916231916924778,0.19029871678440113,293.9910009572929,279.1124730660444,12.156788020111662,8810.910720291291
Bulk Carrier,Hydrogen,18.776750435995766,14146.261700362198,2273.3445166935403,5.309165250644318,6.19564088644829,2.403074106594794,74.31229639959817,215.88938365820516,26.575294297107256,11637.941874527067
Bulk Carrier,Methanol,14.98507900630542,1162.3837270629783,188.81946290003876,1.8729393905964675,15.754513525028658,1.2276569413397644,191.51590958838983,304.35984279421183,26.234633435316173,769.6874058248222
Tanker,HFO,18.7447756465862,23598.340264235154,3838.203811766724,4.088604063447172,6.813370076095712,0.47608431007310326,161.14127125927155,99.70786798266894,27.285840905208318,26341.514292239637
Tanker,Hydrogen,11.477725845974577,29903.3441061185,11692.728572025275,1.6410221773657814,7.9286000546252335,0.6770518445593537,305.9765668463832,219.68486660713896,21.21970002991219,28944.818040131577
Bulk Carrier,HFO,12.630267775735327,16332.035232960592,4168.649339131342,3.3991464231901296,6.062533341008054,1.9952093677179041,157.95470687019127,26.170130693376144,29.56836956362109,14821.186139406927
Container,Hydrogen,14.180473523024988,12259.502155361086,6101.228065666507,4.445863776378661,13.840441575752605,1.5850162004460557,339.78258376583307,3.4027390820831593,24.2408665387074,17612.52043223696
Container,Methanol,14.28088082713997,12389.804903414895,8976.6358286692,4.887026153170984,15.826552682458468,1.1615650605584884,234.87423517486192,314.8912386868046,8.761976292331774,32920.679546936895
Tanker,Ammonia,19.974127639020704,3786.2368329909195,6657.853214742671,2.5230673951079328,8.26674159426745,0.8290034184700377,202.0979596970357,106.03720092827581,29.30767963266005,38873.80250867268
Bulk Carrier,LNG,10.258898508682432,8718.692732556341,8948.738938206448,2.0966806858558145,8.581731564419732,2.2517109075221518,105.09103475178371,160.34787320268634,14.713043151333995,20541.57163592282
Container,Hydrogen,18.371615391617496,15561.850870404303,7973.466831467132,1.4686387048587946,8.068778937180028,1.931411350730449,214.74922121399362,83.44057828039328,26.151041545918808,33134.99711907877
Tanker,Methanol,18.50050243364057,13523.592032906223,7341.899973688276,0.8204527202582129,6.703109102364176,1.7952800933746547,47.248712088500746,315.65068424932576,25.25395118275417,44202.438676348305
Tanker,Methanol,15.08518494691566,16806.007626550196,7830.821995819768,2.0705548706758403,13.66188638412562,1.1150012615430827,149.84787436764572,138.43231091004142,15.0773756311013,34886.560030225126
Tanker,Ammonia,12.784408850850692,25622.903810484793,9610.055908731187,4.808680145638375,5.667918240100347,2.4529003768995308,102.39406048251129,64.48275158763266,9.850509754660465,32098.73910279243
Bulk Carrier,Hydrogen,14.711487147171258,7532.026778288748,8551.27759813314,2.3615713875374467,15.64551543521711,1.7751757419657652,241.29954124961452,218.87743886164228,25.84874263821073,26991.064594202235
Container,Methanol,12.217144752872201,1802.2612462830466,9522.12155639178,1.8133830953805992,15.200470769599532,1.0590618124666473,275.03855335053123,73.96679738995566,30.4707005923823,26424.3651698753
Bulk Carrier,Methanol,17.790181932839335,2108.5379131994814,1832.611895574023,4.09131412076664,6.3028299381267106,2.4013801093286418,334.30638772267713,93.84835904794325,30.146939508036052,10671.181622803326
Tanker,Hydrogen,14.481070745813632,4890.8953538988935,8164.31741925543,1.2641561467800695,10.824762363315307,2.239312491327542,79.95627748116871,242.20621964914443,23.79514525599098,25344.57550829261
Bulk Carrier,LNG,19.184263967651958,17544.006559327674,8870.560756673845,1.4839487334334853,15.921364945087706,1.8499129838608335,318.5102513762513,345.3190010200973,11.822218092043542,53667.88719604543
Tanker,HFO,15.849604787916482,24437.359491099818,3669.600546712331,5.153906701026833,14.37881173953269,1.9174903040502043,304.5425346681171,271.73155251359015,14.486299019088534,19723.899038117932
Container,Methanol,14.657512664261517,26717.372239138316,10507.47020133506,0.5405843401329703,12.866470985544154,1.0590687492347626,310.47536698303077,44.69125684829245,27.638830428181297,41533.977850429445
Bulk Carrier,HFO,16.821762893754176,19418.282857274167,3726.068079302135,2.3390083733144857,5.247070399849921,1.2683762590754317,266.57131015249416,112.5205961697676,17.325617891207834,19743.280649017677
Bulk Carrier,HFO,14.543262608732576,12691.15432107591,3001.602220580318,3.2144564389319434,5.752151899050656,0.4788683475921074,96.3797196878097,286.6913822927305,26.974922554045413,12917.666942392227
Container,Methanol,18.94956985461392,5480.926536528275,10418.452104218084,1.3434078643188703,13.734188082869617,1.488490613834621,316.0339830045116,99.05304974611782,14.28349977779377,55739.869746359356
Bulk Carrier,Hydrogen,11.028905569755254,12641.131843860892,3039.5360735854774,1.6174674148674866,9.140893396100656,0.9247913708976802,215.83744633905133,266.4250392829764,5.189547396101959,6372.602437987258
Bulk Carrier,Hydrogen,19.70683552120496,10640.038883325722,5044.479302938421,1.2979649696427882,12.352750652049524,0.8685958139258829,266.620213383384,169.845278976945,23.10470193968973,25944.636633511454
Tanker,LNG,17.93409607036311,26230.750544856994,4478.281677438145,1.9640020891274648,13.130997897474739,2.370570502845165,73.89264815749043,318.3870698858711,23.02749065316202,26563.26674103405
Bulk Carrier,Methanol,18.468066980513566,15114.861944907609,10786.935688443442,4.9519310774236205,9.64402595277598,0.4119585829599934,56.667792785048945,129.2936744022605,23.8266404833999,68083.13486210273
Tanker,HFO,14.311986156081783,7559.681098681336,5517.305285626775,2.430571671486992,6.577199257708575,2.074933960233867,99.66658862690096,336.44572440337583,13.045569073054455,22284.09391138673
Tanker,Hydrogen,18.209217042713572,9375.230937657616,8362.276306224965,2.3562766892265317,9.253639533871329,0.7036714275202351,184.09347963925376,146.67648519740186,29.33212850934767,37290.14822256104
Container,LNG,12.374514919349256,4957.634771737981,9549.062965261564,2.1875367529417025,14.58153286550465,0.07163907255006374,149.98503460310155,261.44485595745635,19.62400516491096,25963.341932322095
Bulk Carrier,Hydrogen,17.38142996420593,27638.978023004805,7572.052610891397,5.306224925462901,8.641943569351767,0.10115769957206866,319.53889297392493,70.27004067123379,27.871637269545413,35232.46087288073
Container,Ammonia,10.544951742279249,2460.0295408575876,11329.964530066485,0.7334169555870045,5.689143868540303,1.072943731464679,4.686661134918735,191.0842021902551,23.33280393128794,21349.86692145441
Bulk Carrier,Hydrogen,12.377571075587596,1372.5412081209324,9649.839598146496,4.808127273072579,15.550445589032599,1.1361522653711842,28.817421460541404,111.6486051774548,17.48212444406962,23345.256597199503
Tanker,LNG,13.90305929695706,6306.679072279193,4862.4588693308715,1.8666697657310678,12.487445998712552,0.8006278211108714,117.14754970716578,4.581557802224885,25.38880539921836,18221.968229605256
Tanker,Ammonia,12.54551689957764,24515.346519408147,11414.66093476643,5.265162595208908,10.949424271313225,1.671949013910915,60.383603680624745,157.41855195634633,22.249320680361667,38081.91275707953
Container,Hydrogen,13.25718827186602,16180.536812301356,6342.440515928876,1.802227129715758,14.120180813493617,1.2133569462318743,146.43022182845036,62.09870803944338,20.32133400193662,16889.047604701947
Bulk Carrier,Hydrogen,18.021152192620676,19149.455333932605,368.6701430442611,0.5475215615841306,9.522767459068055,0.1852826658278922,258.3335161746534,345.0906888502334,24.45681577757921,1560.5850578805753
Container,Ammonia,11.823434813563843,11374.21858705631,3194.158027869472,2.908226175503586,15.83627373411655,0.8701779872831888,357.6304338483796,291.0919565771794,7.578169291007882,7407.041288634712
Tanker,Ammonia,17.198092893700295,2991.661580925931,7498.582085743472,1.3304741282735162,14.433303763376061,0.2549068346247599,72.74690900086526,266.229045187733,32.30783268066287,33896.1121501285
Bulk Carrier,HFO,9.81083276022817,25828.586712272878,1966.0973376607972,4.166145003556229,8.085992158215898,0.15728923472560496,95.75086844896089,163.19953141062823,15.052461382470812,5517.262451416842
Bulk Carrier,Ammonia,17.42313018266567,6564.933891636816,7050.409734229123,3.6494503389709543,9.08152785895404,0.5207665624936053,276.74591383758593,93.27773670149358,11.740788907610881,30778.565078962372
Bulk Carrier,Hydrogen,17.7122556711275,1958.716815808326,4403.016465459605,3.8069334527808345,8.033172606182902,1.7514386529039174,97.93789462809676,116.77069810759821,28.15389073028534,18437.112033133046
Bulk Carrier,LNG,13.418686530527303,17608.419942062617,6459.18721269346,1.144843238497438,12.252749271330625,1.7400041143143192,253.34999018552676,73.57109886158833,11.936656612775547,21830.540478817275
Tanker,LNG,16.947256054842175,3415.387391153431,122.31068969170917,3.926603430379759,12.032651241741451,2.153472817758903,210.056057381657,198.6799178301049,34.8730886960318,647.4504394310234
Container,Hydrogen,19.066522441196092,3777.093703935192,10196.214120557512,1.7811875456938218,10.747564608639887,1.8910482312260157,307.7618755790566,292.0595038446994,17.61477624690329,41635.9617123335
Bulk Carrier,LNG,17.807842709099795,24210.93391299323,4406.913304528787,5.492839751524384,15.62424412030114,1.338739218152865,12.001238962672813,67.46791573186329,13.898732259894299,25444.69697738236
Bulk Carrier,Methanol,13.294911614366558,15256.678090221869,1767.8853679076412,4.051545380599634,10.195028169954586,0.7815302200231522,352.7089055863224,1.637081832863858,6.8619521787822055,6342.632157130672
Bulk Carrier,Hydrogen,14.326348657080707,8003.745115167148,5311.198698360451,3.2882221400059692,13.620946336162218,0.014528737919376755,347.1302410455638,45.21834600378173,6.254125320914604,15601.09276387613
Tanker,Hydrogen,17.57293299264386,11110.166277426044,5885.509792517126,4.782436007763959,12.239046288943367,1.6178437032194861,8.059606084413096,165.93557375629325,7.854216834211039,26019.46935322215
Container,Ammonia,12.21854048834036,22147.988386451972,7685.092254904648,3.2822831784849065,10.700034341591351,0.7242829690371172,179.82339180409264,6.694571373285734,5.150984864363356,19860.15747563446
Tanker,HFO,17.84271014339761,2924.2701979414533,6342.2930401921285,3.0848492805878807,5.4630461793253815,0.6252502543197949,144.51339778890375,145.17643591750306,14.81269938217821,36193.51393164163
Tanker,LNG,12.608782568170353,4377.937862063087,617.9306265980454,1.3815042551490497,12.232445262021447,2.437063851935516,91.49873443332393,40.01690669733138,14.313632003024178,1897.8460529822203
Bulk Carrier,Ammonia,17.86589640624092,18871.59901472652,10470.9966327254,3.7618047747572954,12.068545927038478,0.43560048101562776,352.0173316209573,38.795910802040346,17.902752363157674,50124.61319290435
Tanker,Methanol,9.954804876857956,18602.18029954611,5532.456288264839,2.123079912547092,6.373613940518029,0.08108684962349233,62.85616805252025,256.53996607106586,11.987687697232943,14966.027485518245
Container,LNG,9.488370266016492,29201.403351525783,1016.1544931428062,0.3326461901855039,13.755064728967323,2.373475987980291,94.87961722847683,359.8189953683583,6.882234738323595,2274.8144763697965
Container,LNG,19.974429921068044,11861.934956408038,9296.656014697302,4.506733700397771,10.136934917895463,0.765016805141086,2.9602704997982876,70.01338273625717,7.134875838588463,54745.731826744406
Bulk Carrier,LNG,18.564028355581577,2887.25118814796,7955.8375835185125,0.38011509990320613,8.565606158452896,0.9835501265516261,208.88032612707022,82.6520821727298,10.464391259155489,40305.945700942975
Bulk Carrier,Methanol,18.711322538128243,16588.58561063921,7828.309495953739,3.73042066333884,14.063553244305623,0.20233725985855433,309.8875100159945,106.71056419078865,14.49768580607344,47202.688232103574
Container,LNG,19.464079423672793,19512.05754109192,5180.276620653176,0.946292814018542,8.777080554476061,1.0101630361333025,223.88865683525304,282.63936304743663,9.43976150646537,27747.629377685465
Tanker,Hydrogen,13.821479403559366,5048.480787801223,4984.915045189762,2.435875389482665,11.840358704122089,2.4305532269213757,234.5786013577287,182.1217552223446,15.95353470843288,15024.650699861684
Tanker,Methanol,12.155191101481673,17032.997232520705,6482.4297730093795,4.739094956152291,11.797062816021414,1.735049294595191,23.87533304675211,205.44372460236445,32.666604600865945,23178.323823471517
Tanker,Hydrogen,10.430274945196933,6735.246528089673,702.0735134993289,0.6098655652163918,5.580865808305937,1.184562112082999,257.3305988798598,196.74257414979687,12.848090285888503,1282.0883906542606
Bulk Carrier,HFO,14.51330046892311,25497.17167855098,3657.5973941932584,3.702613664184153,9.651169936321875,0.7686791150308825,147.24159076564706,337.4536871583143,10.051979510379407,16190.493448069565
Container,Hydrogen,11.420531525242687,25219.68337773106,11855.940665392245,3.4081412094248607,7.450566249251521,0.9151098982026049,170.5364866342073,12.547069104925566,24.94328759006695,27314.982594457935
Container,Ammonia,19.291059424132516,13459.243783954811,7980.0906206241025,4.784660630323981,7.195277280911615,1.5280703749004962,210.60560498660186,56.849617880497014,19.726431138820956,40630.76891203799
Container,HFO,9.04403478687057,29035.552524871317,5085.316568466133,1.0327683051499605,12.20458077489931,0.6361251565132742,351.1311709825108,137.56067355775704,6.417620474277714,11995.079797904838
Container,LNG,10.575164115174337,29413.442359042507,2746.120924991391,4.418852525033346,5.125509948143291,0.3798688137380002,269.3459720582792,175.6911490058877,28.634219934991663,7021.80428865877
Bulk Carrier,Hydrogen,11.711234383917695,4748.281579480965,8967.991406612779,2.530654462403173,15.65986876035946,1.7405716848591204,246.2137523404426,41.017287556006174,26.46028915561328,21448.54186879784
Bulk Carrier,Hydrogen,11.188523827525145,11663.70034014156,3197.4546855036774,2.414677127463526,9.349301066053032,2.1736744427971235,155.48149252271395,321.54107736380695,34.318950852210236,7542.053847228886
Container,Hydrogen,11.483562802376813,18409.322631352694,2032.2042357709147,2.0536354945353246,8.286838812893956,2.2538472710520336,12.4021859503892,244.02920798037448,33.14919858686887,4511.967153533382
Tanker,Methanol,16.21652365567296,3460.296477861887,1938.7273127880185,2.1821003894579567,15.119718399312031,2.1035463296950256,193.92648205158304,335.60760882946636,22.52744880875732,9315.164375557428
Container,Hydrogen,12.602632861444642,12097.009610609974,8778.233022060316,2.907781982696216,10.353393563175295,1.326499204249798,237.91724293562334,338.68844638421467,25.580638807418378,21709.774053862762
Container,Hydrogen,15.765268200937106,8573.990436481132,7749.442026035737,0.6767190437867153,11.757577766338056,1.97207742251021,253.50828649495728,184.51189958486086,17.285204719604813,24765.803937195516
Container,HFO,18.792837270109203,28609.45640803442,930.6925825176443,2.395355697313973,12.654358235006576,2.315889329418466,218.8371899790894,307.08296590607983,31.654015595871396,5714.93931679394
Container,Hydrogen,15.628124420782722,12935.988862112645,1469.0095028102098,3.620698561321424,14.585524008329099,0.05840647401783555,108.13212903672091,265.231652991655,21.58426475598044,4594.081287451353
Tanker,Methanol,16.639860704150195,23117.454897877862,7642.777721507568,2.790238708566899,6.427161887987618,1.03024554427048,79.5713046062912,129.7829418331745,14.766539790051365,42540.45107308511
Bulk Carrier,HFO,13.02053628043493,12214.45554185304,6896.281612278692,0.9954791317879631,5.8981849700122595,0.5103136989254873,32.433847811340776,236.645740726703,5.284744757287476,23795.34619061872
Tanker,Methanol,10.757123143849801,4822.550042146228,8263.38881842458,2.060479189674813,15.93081862768213,2.4919219635613077,253.01929423842358,342.9890705711149,22.593492949309994,22730.929150390053
Bulk Carrier,Methanol,12.526424686948967,26031.394374664575,2218.6630095228174,2.491993041900021,5.097721817886775,2.3239150240829356,349.48293884767935,275.0432535305012,20.763016715446838,8025.270547167388
Tanker,HFO,19.60710913574519,1012.0905901900119,8746.396083984288,3.7119239990180284,12.790142289765285,2.005464877689967,189.00808733215825,255.38836271834958,29.356315335893097,62264.00813829406
Container,Ammonia,15.839925228984509,2622.2853452590507,11239.547961233542,4.964138141702488,11.721718981544832,0.739699512815414,242.34575953201687,79.87373763136044,10.610138789199091,40877.58052669663
Container,LNG,12.052622313774167,11567.147771014254,7252.49874297175,3.07202776797422,11.078061238800835,2.3802556613628263,249.3369009223936,299.20625672452485,29.462038035420235,19798.475729693575
Container,LNG,13.960067938783142,20920.049410043357,2433.947233749128,3.7523878918337665,13.644107550981028,0.0731261001553607,58.11915809620334,140.2793110661646,5.458508307666907,8328.373764132855
Container,Methanol,18.190643411740936,10909.424563432496,8186.571877880868,0.516823977372784,15.917202423990046,0.47009926629393906,69.04851078781036,224.66805042933942,22.61940133099197,41123.613438849956
Bulk Carrier,Ammonia,16.35287927776351,2923.071711008274,4182.672034198166,5.254121958477002,5.515744036433201,1.542184385577316,74.9438029332701,243.98175690550255,16.90557203734643,17306.98961095265
Bulk Carrier,Hydrogen,15.16718124802085,10217.360978290315,686.5241819900849,1.802126927919824,11.759835419074983,1.9825167801457708,335.822952135845,185.4869136019714,14.945615640271752,2299.6026519976194
Bulk Carrier,Hydrogen,18.73679164297225,8104.444910714707,3697.830474694732,2.013175448314776,12.884554353929557,2.209077132788926,5.608821800267965,59.61069005511832,17.99887901500162,16109.507323802009
Tanker,LNG,16.396835294384694,1157.1741947277408,10876.46271320657,1.3033510154641683,8.365332367903203,0.7512715267531469,194.82075828342408,251.0842510943314,11.70774458597218,46484.99020405802
Tanker,Ammonia,16.07002703870205,16509.255482231652,4992.557910094105,0.5572183875339657,14.821475234130242,0.9770115026739232,135.78394404607675,89.0072366490915,10.502769592999254,19494.120742117506
Tanker,Ammonia,11.08744950931845,4382.731527581396,10389.517522569999,4.366252666765996,10.026921255946831,1.137068504884366,237.36612101884302,95.5312432114028,29.153206520043486,25987.936851416296
Tanker,Methanol,10.170275513136485,9337.392375103318,6153.046187921221,1.3986464412133333,6.809263081471414,0.06743454633478724,79.37717931688454,45.64493835684261,11.832749006919421,15625.055196709729
Bulk Carrier,Methanol,19.61656328763139,19594.50507645002,6252.03806861924,1.626513770864691,14.3984859762233,2.1599231326302553,346.02149510084894,223.1792159417684,27.109159834890978,43080.24104330373
Bulk Carrier,HFO,15.58744207110388,22028.35497586634,162.0742206722426,1.0816998936738722,15.372181824671083,0.844871038465454,119.23752029036316,42.2660668815226,26.34081633327897,763.3380701261118
Bulk Carrier,Hydrogen,13.57251750061072,8640.213178824653,7681.538472138768,5.364380513613953,6.094664102056179,0.4981961343884131,333.33364138196623,124.27805692965406,6.002012471210074,22486.59341483262
Tanker,Ammonia,15.479229030012394,10546.616460891786,1382.9847558620008,4.317587905307704,13.268489538700084,1.0229926577498825,212.11212850840403,320.2279913568455,31.432172605626356,5749.461879411726
Container,Methanol,9.679931571788869,8160.367905696492,5797.106134716446,5.121458109895783,7.365156410817416,1.7764084372475617,149.20599562974198,163.10377068474352,28.68065390280141,13754.819321749084
Bulk Carrier,Methanol,18.043400012945174,28749.769409169567,3197.770582331377,4.753306182088956,5.073944394359239,2.1772889484845273,264.1987883766057,322.0216979569344,28.882017482701528,20282.575597093706
Tanker,Methanol,11.383100891207697,6525.072082634682,4769.3572933688465,4.994002717544413,7.866752051739271,0.5384411655390564,199.10328273567615,177.37810772511912,29.275731566570805,14687.64531548908
Bulk Carrier,HFO,17.850006069497418,6312.237505376612,6491.22053243493,2.6867838799856427,14.404008187428216,0.43153241758848937,49.88970934967549,64.38017100794943,22.476596872251914,35696.56900128426
Tanker,Hydrogen,14.878162875899717,13906.023579114428,272.1229637634767,1.0209237617283426,6.5530226446210555,2.359457419550858,253.61611188034033,273.2096508435226,34.801426006632866,908.6563318184028
Bulk Carrier,Hydrogen,12.04229215022593,6489.884416816505,3486.5446409323113,1.86515380553074,6.437357712983067,1.3772325479089194,208.61780843026986,127.24107790395846,10.374564214323652,8084.018323674859
Tanker,Ammonia,9.332309430662775,5544.545232282636,11876.382018073193,1.6792381917011996,13.129524768201719,0.9144300474798086,203.632194839327,347.907817796325,7.170077928250244,22239.780877211128
Bulk Carrier,Ammonia,17.974166908592665,3780.506593331479,783.0495972646594,3.972522723047325,9.469956024211019,0.49829863766030713,265.73248093161374,94.36652116092677,26.12502417138266,3696.014664496369
Bulk Carrier,Methanol,10.941061556162374,19564.966195139234,3900.7825090726833,0.23863250605964914,6.6333467978806215,2.488119555496097,235.2528675298576,295.9730721317139,13.818117121870587,11146.331273037313
Container,Ammonia,9.569856272038608,18750.385392154985,3924.915552079314,0.8670279605570763,7.530004141303889,1.7979607177288788,131.84732285084334,177.7897262066817,23.24699671790158,7573.384373949708
Tanker,Methanol,17.31465503908469,19854.723864461022,4614.692459099874,3.7875796493762492,13.74062117484165,0.5447132704429131,114.65595707516317,303.1676157730992,16.75104838816528,25770.89133607758
Tanker,Hydrogen,12.850475446102767,23425.70023227249,8248.89292946391,0.7665887105223838,11.855956690638216,0.22814861206788217,90.29478823706451,65.89304309986677,15.005724755030105,22580.38876833449
Bulk Carrier,Hydrogen,13.28267406150815,10464.382370984698,3048.1512043272787,0.36077599416016115,13.370216498231484,0.4982058599206146,207.05235495981486,228.12065384000468,31.797458737846174,8365.075851356856
Bulk Carrier,Ammonia,11.71774346008791,27634.288274745726,5577.205195219029,0.6897618889004307,6.075505628868415,0.6193565097689452,107.95959329029208,40.74683725286611,9.261303758357958,14290.286238153087
Bulk Carrier,Hydrogen,18.45096326566587,22262.933720993926,7773.876445544145,3.8296404264327206,10.039147111346837,0.2777141231540073,43.35058504743676,289.98570464070843,10.669569631809473,36404.75201996663
Tanker,HFO,12.270624787171853,24336.54906885442,3935.632494110205,0.8523564007853804,13.768168758594653,0.5741284267843416,281.77109717788437,84.83530518034665,25.03522558610242,14052.983262541786
Tanker,HFO,11.312118267261262,21907.902750974623,11390.393707988731,0.8900435501369994,7.923720259552741,0.2919492623323272,75.28760718563778,153.92717213237046,28.478030382953897,36070.36788643543
Tanker,Methanol,12.401746989697717,11395.213717544293,11758.104355817908,1.3436210624991363,6.861078652136315,0.9443292522164065,59.35571706401532,236.1511643011401,29.966434759547646,39266.842620991054
Bulk Carrier,Methanol,11.234645326841367,9207.942153816413,1524.1154554813825,4.154917802661222,9.199622831989114,1.215488147924605,305.64035021730774,172.15726650106367,11.934491490267558,4245.318867711027
Container,Hydrogen,12.494207428857283,13252.99501779141,4191.456624369641,1.1819057262081907,8.667179712226588,1.138212431452295,252.7660831182338,280.40289541916627,31.463402548683618,9966.450462553486
Tanker,Methanol,9.912298451549903,3813.880455467395,2574.867630697056,0.2910271423107189,7.04020056770424,2.0730251708726617,275.8165076559341,247.74138346515377,23.286519692736658,5957.3322801901395
Container,Methanol,10.743830320314043,14087.134545412466,2322.79618712967,4.991662120110079,15.493394178918845,0.6349884658367786,126.12979660257506,46.94607123828958,29.696552567421296,6449.636589359372
Bulk Carrier,Ammonia,13.587581717357626,2251.0885097619553,5942.660076225527,4.832119491170983,10.314082450109842,2.2177345597208658,222.27703477995803,278.4466119619392,7.05565820609659,18210.30795925146
Tanker,LNG,18.674135411488642,1114.4328407886403,6809.542586805059,1.0980226048409512,11.68883991720917,2.2703070463220056,335.5899300787809,152.45363335725256,15.706830079562646,37434.78738281853
Tanker,Methanol,9.630198213945144,28013.46924476609,5165.259283111431,1.5328499847766568,6.332175996245546,2.39949928000911,101.77101447994502,215.19278102943218,20.745919534720066,14763.440501152065
Tanker,Methanol,11.339421774360337,20990.768957048895,3343.4029898585923,1.1182108857956612,11.71038596944664,0.452458084712212,24.82635441399672,77.96635187005144,22.30871097746858,10123.86978519707
Tanker,Methanol,18.99180243095756,17293.5614649131,3415.5967336183116,3.985486510393342,11.1085496252931,0.6143778655884282,61.516101273289564,152.3129732555624,7.972146622211184,21707.77319919276
Bulk Carrier,Ammonia,18.790161415759137,10891.959143268678,11906.325060454697,1.4500479746218533,15.251222605503358,1.5595806933935177,323.08786164386055,294.1780028057895,21.159747338065266,56937.77809834478
Tanker,Ammonia,16.473959166255355,17545.60242586715,11091.760750483982,5.129828689843912,9.53548481179248,0.35222908301272227,101.35118958966319,333.45409334983304,24.964592992790738,52471.7589809041
Tanker,Methanol,11.645209095047617,26855.69751381162,1003.1962077733504,4.569261531671272,13.602683105238388,0.21405332584106124,176.85104644121907,337.930503264184,15.84785257294018,3605.02510497129
Container,Methanol,13.617916171613643,19919.023884372073,7912.952758753895,3.2773660888762355,8.345990763083343,0.18424303007861936,192.44481626394986,252.03198202843708,20.022177328418923,27164.789158122974
Container,Methanol,11.323430938817616,18471.97794065162,5536.843529069647,0.14826641345405125,11.368343919606687,1.515374086665622,345.60490500636274,28.40773854954357,13.776992649321796,14437.191952891448
Tanker,HFO,10.414473600377235,14345.930586178663,8296.887756670027,4.87181479465,15.196674369686177,2.0116953550249663,108.53244550968037,159.3479904819547,31.11500815615956,25518.764787614487
Bulk Carrier,Methanol,13.179982339652806,11025.213888874881,7203.832395932586,4.029912891275792,11.875784418347859,0.6472141566479717,187.70086475641196,69.50562785418246,22.97619820070079,25825.261296019617
Bulk Carrier,LNG,15.334037655773852,21257.866303729643,10682.103560980768,4.354699941321434,12.822745521431592,2.333834717814471,344.9247582820103,251.141243242789,21.53821688407687,48405.47905840083
Tanker,HFO,12.959259430112859,29448.447289458614,897.1609400370177,0.4878561046887516,14.635829777228494,1.9798387697476272,72.48413522260115,58.09361130932788,33.3307227763313,3591.9961272870014
Tanker,HFO,15.719070055125666,13317.973112097114,4260.215153486695,3.9262249191801284,15.179667996396795,0.19365101341267815,215.2387086506456,351.927438322906,24.947945709803278,21563.516121704128
Tanker,Methanol,12.25880208917236,12373.950916411823,11827.380096729457,4.444783157570376,7.291023627233738,1.0182578213120368,22.89843217294232,70.03284618256973,13.394703246182843,39627.04029997521
Container,HFO,12.804355805368694,13415.290698586232,2269.1956529883396,5.265830923248096,7.154218347921038,0.17003716508564692,94.6710643169043,18.97694012005594,24.252592435818478,7818.845523669041
Container,Hydrogen,17.697409508090708,13340.775073441924,1615.2679301291018,3.2345405530251523,11.055237395996643,2.287985394483737,24.917378250282344,303.6768849949434,33.84870369959664,6471.6577778215815
Tanker,Methanol,18.661462039832436,29728.118427686357,8774.766871406848,2.8434260007960668,15.950680139369972,1.8570053611816135,118.8549891582283,72.81766393885468,5.7067476778189565,55908.8074571963
Container,LNG,12.542374896841572,21496.569467770878,9351.478404207815,2.3971426659023236,10.39167555641858,1.7163628258867927,74.3161708067494,8.644589457413673,23.797730210329828,27683.07974803975
Container,Hydrogen,15.28667381479804,11416.349027107159,8100.055217328456,3.886953477209077,8.639954594137699,1.706754616535496,287.4296602159996,197.30791363252095,9.70504882659348,25324.58550135849
Container,Methanol,12.059785122814949,11773.568840974955,9336.730362243112,5.072435045458914,10.909874024263974,0.7129562547393589,166.82236168183584,348.9241577836617,29.493785331991678,28452.83812793487
Container,Hydrogen,9.586681058781704,13493.110817577615,8355.28670790875,3.338677263066593,5.70835351527272,2.3338478880017717,145.8000769516208,96.29915304690648,24.22053588923771,15496.85133172584
Tanker,Hydrogen,17.116428994964487,2064.6534398330414,1715.6711192412035,1.327331664145035,6.949274473409055,2.306941645550987,249.23632589582087,147.1402728439266,33.109684789087,7007.685471659151
Bulk Carrier,HFO,10.881038315597653,16306.67565861625,7337.840579994234,0.19489933166955442,6.63812459081161,1.848722023435577,340.9917534902514,85.38008605413957,25.087335862922895,21082.9793861393
Bulk Carrier,LNG,13.682837761216089,24530.047594160176,9344.832522458437,3.4432108386446494,5.3070709957815705,1.1723255176794825,108.55562146642086,200.87458491255808,5.516566794729341,34665.78506577053
Tanker,Methanol,14.357500427170725,20156.466003017806,10399.647615261167,4.768828595302884,12.944335333498124,0.11778932697678796,24.03037704427827,116.2041014006667,20.31061533202503,43974.52738112465
Tanker,Ammonia,11.029187425970164,6754.204556084706,3030.199387936121,0.4562664988964107,8.58022000448006,0.07077837534258918,39.52086021151333,212.8908686961698,32.11004190848466,6700.919979012876
Container,HFO,10.040108857297358,22112.99299997273,1616.4260551686089,2.246884528391268,6.8538994236629875,0.34533583230966947,308.5974085754432,172.0875359135181,11.969090125139873,4030.803166369543
Container,HFO,12.828143161381776,21864.29958362888,9394.976278632697,5.176253400836875,10.634681475781857,1.489411734232644,304.50779685094835,334.40949776699483,7.486892125396546,33327.99703483839
Tanker,Ammonia,19.475144983053504,8613.637253820914,3152.925305924418,2.8090557776267486,8.557888465692713,1.9952484480117347,171.1315464889143,241.20629886861403,26.596636076655255,17884.08436681459
Tanker,Ammonia,15.766491489872635,19063.36504885112,479.9607920185592,1.2915544408584028,9.323195478778871,2.3711644006840475,53.15146679013702,245.73386052139946,20.075257008173597,1920.7621143307808
Container,HFO,13.195512512431929,18717.52196053615,9920.04140742672,2.0097446235517817,8.470849987679923,0.43840519819036694,189.53617557246508,175.12804151619034,6.427857841841048,33093.61092888773
Tanker,Methanol,9.428019028516363,25353.841091829265,6121.294492349234,2.303953657451954,5.043818657947154,0.6888197019903958,240.6318804647251,109.1322293636784,13.397456973182722,16042.637601582272
Container,Hydrogen,15.6030060953019,4946.097043169797,3986.934275898221,0.7333633778506776,12.571617508608176,0.13525071763603763,119.60513644593941,113.02676302236074,14.80245942929286,12165.329570848495
Container,HFO,10.014834050289098,6650.31663083416,236.00635225543505,3.6682781167814205,6.217595266074657,2.4726179172021987,29.706490375498053,181.43694107021386,25.035844339625058,581.371492813887
Bulk Carrier,LNG,14.96798478152279,15093.115609266351,520.3965920245774,3.297687377099373,7.410566367692664,1.9522876980276826,115.89899102213184,69.0880244768201,19.148006621322985,2139.3410010777475
Tanker,LNG,17.27145559098917,2280.2093178769037,9532.216919667508,3.597703540474118,7.093487479202146,1.2017853229750686,248.6066279775011,47.67364413015254,19.615709796832554,48745.6233145523
Tanker,Hydrogen,13.65943883124265,13052.23173044949,5927.500031081887,3.398274470873015,8.645040250485781,1.4389133882561136,352.2123679762248,134.05142987097778,29.198110987837325,18551.82496075964
Bulk Carrier,LNG,12.293526442981769,23858.352217991975,1881.692386627876,0.19002916875703424,6.762174474459917,1.4054360283327296,68.43245253954176,46.971165526385164,13.352512955043894,5878.090341204983
Bulk Carrier,Methanol,9.521226571993585,5312.717425535949,4366.216964263316,1.0420993876581262,8.816473366067495,0.6359018828578757,329.24006914615563,83.07417039100874,25.17718224725927,10063.942386570146
Bulk Carrier,LNG,9.272556626777565,14338.51337115922,2067.131255696522,0.9940888105076469,7.675907803885075,0.463476735733549,164.38424823033674,192.60856123908164,16.02671914486175,4442.751170781322
Tanker,Hydrogen,13.730292266100733,29703.307768090894,1443.2904828466008,0.6289380260091431,5.673366244896521,0.74243929155533,238.75852516229753,284.43413080161474,17.55110142639813,4641.321714274599
Bulk Carrier,HFO,18.716797977732647,15671.680389321067,3388.063066022309,4.071569175270692,14.576192748868122,0.6178838744903747,310.93161539047765,80.91777132423712,21.677072395122824,21189.14974185388
Tanker,LNG,11.684690566725095,15451.390899540625,6639.15171480253,0.7487409581838551,8.361392178085826,1.3938202246609024,200.6857487930412,284.999214014495,25.869404144068763,19508.016039121805
Bulk Carrier,LNG,15.314610563600034,17205.013928000873,2599.0786329655,3.708247996631859,6.048103610140187,0.7705070145996423,22.126098250698245,5.594981457627566,33.355857826981236,10964.462848563995
Bulk Carrier,Ammonia,16.527364016477378,6394.126739649495,4189.685867288728,1.0633076721298473,10.736790168473352,1.8223619790391905,95.68032196321514,358.92818348559274,13.070334876748188,16625.207753802937
Tanker,Ammonia,9.669128542514976,5267.752597892384,5787.37751908187,0.7388749625388022,6.356030702056835,1.419849332142589,289.04606186876777,186.09802233882266,8.112356589262262,11333.525895006756
Bulk Carrier,Methanol,10.684104133837149,20643.284244338145,5098.353896279507,0.9776622625268284,13.504025216025315,1.3306594135351182,199.04106092468876,171.3194465487032,17.86375768017811,13378.793133016228
Tanker,HFO,12.644044727615238,12477.237487267335,1630.6708095433466,2.8453786653053084,5.677357375638235,2.3782344177231165,118.4667338622357,234.20010689525844,21.401479964530186,6009.566531433082
Bulk Carrier,Hydrogen,16.371024915634276,9407.292218248796,562.5010628770693,3.585605553231881,10.110995449386543,0.8060238384508032,209.98862127168798,171.06332895599473,11.840108121176694,2128.4740688555626
Container,Methanol,13.829386234509066,1910.35697767703,521.9588506923732,4.484394244311239,15.382089631273562,1.5881746580998195,96.68523821149488,146.8880230504754,31.71487321894256,1876.1236214038668
Bulk Carrier,Ammonia,17.0761457504007,25535.46441817599,4267.1303145316215,0.7942359095090052,6.748659590242548,0.00012656756857160056,86.76370794045955,133.5539850882148,28.965410476386708,18402.566331841972
Tanker,LNG,18.54357652130512,1937.5371095001497,8653.744734594142,3.427408435883483,7.215055445960478,1.842309118193173,298.2214886655293,352.0198838360586,19.809917403265814,50772.00247251978
Bulk Carrier,Ammonia,17.34209504258397,22749.510598416262,1661.9380548783208,4.278733836820735,11.605114025347373,1.2563598225419028,144.02433825701627,310.13881859662155,18.50191799106766,7955.676230034326
Tanker,Ammonia,19.91471928044574,12077.668210958847,9465.063384736664,1.7869879261425758,15.778394787548734,0.5209623932111493,98.63602082336502,180.86780984930613,6.222237701138375,53418.04114816207
Bulk Carrier,LNG,17.297971756048145,18361.946504634852,8616.524280834657,0.5304641285841635,9.24419323114153,0.003776391071542984,147.3035155446388,301.1229432945897,21.106691983288293,41933.43148527171
Container,Hydrogen,18.373971145081956,8182.662020014707,146.92754153877314,0.9421082005591749,12.135096020549273,1.7673599100093842,331.4279984260983,53.672176627499326,22.87241286271662,602.0972731900732
Container,LNG,18.15602994311501,5506.590320730121,418.2996884839568,0.5944166968264664,6.675487690597973,1.6567517588764347,65.08392854840707,190.60018786599167,31.748953443573495,2095.4552419634106
Tanker,LNG,17.03292338508051,16468.252024213474,2420.8952649028147,4.890944427522461,12.055368465907325,1.6635177911989174,66.68256522616123,162.06164333108626,20.032941972394468,13023.381973831923
Bulk Carrier,LNG,17.819819983214796,21172.913153670164,767.8388415019618,2.134189009145267,7.779282714503825,1.093637057801153,127.3553518410495,116.9575668484516,9.721322680343878,4069.605767776557
Bulk Carrier,Hydrogen,19.28151550654151,6669.30555340925,6422.98295271664,2.9260824677332447,11.746163682404637,1.5982433144248718,21.757962592137368,330.63838006144067,10.401707036700468,31716.612983907606
Tanker,LNG,14.227281163789218,13654.409475544362,571.5644113551477,4.250916019743299,5.975273288919704,1.4283369752651507,26.971641369439713,299.69757480115095,9.796022555702926,2261.9827499887865
Tanker,Hydrogen,16.021157263037978,13894.994138450475,9651.485472145232,2.106091479451909,10.77465923875862,0.5972376115281717,3.952290266670291,326.550942690662,33.156046221666834,35868.51519511251
Tanker,Methanol,14.664336937300499,7263.395323304421,5966.248620455145,3.605154334989109,7.611454941405644,1.2969201036710714,52.627349844264884,228.6780951443033,28.801677720812215,26255.31000010333
Bulk Carrier,Hydrogen,18.361406859112805,17386.4339413118,8762.656963402484,0.5140712073795638,12.498795736623547,1.2864819865472379,230.53945653495978,135.43963314411533,29.74298378960161,40937.98201032588
Tanker,Ammonia,13.744955631586581,5232.134916669319,9033.360356136509,2.696890496870443,13.22436765775147,2.0590572205834343,70.7134088224299,272.4525251328259,30.213005564313622,30641.18856231516
Tanker,HFO,18.01699448259206,15782.72602623882,6130.490882075769,0.6212024173196613,14.329567836153371,1.08372255667684,136.00438721843258,39.08411106916931,7.869039277697758,35798.992829633964
Bulk Carrier,Ammonia,17.792900325628526,4289.513829613985,11111.818227416246,1.4407343596732318,15.916349058109901,1.0902135894156926,254.01072107077977,307.10864875893185,26.06530568544836,47168.90115764527
Container,HFO,19.580747115054496,15080.729856798986,11883.865208878166,1.6840404690155308,10.052902576185552,2.4610111781870407,11.456338235030973,10.360553720994062,26.130101375660754,73530.32640311298
Bulk Carrier,Methanol,11.738127691831608,10036.372591391148,4374.654763573096,3.9749525409895123,12.376538589280567,2.236159682147333,75.26120935686993,294.55645837941705,11.744651237922348,13316.371844691905
Container,LNG,16.805814608745035,14115.142470364515,1597.7832689658792,3.740162605961971,5.202660878773338,0.6057149751093543,358.519756856033,253.41858155848612,19.719973107177122,7263.200829120369
Container,Hydrogen,17.32611447412235,13578.73142385205,4422.534325909616,4.134232480227755,14.955957366368322,2.2757327366716678,214.90624827110616,31.845752625107945,24.87292652355454,18577.890003203105
Bulk Carrier,Hydrogen,19.299063420851322,27330.060561739192,2757.9113744698143,0.43347725508160984,11.773174600814368,0.34491664086508195,237.5926740592683,52.91922525592152,31.920093107378918,13236.59308235078
Bulk Carrier,Ammonia,18.97592659861084,15208.13239873742,6418.967438034826,5.467136745734453,9.634794772005609,2.133477646850001,185.77728288174131,162.86092343348867,8.312765327899506,36941.63384240959
Bulk Carrier,Methanol,15.308784478792932,24736.468212429358,4602.812454903577,0.3938681550327522,9.777440170367157,0.45830844182504327,347.72128653232323,107.95496169375147,31.76579462019905,20509.32397896166
Bulk Carrier,Ammonia,15.370685044503777,7543.919394439742,5817.348030012811,4.559038073771432,13.337952109964352,1.0640083722459102,51.94692732213926,312.22535654257916,32.67244899781518,22161.49753098128
Tanker,LNG,10.840203512446523,11210.401044393506,9181.932155304417,4.097452240794892,14.168170038894834,2.459804078170849,24.25420476928343,69.42009591980633,32.708295044721424,26942.49669565616
Tanker,LNG,19.724589726661485,3177.592038362537,3360.8495970480403,3.2955136686558277,13.88694043946337,0.24262234138057587,293.81982028649765,150.14878599204593,5.1450467631553485,21043.028473760238
Container,LNG,11.805192089737695,13201.686049823315,6495.949223212733,2.469828691782931,10.61643118351726,2.0994695499200136,1.4746930300391803,93.76957035083024,11.629963182644564,17802.336706967573
Container,Methanol,16.972098402964214,20392.296725173,4088.418867011392,4.188514707658986,9.082613013248348,1.236834873819149,202.16224974738032,45.78557885019836,25.737357080761136,20450.675038664445
Container,Hydrogen,17.753745052858438,25306.84398917249,9441.03428303587,4.095232137651769,15.40093297557089,0.27747841443777593,0.5084593693746697,93.50691053121226,14.652193429648328,39746.647568135595
Container,Ammonia,13.853370550725192,17411.5324421755,7710.4859256515865,0.8407630116449444,11.976194772472308,2.381228447762507,125.36807227719568,309.5953547637578,6.832498745475883,21856.124787465076
Tanker,LNG,11.323130920319638,19562.107418199277,201.20629307626774,4.380215353988699,10.980187498936328,1.3730784203480648,234.31912892178858,257.5800506685696,27.888262416478124,622.3471475696942
Bulk Carrier,LNG,11.078564226416553,6140.745250891497,7954.610959152098,0.5242077861488124,11.58150825231122,2.2016025548108384,197.03749222989234,329.12640372110474,5.857765773952605,19555.821856508406
Bulk Carrier,Ammonia,18.42145600991751,2078.975108769742,2124.9278959923295,2.802949167494088,11.92853159004911,2.1727673549668767,201.55042872420918,145.90055838652347,18.380639837964317,10110.854110603905
Tanker,Methanol,14.618321354233663,23958.956210142165,8721.238103416166,3.5834418634628493,12.843801725175943,0.03658645735174465,56.64463034331661,86.54856745572837,33.42728272266467,41038.908765019434
Bulk Carrier,LNG,9.991506802420934,5844.108015797306,6851.330135460951,4.53711982982623,11.085031645452824,0.6621017589145897,106.10377275554889,9.474313025840884,18.206984790922544,15909.459415696681
Bulk Carrier,Ammonia,16.887214200391774,3643.91653044982,4877.643864905779,2.6007951777024907,14.628908899032265,0.8423039490328812,255.610480824296,178.2568546871086,32.35661856208419,20702.4588935657
Bulk Carrier,Methanol,11.751881580855326,28189.307306291263,8359.390507566375,1.3790336188517842,14.456856357010878,1.3371601138537628,8.38697875472481,14.302203694419582,17.270127377876612,26663.80719536137
Tanker,Ammonia,18.640342258259672,28942.11955771612,10293.460101838484,2.7495619234656754,9.86483519118121,0.17966502460270178,214.3019885030117,1.5389953911742493,15.400583273058785,57019.36181184671
Container,Ammonia,12.405289646329727,18871.461456472345,9367.05019495867,1.4511237963604486,6.853897233380902,0.9724172458242247,186.14362027084775,217.69493050896347,8.221484077970704,23332.187433518735
Bulk Carrier,Ammonia,11.202979130991574,11980.48090793151,6590.0133912057,2.9551170598632015,11.34321285148211,2.0365953090577418,123.82459745116495,59.337348808334255,15.742727270815976,16643.77604570448
Container,Methanol,9.933442879104277,25163.946687957505,8700.062411088404,2.597544188775197,11.828134743443004,0.43297778751816646,120.51911146758641,201.5203869053725,15.109594700654194,22219.140387371237
Tanker,Hydrogen,14.626842503014123,6936.87882072696,5025.583197273768,4.31472421225213,10.757175313491087,1.7531911864409568,287.6209984069555,206.46817282835045,30.39653557930955,16923.72064168468
Container,Ammonia,13.95811346600116,13452.377495460776,9489.410846601231,1.3964866125896565,14.796355946013628,1.1508235234681843,137.5188705919247,260.58209778119726,32.59745522647958,28789.988514106226
Bulk Carrier,LNG,17.26443359063457,11353.501671017451,9965.717510311535,1.1799199946278336,6.023222827268025,0.17676279724121197,28.74948835547727,137.92631480800284,5.657902572599896,46155.25843069804
Tanker,HFO,14.1106284591234,27468.299731508767,1733.796658829145,2.660600833661584,8.161603553187206,0.44343516407238687,346.33419802581244,253.85598218070092,7.947692316410022,7598.96209032811
Container,LNG,12.781975658168081,27673.545045505936,2932.573179167961,0.3727235720305936,14.523688309548804,0.3525768293346365,46.93293443409057,131.7475668382144,24.296854012705495,9038.98226887678
Container,Hydrogen,11.878204071962385,19875.691863386324,3312.865974454985,1.3384393935517318,15.333546443244261,1.549294615796883,287.08337882469243,35.20335498451767,19.54228664271483,7424.378396428248
Tanker,Methanol,12.059614200169682,4211.464067908064,2076.37245588689,2.0100065366135365,9.685175821728254,0.21831099720705432,5.019600130124542,111.59643172639387,13.90635905141288,6305.764742170651
Tanker,HFO,19.20632692010595,14983.590900090772,4771.166582079307,2.733200447828916,7.119083800250317,2.057616951943732,131.18343184723443,2.72423856045541,12.79721179148984,31158.83779999083
Bulk Carrier,Methanol,10.815864622965936,8114.522620497645,2397.095216250386,1.5549582406169662,9.623624461609282,2.0166478273422426,185.46499679384002,166.4860649967591,11.740237685558595,6289.308400757529
Container,HFO,19.86994067012865,26662.554232349976,7186.917800026653,3.1274370714253945,10.017830899665496,0.2001549928019561,10.721694279248503,266.51202031517965,20.763526077744114,47910.70195357709
Bulk Carrier,Methanol,12.596114007114473,5013.681171469855,1309.2237704816296,4.843439198803926,10.715263159788051,2.2204929943254585,264.2711858634441,282.5091203185965,5.524398094614802,4337.20033904716
Tanker,Methanol,9.972292589592472,2574.9979999605134,3312.037921018401,3.0361282913310514,8.017883882012462,2.3979020641904967,93.80933683307497,83.55481914871496,27.16653129406874,8523.212453852258
Bulk Carrier,Hydrogen,11.735594188666514,21428.44197295227,8019.695686761645,1.6489334173767318,8.438901478285047,0.10867024545311271,194.82064380745445,38.03152538701908,14.01164023672193,18933.47100572801
Container,Methanol,9.642558175100806,14145.296174076433,4842.686965286855,0.4346972488125005,12.211463944807011,2.375823920342079,285.23794765744896,66.75482590571653,17.804943537067118,10605.239128705094
Container,Methanol,17.690327460803076,25312.58174048945,5115.406628055552,0.8379980456409477,11.839735660963033,0.6986554234742146,212.8009744612618,354.13667289759866,20.811565935261758,25417.290385163094
Container,Hydrogen,14.63808203795216,3164.259303910041,9595.310510204832,3.1305737901548296,12.28312766626868,1.6619048520079762,164.02077890315755,112.35699329373847,11.34078808182947,26859.303935553464
Tanker,Hydrogen,12.70685280753481,24231.207845627432,11815.68748416274,3.792027725763651,9.150134815173391,0.4370393655924168,121.00045032536565,154.54240383625125,31.511079422711063,37014.529025345844
Bulk Carrier,Ammonia,16.28254565094719,2082.7078324805916,6824.306620725134,0.368206895191981,8.701025223498814,2.043639624011508,16.237882411879063,27.225563575639097,25.462797655348016,26448.111019508786
Container,LNG,15.937111785453522,1814.0303455047522,1040.8993404169323,1.101969080452801,8.866925402702329,2.10478335390106,328.6875609962451,284.15890916975076,31.10889026208999,4058.2636564439335
Tanker,Methanol,19.338592981503492,14378.15680019986,1324.5453932612675,1.8230388616534812,15.462941340386353,2.445853512991238,213.09532635779274,161.45652618700942,19.263518157927038,8562.317706099233
Container,LNG,19.573865684232175,7417.447400738903,11625.158592150052,1.826774787954713,9.34769613458755,2.4813336554270817,227.35279914435822,31.463241790190715,17.973813739682292,62384.07986941463
Bulk Carrier,Methanol,16.48752153231946,18217.84250318939,8182.895461706812,5.27539787656099,11.667456359717182,0.18964426944007018,158.5844919705449,170.25909208999812,12.114277055274249,41333.83082502211
Bulk Carrier,HFO,17.99597519968585,1748.6928321326427,9054.38250817245,1.2003612288890821,10.751275058831924,1.6449090031951863,134.17637615720267,256.77886390882134,21.345210836223778,50875.23199038417
Bulk Carrier,Methanol,17.716676103686964,2026.2967285263774,8141.588716457943,0.4376098871871881,14.638439975939413,0.682615442880731,16.795706687565342,170.29364043841906,22.7949071995372,41260.33301954904
Bulk Carrier,HFO,14.404338859698898,22087.30638898627,2237.449460172324,2.0062800782865233,9.06028480857427,0.313944464077863,60.83698620791664,348.7077935202802,17.597701311255115,9248.225068966782
Tanker,Methanol,16.749041168367587,7094.789712277038,5435.5097138146675,0.8259866435602692,9.775588887917875,0.3719885467877451,153.19746183412454,313.79895089268274,9.36147680937917,25740.77196076001
Bulk Carrier,Ammonia,9.860849084519272,20036.096586161275,9597.15720767045,0.7835426117332612,14.270737176604314,2.3410930973210133,87.01366946310645,185.33051653678012,13.193133868868095,20976.18011085249
Container,Ammonia,17.338231914653377,22747.742683521996,10409.719259010672,2.300233570032493,6.770533754328964,1.7091230958633628,15.999125849572021,338.5827750701948,5.427545285521003,43569.44551691878
Bulk Carrier,Methanol,19.580163079116044,2720.6038060240558,2924.292625481827,1.7545121519497229,11.5372400266283,0.12615237742260282,196.56505454733005,292.0996071431204,14.574163034537426,17516.241736843855
Bulk Carrier,HFO,9.934722284383122,23322.86467946294,7191.945310922465,0.5953245912389414,9.398990284081844,2.4605751953652315,167.08093358581488,132.5772039028838,22.4227692987262,19565.512163382497
Bulk Carrier,LNG,18.197273630510402,8784.215320877294,1969.512642587595,3.3632385189082266,15.843707148177504,2.0195305909017867,151.6942819111633,277.70754129469026,33.67133293511016,11657.117955727641
Tanker,HFO,19.262780293141986,12296.832787792699,11503.494790148843,2.8091787365098906,12.935225284806817,0.7729482641268126,282.3225902631683,182.10684024039878,10.336903891682857,77992.00830495781
Bulk Carrier,Hydrogen,11.488077787822682,3512.536576564184,3101.231039010602,0.516338212337049,5.11611889086741,1.1771667340142513,215.83002434593757,194.08022091258,6.663935915824391,6628.871329603346
Tanker,Ammonia,14.772923063701242,25320.269517580728,8746.958030386371,4.75882015967638,14.234212904913083,1.8164399480051054,0.5094533985328553,187.42356727859672,13.889338636143863,33477.31475043733
Container,Methanol,19.206440480092873,17261.134803447152,2850.2440362995667,1.637450514346597,12.734976217994427,1.690080214598616,274.2875634891907,289.32427454370765,9.703930945058094,16205.683528070762
Bulk Carrier,HFO,19.562486049752646,15635.293057567993,7431.041920254645,5.291456238714769,11.170570071409076,1.1577022470355893,173.73152534024524,330.68679865811487,25.865569906821683,52226.659744155935
Container,HFO,10.40670622787548,29088.089516179913,7945.245253569612,5.130308615804158,7.597413234727488,1.2809747517476673,186.05303040825171,115.02636706129763,5.172474935799968,23007.920174271097
Container,Ammonia,12.839046481109957,10700.667038279453,4008.294431111557,2.444121781581265,6.642483154484593,0.10801920104108131,320.2461960428255,231.09158676016102,34.42601276818638,11120.357332586498
Tanker,LNG,16.679591052659422,26832.599307824185,9844.122998570008,1.3342614783670088,11.912395191442599,1.2515831112173714,39.319075133858604,226.22719154126312,30.670000257870527,51172.17184320157
Container,HFO,11.437143493245234,21870.948550873523,10635.913689144661,4.608204647663202,9.839343000951402,0.8506172293100911,215.78538462410594,319.49901271768226,19.72011776226136,32136.357800786132
Bulk Carrier,HFO,12.572476914979289,27927.31593971493,10275.33217002254,2.0509435447612128,14.477823434542426,0.7126280011873909,101.57750315009957,160.9962072784362,32.628266594207204,38017.438852502106
Tanker,LNG,9.256201660051627,27326.259530111332,4036.498811630136,0.9831737512250105,7.886109273054384,0.674056061920465,13.216071942389455,68.4577914943188,23.841779979718314,10150.73401016255
Container,Hydrogen,10.688738490243187,29739.86434575602,8957.649082250582,3.0786816654222826,12.012719789308738,1.622367243391121,157.4573831001789,73.11091645561798,34.81294630067508,20653.30561507075
Bulk Carrier,Ammonia,15.185624438595182,4818.625809077569,6757.939982943768,2.7427731905868353,7.737273403249194,1.0731440518032964,102.10069114578533,18.459535764655666,13.349186042284021,23925.469785173693
Tanker,LNG,16.18399072934601,24084.475370656255,7152.277061454938,4.690096545595365,11.999487870026172,1.0645060210698112,0.5374658982042568,36.262258138462876,34.907184278525406,37416.897415218
Container,Hydrogen,16.138030142054205,24330.336293477594,5781.358514575696,4.038119451132393,5.531791064372847,0.39796747837869684,177.4601969899708,108.43904586933634,10.407418763662168,20611.823664521027
Bulk Carrier,HFO,17.561965178560385,19686.83231717612,7243.1076608295725,4.8311532289184695,9.30878169495823,2.4046589206090423,112.00443091470095,36.92265277399805,15.60255102917121,43632.39133908826
Tanker,HFO,13.568095551126707,9086.96778890786,1714.2844806254247,4.067395726891822,6.899541774523265,0.5598155061263785,156.2843807463142,313.59291412946686,33.05972241020284,7066.878438759246
Container,HFO,12.00839787865271,28989.299877221136,4965.282074097718,3.5677447874981043,11.66527395845822,1.0152730165019617,4.223212299865655,130.32667598950673,16.116268557611555,16659.8330625586
Bulk Carrier,Ammonia,9.171387700467776,6928.241998816077,2214.293967656557,2.8009566222958693,8.484008584955049,0.47551191044934743,144.6415223703201,132.6482369608692,11.295091312095998,4070.776454760322
Tanker,Methanol,11.272928086576256,15487.685972394731,3433.2558185599664,5.432787763280817,13.486858794444242,1.7578571309728697,169.34563293584984,272.70229436842885,6.784613164196873,10894.561163164277
Bulk Carrier,Ammonia,12.43626593422241,16123.1262717564,1620.9929774733919,5.2794900496009305,6.260537964730201,1.0903218661521357,167.7676129987987,108.48154514353956,9.468746291663209,4722.103307752785
Bulk Carrier,HFO,10.960275421285122,5693.0510002451265,2628.6977021420385,4.683806100293048,11.118343736111665,1.0341248475452538,258.0934296344982,257.4656195697691,15.656703209635573,7394.479984516322
Tanker,HFO,9.221589186462625,21953.335847663984,9404.958143873819,4.28672375444185,11.530456492358203,2.187737213472668,356.86316717491104,296.07228199763483,17.636961574061267,25578.35175948414
Bulk Carrier,Ammonia,10.731923695317107,3577.147761226953,6643.0538999142755,3.2188215706399657,5.243145096920726,1.8986996244836332,10.030446625047706,129.66409383543072,21.273534032607188,15061.134690579609
Container,HFO,16.327095089243294,21099.83558655462,381.3531102955964,1.5026681468415168,5.395842819355485,1.2996876322229522,142.5695581665971,172.01229702518043,29.40763983581542,1788.2732936020577
Container,HFO,15.925439581198553,25609.84939242847,9483.441357245176,4.82737074627501,8.390641895608201,1.1714760101028427,308.4182760851662,116.00242330710716,5.402445494551524,45775.41956880601
Tanker,Methanol,19.292520033378466,11132.496327389586,10922.673911560938,0.1584071283463717,11.699829833531034,2.3997534944926393,225.25083403751685,152.33911606451713,30.233483936917306,70358.2771604899
Bulk Carrier,Hydrogen,17.779851205370402,21573.203449376804,10577.108381813388,1.3281758206872394,15.58892994678427,2.3911554117280924,354.0965365499957,209.0689736413078,22.317480290693275,47400.63059360361
Tanker,LNG,15.245317285253103,5546.446236287645,9893.900906192528,2.2801552034561374,5.998618609875293,1.7619271697747192,256.8297397363253,125.870297538327,27.69434174853506,42588.17780475622
Tanker,Methanol,10.513119822425324,25532.52104213348,11907.37566933115,3.265248638263989,12.734790505318863,1.9003698162160823,260.72903638481324,167.08787588168727,27.70937662122573,37749.36125256859
Bulk Carrier,Hydrogen,15.204790008176726,28608.919258043516,7078.1832709014025,3.1287483299459224,12.619877343350545,2.2477322703845397,27.390431271275475,178.6405311756958,32.09608037921856,26143.851014069514
Bulk Carrier,Methanol,9.677545670055988,5428.1171114935305,11554.792779327368,1.0494054624805376,12.364216678538245,2.410771889676844,99.09171009083965,8.82136455266501,7.801406265030445,26100.787174112225
Bulk Carrier,LNG,13.73973387151938,21063.924745197633,11391.246366766987,0.6659102789930716,10.67762075685422,0.20568691567705827,210.17149529434934,58.91362830357758,22.145458650692145,41280.72192641737
Container,HFO,13.29284491841915,15669.101800139248,3827.5408929909277,1.3005762089605104,15.63508545671158,2.4933470811764544,188.0613638147887,194.89476957497956,32.27088585184462,13064.168341528366
Bulk Carrier,Methanol,13.705951902992357,16413.48062313898,10374.861697064862,1.9830274600410116,10.519526523375495,1.7575555374234966,274.5329135110642,0.9542392169825575,26.576189421146577,41414.11618874727
Tanker,Ammonia,12.078085102342659,21488.20183941996,9530.424720149449,0.17588991476846555,14.221267871191285,1.4818621354790689,357.71676925769424,253.5097111308853,7.897547344896138,27629.435700499893
Tanker,Hydrogen,16.54413492386206,15173.47448075668,9332.005451072919,3.8392614309692217,7.887726631621302,1.0329178133172443,74.44953522511906,325.96739612349074,23.418929326392707,39352.75690862789
Tanker,Ammonia,18.250389140286572,18409.465368513786,10765.741178373872,1.437728152982454,13.869393492375407,0.8409747342150936,154.22368391838756,271.64488430848644,28.99642727602834,56116.32670432421
Container,HFO,17.45368691858875,7696.129562929938,4671.861118051662,1.9975839573611571,15.962003073328267,2.010525521309943,312.0623911581008,113.0944332989039,13.245853589170963,23603.60816832222
Container,HFO,15.905273053699684,11976.691298170277,4860.654094059844,1.9084691291530576,15.01094586551136,1.6360876413665313,301.73371620076426,161.94274926179736,23.974797050501415,21423.576288284694
Tanker,Methanol,14.921792792663146,26091.970152073558,7716.622479523274,2.8638809247440182,8.344788906271399,0.5017629220537351,294.1896355779042,234.25804658536939,30.212366641824325,36312.30474628235
Bulk Carrier,HFO,9.341925980088334,4187.172837803182,8879.87399999067,4.742918499310899,14.307732234332393,1.524777592835015,223.3417028813391,244.957297907018,20.716008677244638,21558.722264114425
Bulk Carrier,Methanol,16.952273985611132,18329.682567075557,10568.871521625613,0.9067057489299224,6.047828353315918,0.35291525430366344,357.54965933704847,351.8988839223714,10.82561602536277,51125.48540645033
Container,Ammonia,14.994812335363472,6344.324804811817,10522.559315845454,1.9399264114488584,12.454783155743579,1.2421870662653214,128.8452417290015,177.4731057299641,21.490463663502325,32999.82016432388
Bulk Carrier,LNG,11.978151557302755,25549.64833977779,8683.941530196493,3.8369555617516315,8.763608562853552,1.458644094586621,41.866143888855404,89.83253992932407,22.640117994648456,28311.607350621194
Container,Methanol,12.606262427387858,17792.274661752945,11487.02405607612,0.33884963171435867,12.245370985551578,1.5892101768600808,47.721566938250824,130.38906323771295,17.085583167021795,35685.6685013378
Bulk Carrier,Hydrogen,19.291674651167156,12688.414697437862,2225.680565460283,4.581884629876008,9.53473908337412,0.36315547430858797,156.84909332535582,332.0794646057463,25.388498735827916,11017.5756958756
Tanker,HFO,15.867984696289497,8244.91553590272,11409.044181443027,5.293855758686103,5.099364648078547,0.23899632162692586,289.78199452752585,227.77544753330528,17.99998684065183,57455.38849785363
Tanker,Ammonia,14.235036781232811,13668.496276499398,863.8786362000967,3.381240893942751,7.544042094527461,0.6467704149383946,163.02464967270362,311.1305058604251,31.32215262963422,3095.03661733126
Bulk Carrier,LNG,15.830139136792486,28770.757451730526,6711.900386183827,5.265145203565895,5.466248561441476,1.5175745803865337,220.09794577462955,260.6708126033267,28.748764025365457,32664.587959281005
Tanker,Ammonia,13.551165574842226,15767.069402564995,1173.3437883966546,2.330533878931438,9.699969150798363,2.329207034927307,128.88777974547781,347.5549244994006,29.143155975474503,3723.5016160607825
Bulk Carrier,Hydrogen,14.172005005233178,14615.196419295946,6859.211604857824,2.3411713455377394,14.240784154010013,1.947808827250884,257.33923350387096,180.44282048552367,20.782301158198564,20579.27305358043
Tanker,HFO,12.193401823784374,22641.940591508963,4742.305578223061,0.6737441108325622,13.117964348725861,1.8642763129310684,55.13099745461792,341.9658933786364,10.890434617720118,16514.641665934192
Bulk Carrier,Hydrogen,13.83838630650809,11992.365054125294,1071.1522348784038,0.2914134489987564,13.678034048684722,0.8255808613942897,187.2416226103194,318.9204782778048,26.73265457324995,3083.492361264197
Tanker,HFO,16.541514556817013,13395.294546543026,7812.589979787841,1.4203233179264831,13.879196136852022,0.27926844943789636,66.646629733378,303.51400788078354,7.067640547382947,39623.00257474464
Container,Methanol,9.439361175951161,10771.484215576953,8801.256195511818,2.681894748346198,9.09133766847823,2.22984851530063,168.69316921365308,338.07356743822714,20.527248084589615,19715.309754834172
Bulk Carrier,Ammonia,17.7453014802577,5376.672904552351,2172.8064220777774,2.841484910659601,10.566283024427385,1.2521337625415718,154.97784877533311,189.19355103810474,6.589372444445523,9569.646511255649
Tanker,Ammonia,12.112774949474442,21700.46721187687,8363.79695977435,1.27490706140374,10.592962870939413,0.25127711551063,217.64237041144048,267.41848284794975,20.85256062071035,23218.74097844249
Tanker,Ammonia,16.508157727757496,26317.896502625088,2230.6658348580218,3.409150643171709,6.245293686296796,1.337421825292948,183.43628495498277,199.9208770963354,25.57766507386716,10478.996026201185
Container,Methanol,16.06997846148066,27262.1868280402,1735.0177468517904,1.0785117241272948,11.579563343411017,1.6885256066631407,351.2668063330567,279.453944943609,17.575947392578954,7768.56263143865
Container,Methanol,16.17890854055436,26543.28520309561,1853.6228716444743,1.861540157453141,12.92197756900369,0.7997500740058461,324.11217424755137,274.9508984562742,17.50709499662962,8622.934098674341
Tanker,LNG,15.689418078813832,14101.730270701793,7229.033780556586,1.1568313820223683,11.720646010246236,0.023122329209089576,105.86807565582863,273.0255091054973,8.68381550822481,31015.513910610327
Container,Ammonia,19.55012021876488,9237.919573892692,9367.610616706577,3.861983439946743,13.20562528180475,1.5540174053694054,43.62365013342551,154.24168927480358,14.055488158950787,49364.09647051766
Bulk Carrier,Methanol,14.5917857896493,19499.78873842388,7203.035047538382,2.8894915444004843,6.307803949373424,0.1002387960737125,23.310630252031594,286.66363475741593,18.328211617550195,29850.828733869992
Bulk Carrier,Hydrogen,17.055510270668865,28686.44244527492,9731.282290917115,4.074945934992123,13.375498409675949,1.0819832271779681,71.27776756651456,315.5361614100338,30.906864158906778,44254.63497343245
Bulk Carrier,LNG,16.759942643580352,22084.468796889545,7138.580358737394,0.4091401157949084,7.289541137053241,2.061938070317118,79.95866734680877,229.0518087703158,31.939397070172294,36658.2769740008
Bulk Carrier,Hydrogen,11.598943350061635,15350.60828611454,9588.122843446992,2.396955233269764,14.645095051234861,2.4971190808562005,319.9252928961436,163.67505653325503,33.60740306022756,23554.393752402102
Tanker,LNG,12.116364231055082,20975.44866089,11720.617763486278,5.321576326499671,7.694244435858751,0.9257572849604188,332.9427167440181,307.169372022306,8.007910913800412,39797.10330486415
Container,Hydrogen,13.664188079726646,23403.599461177513,4752.421714821873,0.3895453794143635,10.411916220594842,0.05031731625049274,82.96930536128812,280.2421150459153,13.886324338066627,12150.897497339649
Tanker,HFO,12.054677235095301,27658.80857851405,1884.311905430047,2.3592449243581957,10.359929263222977,1.2322577548469302,273.1431962347583,169.05603399995246,18.887387562600438,6991.487850399302
Tanker,HFO,13.034174088229557,23133.25686519247,1711.222059288996,0.31815038182035105,7.957353524312149,0.6906884935799806,300.87502508544304,208.75285925356414,24.252314731701567,6645.041460199477
Bulk Carrier,LNG,13.300566753211365,13562.526113441261,7209.983400213517,0.8919279332423199,8.978805428615539,2.2319375339729812,135.903809470798,246.8970911037397,26.083954687984804,24285.403402620686
Container,Methanol,15.642510170321783,8934.58903549904,6610.526483678569,2.5976428384944783,7.041564239831512,1.7787578758192348,313.7738786572106,247.79576980767337,28.580488658567493,28429.54595908088
Tanker,Hydrogen,11.418790470085678,15496.568277158147,2292.401004650166,0.9505723474938841,11.271107672044042,1.0108081720148812,355.9148190017959,111.97336937408814,19.876214301804616,5397.3339240734995
Tanker,LNG,17.84721052464356,10517.16039355868,10597.049055745314,2.9012792948047528,15.043308278668281,1.9050705772954237,348.40626655825383,105.36900076790599,21.697527998806844,59175.764795764844
Container,HFO,13.812899924486551,28340.173187946606,11485.305584604843,5.082751086958376,8.482683295978154,0.8530146723073312,267.08645835617125,319.4448825922389,33.81712067154634,48433.26572882456
Container,LNG,16.768685228515714,15731.009460048905,3113.26615292929,1.1822008142661045,10.588688707486035,1.3044089627844746,133.7985975549359,337.3240104050379,12.200848393690876,13614.548136061176
Tanker,Methanol,9.895867293648998,14689.63374295624,2561.9068777226976,0.6788071524458681,14.480686730995144,2.306963199497926,81.72197538383239,144.74344567259024,29.112792286525238,6698.9597365788495
Container,Methanol,14.169619335368036,11097.690326491023,2645.670042459812,4.55649343470794,9.977489516400198,0.5003931655925736,357.43322460025956,328.81568185450817,26.35454103072363,10147.525925296815
Container,Hydrogen,9.310414853950611,19542.80271845641,4710.316203327177,2.585457176034278,14.143863613037114,0.7826450047667652,99.4228300663818,169.4492130709493,9.202695101843185,8415.080036969153
Tanker,LNG,16.435009909971214,16081.487080007486,10253.403386057462,4.866099933758344,9.910297316868567,2.213983531317399,157.8177708296935,60.19285674160387,32.79475078154314,53210.163362436906
Container,Hydrogen,12.780810846967764,4742.41876404944,7191.9312582993025,1.7530657911930914,9.842667133819607,1.1546959007760293,95.08483318882351,263.8369608432642,30.660684683793452,16954.682826597877
Tanker,Hydrogen,19.441780955164113,26207.026514084344,903.885837618772,3.488672828010284,6.729639583972762,0.794722071683947,178.60278942309478,16.518632046688047,28.385139586901786,4712.693934808581
Container,Hydrogen,12.565366360615613,11411.372132170154,5728.4511135476,5.085893193228987,6.374767068692754,0.09324667545985127,39.73717967953283,41.00989331200772,8.803207512606779,14035.070205033891
Container,Methanol,15.201864878194996,13544.774468786472,1174.9470280343016,1.027157317018692,11.726464187239365,1.0473825939672525,291.2603558000157,338.76200847536825,9.190115932785513,4661.169605548072
Tanker,Ammonia,11.831263332640761,6964.344643243794,4933.947956700437,4.423934220249178,14.100668771465926,1.2515027784220227,181.83856353399688,186.3438257498563,25.49595374595723,13436.967566527333
Bulk Carrier,LNG,15.821238918420743,17048.548020918788,4901.889693409473,3.5101904491636877,6.48947135535213,1.0158321683027183,151.02084377455662,95.89549313822502,8.218100455372962,21792.1267042667
Tanker,Hydrogen,14.137465851465581,21359.596810428906,7815.396721944783,4.489912420986088,15.011033407176864,0.693648084426397,130.73205601936792,172.947412700535,8.399468177084872,25604.118454918058
Bulk Carrier,HFO,13.07691087656196,26553.794298152246,6638.502206860902,1.0217440627467842,8.9476778205077,0.9228254338846653,208.72235311024423,208.14394786167202,17.008384008623274,24623.731739473817
Tanker,HFO,11.240582839881979,2496.622284195617,10509.581909835124,2.4440669398198667,9.677829271729038,1.6061119963842994,280.75970170301747,230.00957690164205,5.1613366632686555,30022.006834323063
Tanker,Ammonia,10.226734783686009,29226.62538128197,293.67467371912085,0.7957210337755445,14.83898742219942,2.228199299907506,324.92194754376897,125.36003527665679,26.644502084479843,722.6704879950846
Tanker,Methanol,10.318670473523406,21410.714518590346,9310.585982926325,5.284443383120969,14.85926095353547,1.6241895564437547,302.94660075862714,139.465065625513,21.206209795244796,28199.67817952478
Bulk Carrier,Hydrogen,19.989440192561084,9244.661847934005,369.63425737451666,0.4385353039847262,10.773447646027291,1.6154060899344151,160.38473929899928,197.91476477576842,7.345224476439524,1742.2880687993604
Bulk Carrier,Hydrogen,13.535417995429581,6929.767895405016,3721.048958868755,0.4536103491696968,8.04441438898675,2.0421871549521944,300.23714273246316,225.59923767489423,21.30748245387028,10233.38836386094
Bulk Carrier,Hydrogen,9.021226786606734,9586.54964098334,10567.991344336804,4.950043437781193,6.891334195719935,0.4128569443331659,190.3015418130896,331.68832499319547,6.6226361863078385,18486.6669931353
Bulk Carrier,LNG,19.482216696886155,26396.046798326828,8315.928642957748,1.7241155999434452,7.987380521736012,0.7527440736453461,229.74413693266536,141.21941131940008,7.120883179946972,49744.503026816456
Tanker,HFO,9.219779166527939,9450.315022682562,2146.7604725571055,3.323908177374611,13.586901373876374,0.12647745743717742,242.84174523945146,314.8873998364631,19.56398570454362,5226.110318819193
Tanker,HFO,13.60444738109987,14421.812902159836,5940.336074932121,1.6523678560994568,8.570498824350146,0.8740944921831015,143.88546025751683,357.55853074360334,19.994697515469355,23231.211873470005
Bulk Carrier,Ammonia,16.892253445677216,21466.403573024745,8690.65975363803,3.603295228388671,12.640176071363095,2.4970594556662644,174.9791250869811,122.04125678982088,15.1698431867961,40750.81762314969
Container,LNG,19.060591688089378,26287.70604799268,11254.3855239404,1.1393345940581472,7.147209045075568,0.8232809884139397,249.33203854193698,9.822406835453044,23.65314374935495,61415.94940288503
Tanker,Methanol,16.84174920575311,20098.56370803702,7648.422270696625,2.5778950734779342,10.263539959577896,2.1494324900647674,110.85416817853475,217.5736399555258,16.62075207964373,42122.0007789215
Bulk Carrier,Methanol,14.09988330390013,22840.166699498255,393.6373960518347,2.98085774381413,8.873168376647044,0.21444428482608108,268.88878501687515,325.3131598033449,22.60881737038962,1586.7641730779787
Tanker,HFO,19.718862428825137,6026.477092582712,6046.452130385775,1.9016716075505022,10.539735556522537,1.1492809083399984,127.47713156644134,19.220031079789916,15.493548121989027,41428.0268270412
Container,Methanol,9.432513213365974,26444.827003043025,1920.24350613285,1.4591833008523412,11.269398200121941,0.8786571634540916,210.77621326269903,70.97394362625063,26.449008939769268,4721.0605674151375
Tanker,HFO,19.85581422791809,8995.85632492521,668.5766506515638,0.8571160054245708,15.900284610978897,0.503957158078539,301.54417844591944,243.41415477037478,22.37858352378703,4633.7039538574245
Container,HFO,18.34330706879283,4722.966757638955,7222.276552710853,3.9131794160627673,14.898845519081224,0.93126564264216,8.353771055083147,291.47504083154206,9.801306405266827,40620.388162753756
Bulk Carrier,HFO,19.218230188389953,29311.084419879408,9345.37063987405,1.0087266663698855,12.654531252766098,1.6281952785348677,86.52241626626633,31.190480672481712,25.588065655331597,62835.4446697028
Bulk Carrier,Ammonia,11.802496665072903,6847.557838170668,529.1206104072112,1.6774825124159813,6.691178175834606,1.2257701872227322,202.02036235565953,130.94562971297793,28.518077676003752,1375.4614061426007
Container,Methanol,10.567038795126967,4962.907132261318,9424.712324489681,1.9193073289291942,15.109314119731401,2.110835078021154,38.19687845276412,85.94587220238597,6.976222038682479,22663.632697392113
Tanker,Ammonia,16.2964680730997,19154.60610295181,8506.015769756954,2.5535807036902187,14.818446777787996,2.2623665171208436,74.0166243811079,347.35551946894094,23.298817859018286,36537.66188635492
Bulk Carrier,Methanol,14.67445381784732,10247.031335386764,9048.6439692035,3.8938709775703617,14.753737730816626,1.204732077923612,269.67220685405846,245.68877825597127,28.712889680392173,38075.455625621435
Bulk Carrier,LNG,14.754847568188174,4867.126950234306,3012.267635316836,2.4109037271300093,10.269185507883615,2.454315785377799,9.29629619361926,171.22986027965987,8.439586933358104,11025.726741339262
Container,Hydrogen,19.170810963315393,18432.512399260406,4783.785920371806,4.80390555575161,6.877773821671625,0.18005190884145983,219.6132334839889,310.4468241905689,32.049572592050936,23577.504641022213
Tanker,Ammonia,15.820889973185885,23010.57158944483,1525.0348437659056,3.7708424917489967,13.298435364658138,0.6908480533406203,12.296539603039509,193.55843660269267,17.44396358758268,6261.237900707376
Tanker,Methanol,12.421702186150489,24002.75285200754,2942.802307790151,4.627828267102972,9.27366542889466,1.0417781760214397,41.73253091072536,328.08028075107455,27.135194632961543,10768.065533089539
Tanker,HFO,13.400732120596636,5509.865429355899,3703.197090581418,3.96831139118708,8.790251186614585,1.4567537758958182,140.52268416034454,85.97101815109274,31.97149540487802,14315.844722069081
Container,LNG,10.468454186010364,17149.144970258327,3901.296010487755,0.902611719120338,9.29860213815205,1.3648243532830264,347.31672877041535,9.841823269040741,34.6891145261085,8996.326338258403
Container,Ammonia,11.115454443032583,24596.672749762358,2182.9746683520607,5.380807430066087,11.149776132123936,1.4199419094551844,196.50511790871437,154.34585242765067,22.517751920938693,5591.263489888763
Bulk Carrier,Methanol,10.576850772304923,5671.523331301372,2345.670397046606,4.347565835149174,8.668707138185749,2.2406268065215778,112.40070208804069,73.53980756630554,26.128217855094626,6241.204403585226
Container,Ammonia,17.913204753324898,7022.785301349572,10827.497757526706,3.1926975506236674,12.589126720979301,0.693912979883265,148.0774882381337,300.86318525289533,12.550990223522597,44157.637954281396
Container,Methanol,16.753608147693306,1069.930525518651,9428.33401630571,0.9922470799858814,12.124961753180289,2.042134363971572,204.7579940545768,191.85249527884972,13.701391165561603,40971.47360120434
Container,HFO,14.833795193719371,16214.390535463355,4199.284671548105,1.0324755023264622,10.597488752095904,1.395001385319148,222.989947164472,103.91890560908281,30.523082807077845,16998.277751471614
Container,Ammonia,13.118046169903279,6645.769208996577,11376.958119823432,3.4173883442447655,5.5937055485404485,1.2262262073067283,96.44518371198645,278.4866019248699,16.947317109570186,29315.98241394985
Container,Hydrogen,16.353437193567856,22003.034696080074,2943.1802822286545,2.3474645182108613,15.301969506082896,0.7485335640636728,71.02599766443917,189.67873789196472,29.673018632841135,10454.73637686303
Tanker,Hydrogen,17.94195882465337,28904.201812910567,4941.163396055603,3.7496413027817876,9.528659114324292,0.7601720069000071,178.31135641003718,181.00609033794677,6.517904436153583,23161.631008359025
Bulk Carrier,Ammonia,18.693565372388797,7053.909180973037,9780.95120607139,2.1111097144583946,9.943985137144761,0.9711996786122177,232.14645008295727,65.0843213318472,11.547602653787372,47124.21302379726
Container,HFO,15.01717851026967,19823.813341142446,5370.347805423157,2.869363925865613,10.016357634674822,1.9087762202492287,293.96879770097746,358.2774844357968,10.102822669104587,22310.9191546592
Container,Ammonia,18.01873634001671,7143.19938229683,2892.041342606937,1.1149734050053952,9.01530754062316,1.1918322189806776,213.40631376964896,237.2465055936828,20.81202409107372,12691.364606480192
Container,LNG,14.624365487539645,1522.198910411416,4485.572064695712,0.9380861791866636,12.420467016798106,0.3845842131406249,249.27627035160054,307.73646008859185,7.415916426698887,15336.960951114314
Tanker,Ammonia,14.2198309810668,22998.07163222296,6058.5807612587105,0.5084817239718493,5.153094654062342,1.8996579433569996,174.23253400120817,273.50364283143807,15.316113122639242,20966.407145407487
Container,HFO,18.519750411843102,13586.135622875892,7485.668165558015,4.526052246452182,14.608591622417467,1.6584499697896709,204.01893280535674,181.05619066036422,34.587353295517886,43939.66587798959
Bulk Carrier,Methanol,13.250113298911304,28456.81898392494,4926.717345020127,3.099085758530171,6.126829277965163,2.373096921002918,228.7611236686486,3.503371283120935,28.826514101011163,19657.71658642294
Tanker,Hydrogen,13.355039469447725,16494.290582158763,5232.521540327693,5.214561615495977,15.996850426152992,1.323535254048858,85.07924787476897,240.00127265117982,27.81774238759884,16555.22474874249
Bulk Carrier,HFO,12.354024798134077,5567.003200294836,3240.9289923369597,4.1472259193403715,11.908908920943931,1.6360553561445104,336.2666962787822,36.26795268058992,9.053440983216284,10638.074190072613
Tanker,HFO,14.705719011240785,14043.458812121058,6470.632851167199,4.251321065347267,5.728711215151524,1.1983256819030286,124.32200031410545,346.12741261729286,15.936773197460399,29917.979208176486
Tanker,Ammonia,14.993350370584068,6883.862049374478,2711.529181857602,2.8489155446638836,11.18680765369525,1.7019505206949108,217.6877287128096,89.7353869055565,25.417639138617616,10656.954475504897
Bulk Carrier,HFO,16.265072598415028,26462.84890791066,10423.561995486103,4.503451257238513,8.64438571712176,1.0902926580004584,201.9435151515725,132.239865787632,5.648757117301888,52893.602442707626
Tanker,Hydrogen,13.735525411205277,21036.192245738217,8993.668136168988,5.1871426046946105,15.48347545438857,0.344641196839561,307.2043709764533,198.56139818395877,18.01929472928382,28820.25455148358
Bulk Carrier,Ammonia,11.396210210719593,10895.925334986403,4982.31996212879,3.997397362611364,13.310181052600733,2.466708090747827,40.89757502531806,180.94120788503537,32.857693676683226,13561.960092221057
Bulk Carrier,Hydrogen,18.535262686552635,16306.789361407073,8992.011379690888,0.6701802807898072,10.5771613551328,1.8009092569896383,318.3231660648615,235.85325912488534,7.470194206988236,38909.67840511073
Tanker,Methanol,12.806009539618158,20414.925458177826,183.25170753153893,3.615507239968934,9.72755139458222,1.5215645630746286,49.325418264453745,282.04114289723094,32.187780161180015,717.963607257656
Bulk Carrier,Methanol,19.15237761824192,23702.87378271733,4199.421749444519,0.7503393461018965,15.9545575236849,1.2035518754637986,52.03093578511969,272.7518270381506,10.835648735631082,26066.241862760075
Container,Hydrogen,11.280886663291014,3324.269086245709,5339.583662946784,0.5170010810608063,12.34122493456837,1.778572505471663,310.4117398645671,326.91081624845737,10.673216700323938,10416.250469460274
Bulk Carrier,Methanol,15.160632238598534,1653.0464178621569,5690.602239793798,3.8416621876260653,10.653227166303651,0.31693730533795234,92.55668630226126,169.1699315483677,10.863078762906294,24521.26572343618
Bulk Carrier,Methanol,14.902766028823976,4319.128217926805,9009.904584753032,4.607841332389808,9.377385291623249,0.8152834953542354,220.24312958054122,192.30215192379563,32.937682469096345,39173.98855179012
Bulk Carrier,HFO,18.115126327196947,12454.892995004326,11557.408387984395,0.9577440499385796,8.57041143184618,0.31174837690721463,166.89986566428473,314.66779373982735,23.11234983180988,63235.00289370819
Container,Hydrogen,10.527365254259127,14534.491692380669,4621.965852269356,0.5004024830166415,12.759613661817923,0.3150627402455103,336.33585091485764,101.63920383395902,27.52366835890619,8509.250344108712
Bulk Carrier,Hydrogen,19.009308902092073,4957.3872762016035,4272.138209381709,4.887223628637037,11.466740663966299,0.05336886219300202,281.5502357066674,88.53126629617792,15.992228182540146,21598.19527834488
Tanker,Hydrogen,14.84570989389277,12923.440999088552,7365.131196306714,0.813930419750692,14.330033188343258,1.8897335378538762,120.59776000342193,3.284462603541325,31.197528079193354,23844.944614524295
Container,HFO,15.44720322305803,13807.060804493085,3446.918008879789,0.2894649062161807,11.089167956337118,0.568271561562948,292.8386687674521,265.8529883433592,22.458114077448123,14274.448604021349
Container,Hydrogen,14.611829226275438,4163.608946647114,1782.068972400752,3.993693591339041,11.405645291449916,2.080019297674218,81.28385605266132,247.53083737205526,22.995047996196234,4883.744527116173
Tanker,Hydrogen,9.39627397519893,27583.138845676287,11542.336358857165,4.6776639921148515,10.250921443274985,2.2610862854093305,221.60568663342494,99.61931500107514,27.569631562344117,25029.094940556854
Container,HFO,14.467997279872579,18375.23190004352,9733.406486027363,2.8781560439068223,13.388830409201733,0.4214151491297316,270.5701578208588,46.769569733430714,28.209278700174853,39849.56618457116
Container,Ammonia,11.899046289446897,12267.53038323218,11506.144680987121,3.0155963181064545,9.5649139370837,1.7721601058398526,253.13705161669276,15.311132814374645,25.4559071475887,28696.481345085554
Tanker,Methanol,12.769569984156146,15700.308320693992,2692.211256338608,1.9190467687278447,14.371335652029064,1.1507643212251524,236.405521102886,175.63063963920166,8.56729800787626,9282.68211661309
Tanker,Methanol,16.14011759105854,10111.727107595396,311.92965813907995,1.387701273877656,8.5974923727028,2.297402893515127,298.7887790451442,69.65362386958843,31.001797781996746,1518.0909716816395
Container,Hydrogen,14.474668424215166,25775.5999176932,5303.412751283467,4.178253178948165,12.61887551019062,1.2110429845041313,200.23503935624862,285.6229640659191,12.82697348255791,15562.25738514956
Bulk Carrier,Methanol,10.025400339342065,17675.436205486607,11209.946659599816,4.68613580385363,14.822679890096174,0.9471847161069424,334.2052461634999,342.01214245863935,34.88582475028758,31777.645444459064
Bulk Carrier,Methanol,9.803454022379348,15351.97861741276,1746.071532573931,1.8347216940920625,13.459812500657332,0.7364127975754,52.131517791097394,279.6693956374022,16.565237953057796,4281.355604558702
Tanker,LNG,11.042234651791073,27415.676689772332,1494.5077217317207,1.5786235983285177,8.768689567675464,2.2590536005703936,128.05509361957988,306.5743416270926,8.59991892796783,4278.8684052275685
Bulk Carrier,Ammonia,11.09973661229446,25301.411248787965,920.5381325255205,1.5460752855432707,12.769729032458502,0.5654482585213205,281.8771242416726,356.6852311726436,14.482595077675875,2313.169188310974
Tanker,Ammonia,15.691308326685014,24571.25485134963,9203.7141872905,0.373215257320723,7.27683296070971,2.0692869790237163,110.90005482115016,266.6917612804616,22.206027308020918,38076.77415763185
Container,HFO,10.955959104500971,7542.666922723481,9452.525752619113,1.617805134138058,5.639815873969903,0.485468618944844,159.4616786212082,204.2365202152749,16.743387146072596,23729.654600171143
Container,Hydrogen,18.698913656022476,5440.570232582347,8374.975062395222,0.23851495163262706,13.70519913609336,1.6084921356337283,278.2366407818254,291.60404267387946,29.86045066907663,34687.996805405644
Bulk Carrier,HFO,11.307367266747544,21012.79907166968,734.1729569557995,4.357401161329213,13.888100267548321,1.1276640993104905,193.88514700336768,202.98659976932316,25.46618886261429,2421.1420786145927
Bulk Carrier,LNG,10.002445899690208,14590.62543390048,8707.131196200926,1.482004876767184,5.252240328071572,0.2615216875416984,67.54233103410937,155.70543144420245,11.403516968122513,19927.174603491043
Bulk Carrier,Ammonia,18.633206179956115,20827.668675748464,5438.682820694077,3.826838022497364,15.42574515256971,0.31483251079263086,62.94187222463171,11.70179291892008,21.165599148898863,28582.430538071414
Container,HFO,12.248603336844063,23058.189731222374,1978.943621045599,3.0332172819190033,9.90489809595686,0.7037728747891742,108.44362577359806,231.47294148103745,28.625960005947032,6674.289737074512
Container,LNG,13.679648928171094,9564.091712997777,3611.999524766765,4.622303601876873,14.957993621789281,1.9166292123851756,109.0845254085892,323.1064918697541,31.737012546576935,12791.378798513497
Container,LNG,19.54929022413687,9254.862560561452,6063.647395202235,5.286045128807917,13.669919782093976,1.8223500056641295,49.20283658920826,249.5345335474495,16.848330047241248,36454.33210361786
Container,Hydrogen,19.38806141073551,15234.115421487328,4022.8525200092045,2.083374716297491,14.907188805895835,0.5128006285184183,300.4778383961357,145.4926592521038,32.73394160454317,18230.044591078145
Container,Methanol,16.864085781914095,8932.930092268423,11640.01579822495,0.5770404274040407,14.167131964287755,1.1905054864172495,101.74558603249805,222.0837807673611,6.079083788584142,51747.49407379893
Tanker,Methanol,9.758328469058101,20351.563004469786,5749.426726315672,4.148087127683983,15.713949065455067,0.24246740669248812,288.8087409338612,292.6642224285444,25.30073606539305,16107.884712885614
Container,Ammonia,15.526741379525372,22655.18293054079,4528.5910720005095,0.21503256147559024,11.920111014033655,1.7898657154580069,350.44206555580246,275.1264484886066,28.459542345265742,15889.935925197167
Bulk Carrier,Methanol,19.879857285464837,14689.129435544086,8110.668604719636,1.30400200622573,7.499847317577523,1.983255087543502,119.50610623402542,176.8242405570572,17.75424141926166,52603.824009336066
Tanker,Hydrogen,19.416078512663788,21990.193202360653,7841.486176585386,0.3875536097549481,9.285194438062863,2.2337800000925676,349.28315776749537,130.2037001885595,5.329234277564778,39676.93280779591
Container,HFO,10.166027417719372,15802.68950305251,129.0274368226823,4.950001206747003,13.270671734809893,2.2143649159754344,68.83228765249407,142.87095893830016,25.61105480808431,355.8841586697693
Tanker,LNG,13.355640333994055,21673.279937043266,7459.837009778841,0.12860424118849034,6.726662066833677,0.8447307678650149,233.08319076864672,326.84729247848776,15.27692727613973,25083.843483705125
Bulk Carrier,Ammonia,12.470904204931232,7524.079186076035,3000.850799751501,2.760807691082252,15.228265697969217,0.6363345836000569,356.8248536950307,61.1473238570261,9.55438864077542,8333.004934916398
Container,Ammonia,10.42700917595396,22426.448332058215,4565.280334896267,2.389595286658493,7.258068049918246,2.241473436865922,291.0138892333285,310.67265319904175,9.71326329547431,10322.599062632993
Container,Hydrogen,16.64278142373637,21738.596680253515,8505.551799744648,3.6248211885599537,14.635722119975714,0.36501743704877465,82.69228323095925,70.30213757096547,28.07492167493963,32350.972034923336
Container,LNG,12.012332007962604,8731.565504426151,6732.89603002728,1.6646180782739493,10.320963393224467,0.1483601792315667,92.63975474919604,353.1203099404002,10.621682726373223,17313.301907396053
Bulk Carrier,HFO,12.793523834378275,17123.158740165076,4486.996215445653,4.817955162535075,14.24682163208475,0.7856074450619364,94.47501840154423,161.40345679273503,19.522948944264996,16891.890195915992
Container,Ammonia,9.993947643715597,25804.038368357647,2092.1831868617764,4.065467004539524,15.541252672255569,1.900750109786657,339.47734952879057,264.0349640786613,34.11168078969676,4718.145342148527
Tanker,Hydrogen,14.477643146565322,8236.156762200731,6115.238028248263,2.434389900358058,9.643621972832973,1.7354994803886585,88.34816506605064,262.5747971429372,27.76456093605025,19779.6369581487
Tanker,LNG,10.739846500172622,22343.413736425613,3900.455679735718,2.0333417473677233,12.66264995009694,2.467638197567141,183.46151307604953,278.11117909735816,21.415809461442002,10907.966864652604
Bulk Carrier,Methanol,13.75299465937438,28665.034797259726,10963.840920056093,4.505796536486956,7.49389363750287,0.898833927769839,125.96014622283629,284.1825089823255,20.84826057872599,44258.155589404836
Container,Hydrogen,10.576764443136316,26121.015672969384,6458.725019439703,4.188125612093162,13.808642883463923,0.6896182871421985,130.05698409162602,14.066903587364594,10.019823246398511,14606.15365357316
Bulk Carrier,Methanol,19.492348789451604,12644.082397728009,10404.971530627909,2.2546003133298567,14.01918214211418,0.9455190231123165,146.95843492647097,98.4003707969258,18.392707250458216,66216.16726934245
Bulk Carrier,Ammonia,10.594807865168569,18609.024256656015,4743.154238953784,1.943408058094687,8.247702744360756,1.9556406535761353,124.2161799146482,82.6954155393769,9.346989617190061,11075.44958157258
Tanker,HFO,14.740758692356966,29761.333893328414,9946.50224907673,0.30999514417772756,5.2655483871775886,0.5357498778028452,215.9739212053726,251.49356212196906,7.507463456931306,44090.13365052465
Container,LNG,11.166778078508862,17484.684929895837,772.7891358477357,0.5412191253767864,9.74325776957807,2.369369960616132,153.16977350762696,245.99428380947154,8.274117078777035,1879.6978588761422
Bulk Carrier,HFO,9.839979838198701,4335.800470480631,3647.6164042593778,0.3911596599928674,6.870005876697332,1.2813733313242377,158.76416376129453,106.93205430250151,23.198334699553342,8483.94602517629
Container,Hydrogen,11.22539480726308,2317.491888584066,1030.2936032319226,0.23184362627934482,14.004061882957604,1.9578624894361742,182.15783237507333,285.67509602705536,10.806589482855689,1909.2013875151124
Tanker,Hydrogen,9.602515181294796,23919.120782576825,476.63715050699955,0.925510863560217,7.872070058188719,2.0681545612097914,128.22426858364406,112.183406947835,9.480365449732515,958.1503821253079
Tanker,Ammonia,10.533371214330877,13285.221436653537,11034.460719345116,4.728565815475104,15.380620718011798,1.1970377933443752,271.64144969504883,123.45667937736032,31.01392886290962,27173.875625376488
Container,Methanol,14.428325735395386,8157.573828246638,8630.73805835619,4.410060278081671,15.68989857184578,1.8534284510064671,181.25364766805023,143.58630950960236,8.660388897033586,32648.109161082182
Tanker,HFO,16.169970731633317,11082.488889167462,7538.8097671748,4.666098778272264,14.997195164775075,0.9117358098386521,183.31600750412335,268.0522953671008,26.16905341726397,40222.7749862252
Container,Methanol,9.960737965789619,22963.813129847116,6436.664432000813,3.4685219516975487,11.595759254767916,2.027320035683011,75.54425156330353,4.240055315534392,17.510007864421894,16603.278248378854
Container,HFO,13.851204862946954,14492.172733381045,6877.693030980419,3.4699407466996184,7.941708043845075,2.059757521543576,11.101232632466713,326.32749045147784,22.372392132948782,26404.392232234528
Container,Hydrogen,15.393717251386871,26186.48528325042,7700.415538498797,0.7692314313862899,13.879842563163395,1.4155145485960472,291.3390417906392,249.13977702739228,5.700662434910249,24199.32901179642
Container,Hydrogen,11.576482438321676,22312.84207455328,9936.299557407228,3.874412909668889,12.717549193288157,0.5453695396825933,307.973464994039,211.17541672627846,5.000577185497363,22247.5251172972
Tanker,Ammonia,13.09286252667628,29246.410362917326,7202.973813966786,1.6121426187005543,15.748851817552886,2.425557937950912,86.8488467956766,85.43939151700643,29.51745632056773,25306.69467361568
Bulk Carrier,LNG,9.790183567069695,26766.609236905457,9008.1110810195,2.9039679808454864,9.149772080478623,2.3674496754381193,129.61162853973593,282.7847944797342,19.26323475529299,23179.974140219074
Container,LNG,11.421441882564043,8381.869141794265,3443.638816773845,5.25550206052463,5.646447990844921,1.549551361448342,128.88645007782333,314.2037328609014,7.139208093475782,8579.406739833335
Container,HFO,14.13428218510834,20112.717751274045,11723.464680016019,4.801323129319507,15.982249617228408,2.459702501952553,246.31644068362104,180.55681923250012,15.30368309571645,47995.81608523851
Container,Methanol,19.894863968178544,1595.7480013161726,479.57678040064417,1.3592449393972776,14.22090003382763,1.2569907409780792,67.40493139917112,105.28589673110962,20.190633087523565,2765.01941661865
Tanker,Methanol,19.958915692330468,29742.09500845835,4700.2614838000545,4.077913324781584,7.43638657128404,0.9387109373150813,352.33681764834955,136.99921176690248,9.064804305409993,33424.58633746679
Container,Hydrogen,19.775838492367168,8569.1771552753,10596.389662894077,0.6620900497797398,12.981906524896193,1.151257539424157,22.270131082184278,149.85036453815403,21.39013849332613,49114.39237269145
Tanker,Hydrogen,13.653950249303604,20279.057715083938,2248.223255965663,0.24440942301777605,5.0075919257125605,0.11476754546377504,350.5562978347957,110.12953712863319,20.862521595117926,6585.804681712997
Container,HFO,9.887484162561314,25625.455014787392,1781.9233059105297,0.25214108382204503,11.135899636719385,1.3728046204784048,24.76155165345354,256.3878660790987,23.085054990326775,4352.580830940041
Container,LNG,12.55930780974267,5653.475219111172,4448.62612610897,1.019331014777267,8.991220651017912,1.6655811014079935,114.305049403644,123.18275085112515,29.307854157663158,13091.194484101467
Tanker,Methanol,11.61485812908075,25588.500941503895,5195.516936150248,3.8527213713064823,9.194663453613895,0.2737999343266226,90.24957015562815,295.6381952788475,17.383364401605853,17054.09775083771
Tanker,LNG,9.1553923240084,1355.1243079338503,11207.38932187456,2.061851824673301,7.689717867892834,0.6389939292404243,93.46834095183634,166.9287743730922,31.656800853802135,23411.131123865795
Tanker,HFO,10.04756971317213,13817.337004476814,10049.82246303497,0.18608917042013565,8.023297371966784,1.802960274627035,358.0810151856756,226.42566491388834,19.240212587298142,25514.37106892105
Bulk Carrier,Ammonia,13.985111285539727,14689.091053403015,5622.666688517118,5.435322209434946,10.001355302417663,1.9839754458971632,165.00663065122666,341.2628345547364,18.714468926429383,19745.048761711136
Tanker,Hydrogen,12.736287101847267,11848.630684503341,11678.403700491075,2.9802433774527635,7.729595390255531,2.4646676233611133,43.02380335075008,160.57932167577857,24.67057095211938,32113.224642492492
Bulk Carrier,Methanol,10.983890937979314,18005.157642714494,7743.113009492866,2.226953161601115,10.130839415563816,0.6330592147268777,353.6207873877128,61.32463466075765,23.52563645974351,22848.915436554613
Tanker,LNG,16.877099677246218,27530.42811237633,10496.538910584506,2.9017894332636898,11.350824926275012,2.1035986791614523,87.3596063947563,197.9720351628023,5.343048162767783,54772.451337778315
Container,Ammonia,12.928271554862803,10482.684314708384,3028.078067793223,2.90784291323617,12.822225651377611,0.4302574127854164,26.11693508120154,178.80318946961398,34.472917706725845,8633.028772667138
Container,HFO,18.37054641321199,17798.5367278263,5918.672484169795,2.6392775163021662,12.448602157510997,0.3271959884966061,8.705026640766388,281.7299882481145,33.280807584334035,33691.96990878998
Container,Methanol,11.65074876289429,26446.413246556363,453.63483894155615,3.4099240841108425,7.661882004149756,1.8230089529390514,166.76307425660747,309.6718067864102,13.438578274896674,1337.3184874852225
Tanker,Ammonia,14.922328390952872,23416.866457939966,205.67429987074124,4.882383747288855,5.431085494709244,1.114680928602885,330.5996525517358,256.54311709097914,21.75750020497256,838.4773689299059
Container,Ammonia,11.025531388641006,2181.264679359384,8494.893329179627,1.7292539372162674,14.159500527024438,1.9848087458675026,6.105770736443894,349.7236945419407,28.114555207689484,17668.770735300477
Bulk Carrier,LNG,14.448306780244263,28340.932159702206,1507.6941073406485,2.7296305633681963,14.595441272610525,0.7064119883359896,261.0635151704489,96.91008440769102,32.61403472293875,6049.076966582447
Tanker,Hydrogen,10.677131598762248,2352.7602234997694,6618.91802161873,0.11967757946255096,15.767784717065988,0.5329846927492465,93.75185943021619,86.11040163295574,22.577199203734985,12526.176503530512
Bulk Carrier,HFO,10.77736486808674,18073.99575685556,8382.489038299238,4.742997119118294,15.556827129598066,1.3719968595576253,78.86176758657024,104.86325176036848,5.568203988145473,24667.17870226872
Bulk Carrier,HFO,15.734457147462173,17685.25498913978,483.5915761327072,1.751881000130828,11.971954293622824,0.288276186677327,253.3643227331053,241.52662415579277,25.42033842611736,2372.2199570363946
Tanker,LNG,11.901646463933435,23805.316690367166,5440.022649833616,1.5650032509731922,14.836988743357361,0.6968730349787409,269.23437522484926,83.71476551661033,7.792342066971168,17173.488794368226
Container,Ammonia,10.89603949220672,5304.848503620352,8241.408050131493,5.486700713739587,9.928092612535275,0.41559252864572155,201.24549187134238,31.83027268243844,25.135333206127996,17976.235693415667
Bulk Carrier,Hydrogen,19.227450751485804,6201.741369818409,10687.798755472715,3.2557218692240153,13.660692036975473,0.8001182344311036,72.81195660009979,351.9799860930118,22.622828060919012,52342.096587831504
Container,Methanol,9.473035758140561,22811.101049412453,3660.838197159712,0.7644335291613474,15.508679964823896,1.9137467646288702,2.270930868061516,113.2598746800685,24.220088837444294,8148.735880962105
Container,LNG,15.216629239654758,5335.6378199371275,11693.176703243531,1.5338348374252835,13.759064129284305,0.30185584301961554,265.4200054722709,80.06208335133616,10.677730969562024,40944.30931851723
Bulk Carrier,HFO,15.030902260165918,14613.908684903547,10150.043845950398,2.0074235766380815,9.573419025469804,1.529672297928427,215.86121798127024,129.1496408047714,19.80829588435869,45284.181946688164
Tanker,LNG,11.756697618433657,22217.794616117026,7842.557357774067,5.424724258501532,9.155351717734415,1.461915176208066,152.11664428962135,57.033051500664705,23.53870383400186,26557.537806335044
Container,HFO,13.980489196240995,19886.015934697753,4763.913536228961,2.4253570607402333,8.206970296060547,1.3453265729182153,76.88950264548954,12.876413068437117,14.008787342424885,17704.75469835205
Tanker,HFO,9.96511561390899,7107.52139727976,8562.213476774034,1.3427235367811692,9.037698767452103,1.210619008683904,274.29638199783255,109.93808432732337,10.44869784270493,21357.546595398475
Tanker,Hydrogen,16.933971605162743,9814.847501896482,9812.699901937205,3.1765472240292127,14.026343279714233,1.6596515104706655,25.52229709493099,121.63065687615737,11.680422166588974,40398.97873458901
Bulk Carrier,HFO,11.438668632145056,29100.27219399019,3709.268511150032,2.2857021535078563,12.716503533404344,2.12952663863939,231.37286587623962,291.96584565801646,30.74050007329338,12733.467829063125
Bulk Carrier,HFO,11.127238958092114,14011.447984491633,11914.677772393648,0.39678609596610037,7.748670974958969,0.4050915958721024,247.82343020262346,156.82923569623077,18.93630560885002,34385.11186855254
Container,Methanol,12.463663261052533,2289.2668166550357,10912.570500080205,4.748965907253358,12.826886414410252,2.0353283059289824,80.3726243573092,265.23081943448057,24.83220130929661,33627.46706319095
Container,LNG,18.92606912289456,7367.962084523647,5877.467140080779,0.18471264732984116,9.173350126439914,0.15368911086012987,173.99696877646392,264.8565393763519,20.446665924469855,29864.858745034482
Tanker,Methanol,17.761133131118967,10930.617600193293,8701.675997727203,4.9518116330255735,11.1354975774031,1.2053111246067647,187.2717729838216,284.0371482461952,30.02381755622246,54461.52293115463
Container,HFO,19.415815202471336,29985.19272454299,6335.7058459635045,4.376036999449732,9.074062000462808,1.2786638022271488,212.8614924926087,330.66319838668227,20.254846014418586,42580.19389986353
Container,LNG,16.17158580636394,9778.05487683064,9155.073571144612,0.50944533476902,10.737922881744241,0.49396457903540636,324.42766837626544,179.50728038516078,7.799759387648921,37124.77693726799
Container,Methanol,16.292136621352963,1765.4796146938043,9941.088226147978,4.007499820190491,13.027842846017991,0.22418276339134374,196.7094360037003,37.42318732867445,10.939540805994593,42065.18117176927
Container,Hydrogen,14.280340993688387,15874.725749104742,376.348406368806,4.263085083552322,13.042437156825489,0.1872774386549328,24.23464525947786,13.91865940172008,5.397962455160635,1028.243386062876
Bulk Carrier,Methanol,18.95704955703673,3424.556164245335,1041.6711534377262,3.3524581965148967,13.285008372312044,0.09308496260822002,124.18988586057581,67.2874334927531,29.945728491791826,6337.770554836431
Container,Methanol,14.619648641973619,8947.960362175934,4103.962248933051,3.219422320843066,9.301426750392157,1.4339825602974563,226.1976648674387,298.51619286469827,24.89818499923053,15678.276636913943
Container,Methanol,12.905660778745272,29779.112106724235,11019.602228324959,0.36830994173905995,12.595449872046894,0.3886865263865147,119.93066547435441,206.76581965133366,27.776057543649966,38338.92342819352
Bulk Carrier,LNG,16.044125109094317,21434.517048974478,4839.4556394063375,0.4212804078430258,7.625827945917909,2.021761873574853,276.45848212192226,50.44256795361366,26.450607040887522,21403.207263911343
Container,LNG,15.007534427410597,2469.3322492032403,10661.395360902898,4.027358709112763,10.25171262461852,2.2473818025834804,68.36594619393887,47.74904566005192,29.734390662100914,40442.82859803472
Bulk Carrier,Methanol,10.36421796840885,14011.914839162084,5602.963560317859,0.670051966162113,11.414176084836042,0.7310204005002907,51.48184119132209,320.94105765665455,34.609085093517585,14859.290114864012
Container,HFO,13.319979553036724,5977.48786623663,3537.3497517077235,1.4059581438149789,12.55130405999228,0.4111660749467716,83.17176110135544,187.21092949969488,24.604139897317186,11583.418749326484
Container,Hydrogen,12.44657952203928,4565.395035661517,10817.677678443693,2.7937176066461378,15.031955909296755,1.0240296890502072,315.3906019072324,61.88315669250131,12.56796808881316,24066.887082789224
Container,Hydrogen,18.31517152512245,18024.89698711526,6771.982150132262,0.9864838375084806,8.3524550019377,2.2039255032113982,245.1364923798211,322.8291413526699,8.041701266295325,27801.79102218232
Bulk Carrier,LNG,13.167268126704197,15664.020799566255,4389.7631108574915,4.365133626970138,14.298145061094555,0.9995479583530806,187.21751454674254,259.46178275059793,22.692437851839575,15923.70046125881
Tanker,LNG,18.037107559027817,22543.13094514974,628.4433431710199,4.459841328407078,8.422366772102638,0.27084074003405734,108.1214227967724,171.99673571556306,28.12271183842438,3872.211719960172
Tanker,LNG,13.866285532910402,26876.88061872393,1420.1042761338642,4.647573340808816,11.071003609388598,2.4616702319062647,330.6927023796743,167.42355721783701,21.847151426038387,5994.482324235552
Container,Hydrogen,17.28850619790171,8153.773865518196,1757.792898934213,0.3676678521834068,14.109098321672791,1.249188678048179,319.959505196079,242.15464527620742,14.106643041648486,6083.311417185562
Container,Hydrogen,10.48810121362309,27766.767613006516,4441.551855886215,2.410515070661572,12.954645657966594,0.8559286779772792,143.78416368027692,121.79131035660525,26.59204543717208,9825.234514700667
Tanker,HFO,19.171152416243086,16021.761404068768,7327.262173357693,4.673355432657414,14.491566357650626,2.2340519746105123,270.98058156147215,359.9676589297792,18.439174882089937,50685.303366650965
Container,Methanol,14.286158798788101,8506.212627368397,3760.3223616209652,2.0613847076561744,13.963693117680108,2.3185087346817324,328.8830096856245,282.43964690572136,13.597673038769729,14070.465787186504
Tanker,HFO,11.85778070188937,25527.78930497567,879.7788418011223,3.857430042944322,8.039819881279907,1.2420111662716402,112.8072278056044,230.7455478205922,30.232534640732332,3344.3564089711986
Bulk Carrier,Methanol,11.656385670012876,2030.3676228416525,3251.223974076272,3.281927882626052,15.922303388829922,0.7667909844835197,118.33860370579103,247.48287857706947,22.29556343354621,9680.787370312768
Bulk Carrier,LNG,11.915850174324692,17225.771946715857,4963.311645705361,1.9749265302187649,15.306982754277799,1.2065845489053917,196.49026539169762,358.5901946648808,13.503439936588698,14960.189814881891
Tanker,LNG,13.033965902097645,21927.02451586903,11908.012151200717,1.5925860770882885,9.731920833621187,0.5482048779254678,147.01197199503645,3.881392011890674,14.858130029567564,39522.00603272751
Container,Methanol,16.892714859431784,9119.352927528154,4776.54416653617,3.6248126973367967,5.519304232577639,1.1955952448473284,274.13264725294226,8.216880844650927,22.149953461542836,22315.08538565793
Container,LNG,19.445633471908728,26041.265609333317,1161.4254830945831,0.8215703398156438,8.33846340508043,0.5735777641902615,193.2948960611108,282.61003323132815,17.687707819758565,6530.921238330831
Bulk Carrier,LNG,16.359411731359955,7968.252337381561,7015.266292239808,4.744661603073896,14.197677836560695,1.5555069026962773,76.26796510332677,75.38110569430694,9.815573544032034,32140.9351351259
Tanker,Hydrogen,15.01882898038511,25356.354199220434,11043.716864252847,3.212794581835799,15.45957461448717,1.8997229526741999,128.29941618505833,246.65996350501243,23.314097971762397,40541.94787332927
Tanker,Ammonia,13.934575888188482,3277.80395114126,9461.678816454825,0.7021189276795315,14.14839149685871,2.423569470688887,241.64605887234242,181.2025588207316,25.67330198156736,30697.06005758665
Tanker,HFO,18.110139137413782,5637.900164184508,10050.997879328115,3.899049284044164,9.364175602650558,2.1064261732609593,19.236327775393146,114.72124520343117,5.003263888503035,60202.777707995825
Container,LNG,18.346229226906768,12048.552933155337,11145.958373617732,2.428007769365063,5.621901496549643,0.2153371120163841,123.18018305206608,83.28240542128374,21.10607948280148,54574.11412831249
Bulk Carrier,Ammonia,12.223414418761005,25767.609871147197,7674.867690287902,1.2020396429611488,10.693411284104947,0.5288071998541471,5.794600173725546,279.6285217398578,22.314844396477007,22276.413590105578
Bulk Carrier,Methanol,19.48762273518773,5192.975588676691,11939.580494776634,5.289774181794277,9.140207597494731,1.3292296446967637,295.51210427559124,61.553489305642216,14.961921626869044,79127.89795762546
Bulk Carrier,LNG,13.346268995270202,26387.708954033005,496.0506815678446,3.986098039077899,6.352696258958932,0.6439774854724976,42.18837542925981,57.139564053812165,15.161937771144014,1826.095976615638
Bulk Carrier,Methanol,17.800858761106806,7662.214271771018,10034.59214610839,3.3021655659711793,6.16438681028016,0.03591301770825145,27.79369950649507,159.09573958881808,14.529766469879625,55169.49829413098
Container,HFO,19.635018658904567,14122.743559241333,10298.426967314914,4.6838827777205525,6.683405720217054,1.8869773747775511,283.17348599985934,42.93964671466071,18.35984204983958,67089.40850566016
Container,HFO,16.740239109411725,11229.297723549795,11008.734650067383,3.0368968653636244,7.264060407231037,0.8944300189689269,32.2224705392013,230.94426711291135,29.358196365778994,55476.37693288715
Container,Hydrogen,10.777057990963131,4425.660571821183,5790.216545866604,2.483941306597681,13.291650503020191,0.1652500810496546,246.33451538674137,357.1094806419558,19.07078201278786,10745.844900360322
Bulk Carrier,Methanol,15.44750650691324,28384.982446055063,9474.29549108514,1.123013043247825,9.198738175507787,1.272091041306591,136.75088727336353,269.24878473475695,34.80946120043183,46226.34875453826
Tanker,Hydrogen,10.306548354051362,13707.170431814191,2421.4567495420397,0.928308295638165,9.806319432146966,2.443021782870976,295.8118052108186,217.16458359287694,16.28476024300499,4752.708077870771
Tanker,LNG,17.68056243855819,21019.60657932964,7277.249679620751,2.4326343084079807,11.582194684814297,1.6963465660569024,65.82645161508208,142.06985777637416,25.977867685019156,41312.26458340177
Bulk Carrier,Ammonia,12.094466912612713,17682.762623256902,4367.877313125191,2.562262726748586,15.56146825175218,0.3969152831066966,30.390146480714726,355.67627697244853,21.468970141722902,11867.456075692182
Tanker,Methanol,16.647363053660204,15549.761588714015,7194.466442877508,4.059887528245927,13.321159537903723,1.2857389648242432,82.22668280788194,316.7795703160066,27.868658633676613,38586.59278375786
Bulk Carrier,Hydrogen,19.01098641543219,18880.75108314862,8139.1700351837735,2.4872590541991326,12.102838752693211,2.254306137233714,335.56861253171223,295.41268617019296,31.650937070292898,42018.06002152879
Bulk Carrier,HFO,10.991108357371896,27051.92687987044,4230.117134279529,3.3030596830532564,13.182153469685998,0.13560916738022094,298.48355033915414,82.80240468346706,20.350498793609525,13696.004752037981
Container,HFO,13.321436224612835,21280.058895129176,2673.2357617041766,4.595600030011728,12.912217732304462,1.5947330019123416,102.88343067608578,44.489049715693774,19.83437627535939,9557.90537931851
Tanker,Hydrogen,16.11830666880923,16441.922304201413,3928.0861154260833,5.464007355756926,12.592741870937044,1.803182474452244,74.20109082887751,64.05878583264212,33.2815708968056,16746.286846813004
Bulk Carrier,Ammonia,13.616244520904512,19710.392859313313,8001.091216778566,1.8416367018169255,10.460478314498424,1.7600292482862727,56.46307963600395,93.12807398981306,33.00978717890041,26839.627765218713
Bulk Carrier,Ammonia,10.923008357871868,18585.434134761625,8154.803380706445,4.970554104133191,11.235317881539764,0.375426046367712,79.63322617046191,29.411577758109626,34.90990188779682,20910.64049967864
Container,LNG,9.319787755856767,13560.51501710308,8921.671538686776,4.452674708009434,10.076406130938414,2.2681963292881537,73.8158196323878,319.83203850043685,9.694277458633849,18687.802366977976
Container,HFO,13.472579580721593,19118.15629378306,1605.7856420152013,0.46723612772558665,9.344543467516978,0.8056783317826816,319.7476326575193,66.67238938364646,5.107061709058325,5187.4803058283405
Tanker,Ammonia,16.141299292401122,13863.524204760744,9840.356944028093,1.904458226611013,7.978448789318783,0.12935505847751272,7.19492701109973,81.57945175296719,18.119309062193125,39856.545536919344
Bulk Carrier,Hydrogen,15.313826289677376,22970.816958285457,8288.95883833737,1.2828319831056705,8.907345213886291,0.2080523362063716,316.84410345977943,319.73700806888536,27.00020490080144,28617.049619296504
Container,LNG,10.718653637367066,29098.46202214628,463.0104126186062,3.6876750710841897,9.713825790406197,1.1439434544992464,14.91289500133969,344.9315523348091,7.185680303863995,1251.5616394595756
Tanker,Hydrogen,13.957627882541253,28836.095367419646,4093.6144082771043,3.098615335575517,11.373173454829345,0.0999550051976178,297.66053898485166,79.84120524680038,16.208048965201577,13549.017317541477
Container,Ammonia,13.06418150799378,24801.337806324434,5653.8639452870775,2.7721956839835897,10.498626069233154,1.9488812944206588,153.2690051189711,105.90627347662578,22.443784303628068,16293.456625488578
Container,LNG,12.016226425227398,18451.00801472507,4391.348135603096,4.223244324560919,6.18743849704985,2.164558764925795,27.79399966229073,288.0370430049719,11.376422751534973,12935.701384713493
Tanker,Hydrogen,17.02198368246428,22730.627654051474,1497.2609696801162,1.8998669573847107,8.739710210029864,0.033432937553262154,287.64187458928683,349.2949995231136,26.934259933347082,6299.943834991706
Tanker,Hydrogen,12.406172330299029,6163.400562469077,2567.4207856095836,2.1668623959876347,9.138128154617931,2.0250337583181093,92.31829509548137,233.88339502337598,11.886129649272538,6283.569485908992
Tanker,Methanol,14.94156147566332,14891.535262103755,392.28059943057724,4.774423320417426,12.776185616244016,2.4530161727484945,316.0900989435236,159.33048628637064,30.220160456414554,1812.6203860115843
Container,Hydrogen,19.155458887965782,8461.838184749566,1207.6182200954977,5.349925950004035,8.661812927909999,0.07592040276437367,270.81275551475215,242.8486352066884,15.448200130338709,5598.185735594833
Bulk Carrier,LNG,14.932035804789408,1101.3544521710658,3268.9714009220825,4.292329640146294,5.087513971431017,1.8124181115490412,353.4373702682267,280.902063894114,22.959453421913313,13211.185789643141
Container,Ammonia,15.787252011766167,29035.389665490206,9857.646161065195,1.2721832637970218,5.927702856630458,2.4977351969940926,299.47424062712474,40.556125326068226,21.324620213000177,38093.0803612108
Bulk Carrier,Ammonia,9.805705847843065,26051.608293703397,6366.986368252683,0.7083188136847756,10.46698259767253,1.9927964657348856,86.74610524089738,156.7074078188672,13.893401494328113,13819.242933683181
Container,Ammonia,10.959475581159099,15897.259935627877,5151.524899224161,1.229707797935331,7.073450546996076,1.263392507587844,147.31747212969833,308.62874288488393,18.172148714280684,11327.004402023063
Bulk Carrier,Hydrogen,10.110463192279248,8370.416355451198,7979.739033106734,2.3829113711236407,10.44084652407156,2.2120574301828118,250.78690854049893,253.95288268183737,30.379192756765793,15197.958686560098
Tanker,HFO,17.412942431914242,21096.281095777864,6543.975667867562,1.3781639498372467,11.316259092947346,1.7698310622563396,113.78338425882401,55.358751244516185,21.450328568776914,37278.7579285908
Tanker,LNG,18.195131890085264,13609.231451947897,1665.015728391952,4.965622199588863,15.267816928262901,0.7311291261509909,196.74130271351285,271.87674921190916,6.667608824820135,9582.262020837188
Container,Methanol,11.051008225140354,24297.136469258283,2749.218029507856,3.7219036695441776,12.211379167837018,0.5607994551931744,85.55296277575667,240.27880107833408,26.390968727639716,8000.274326278693
Bulk Carrier,Ammonia,11.411989260154002,29986.025195247534,2748.016095788231,2.3503379218282765,5.34144794896776,1.2813609817615512,238.66230999118577,95.27355672262226,10.47357493388581,7100.498185673374
Container,Methanol,12.555280184420612,11123.395617206232,7239.4349000868715,1.5785833574524284,9.18803570113329,0.9324763100540259,123.16823325807096,123.84103763065235,19.581882905205433,21170.270537433116
Tanker,Methanol,15.50185378649219,8087.688260863385,5593.329957653223,2.1555694277612076,13.728026678596924,0.8236699770200042,19.864093801348204,113.18633817268451,19.056166421213383,25033.60122739507
Bulk Carrier,HFO,15.839758131800213,8754.092175047988,4712.262244474159,2.6706732149803436,7.866187015889209,0.4448120418172122,348.3986624447091,357.5694734292474,19.59460785650836,22472.28136921861
Bulk Carrier,Hydrogen,16.554293543956035,3707.041124739487,6724.006157293277,3.954640701748935,15.17470378650265,2.1132150079292447,303.8052847974266,66.13969493716709,5.930420189779818,24629.66936050934
Bulk Carrier,LNG,18.95712031834809,12427.339698504506,11644.37785081243,0.5824444144359461,10.819117794200015,1.7625362516121919,109.33803813917389,298.58950827740836,13.171655576042747,65149.973338738484
Container,HFO,12.245441545461919,1505.3265287903698,3838.9021270649337,4.683697874860306,6.0169246100442635,0.8283036741468586,46.66492806841559,191.02875108269143,6.5220641815668365,11301.538928745647
Bulk Carrier,Ammonia,16.246348881274532,4317.471164636992,6290.325660238856,0.788824168102972,7.658375941983084,0.5941677039629669,264.6814223755131,316.9878065308667,17.448701078626748,23601.648270119345
Bulk Carrier,HFO,15.156951303554614,8879.17667090744,5816.403186164976,1.517230442651165,14.969291189975287,0.32034478252158965,79.4422014398549,353.470008687014,23.640101818586466,25211.6540903098
Container,HFO,12.364209644538239,5636.020501374941,8628.052077775552,5.465385437171952,15.906057262922907,0.28128238668088223,217.96346654367372,345.98991345650285,24.622223771278527,26469.89642758243
Container,HFO,18.98156705253041,22232.61388552103,8790.4541889967,1.1271266238389563,14.493174818240888,1.5636954630427247,280.46848620347123,307.53109810393687,6.9364401097857655,49830.81195039732
Bulk Carrier,Methanol,10.050317531551393,4062.538935169109,8775.941584815182,0.6461678140462666,8.527443531171134,0.2720429451673134,98.0725908179702,148.88599690735666,8.56667314894817,20346.347542727446
Container,HFO,16.832011295152565,26113.829045711216,2498.083001271063,3.547388630361511,13.457009137611085,2.400531559942418,102.4691886450321,97.65789817009158,24.84520335988611,13615.578636470233
Tanker,Ammonia,17.006610843248623,7412.320607617633,5444.208322698134,2.2228970311966147,7.444504079558813,0.697837754030167,22.18055927948003,115.01906136862985,20.935629486601925,24486.83343344547
Container,Methanol,19.068591804589577,4149.127892175463,9752.978823246736,0.595911345049947,9.229745161929404,0.06451215145457906,115.14533671180347,235.12969130000437,30.00236024685722,54431.82219050514
Container,LNG,14.70438651586489,1293.0926885064973,4640.20902943366,0.1202091130848432,12.66884941460767,2.1383243096079623,215.08238464733805,123.069800249312,11.154265016430255,14585.453403704654
Bulk Carrier,HFO,12.537845720411704,21740.945125342245,11812.635895750154,0.5274725124599802,15.65791473103018,0.9189684896257505,56.08685738643957,156.5599117901874,8.610268627291497,39079.30601822946
Container,Methanol,18.105147368460223,8441.885632217718,4440.96222732717,2.9227721253682963,9.831181044595478,0.8574147074373992,343.10980594697816,28.705101577009007,15.86072438412041,22871.901348725394
Bulk Carrier,HFO,17.47891310015632,15775.459548995468,6022.235245369422,1.3468219037070885,10.454200631366703,0.2965515295409582,260.0696640073877,277.56418415053696,24.112014049798148,34705.078967480586
Bulk Carrier,Ammonia,14.503471758614175,4236.865353492516,5746.854578150308,4.29878152532233,7.4218538184615985,1.6510551455472708,73.4043194170331,40.128969214311546,19.579017240660605,19588.459753860046
Container,LNG,17.44643113197192,29573.581773851227,5260.599249383986,4.730546618587412,9.435450170243016,0.8969834289735836,191.02200208433817,121.32955884252071,7.957797982936969,27049.85915567821
Container,Methanol,11.946631622849868,4636.157433028704,10163.013283003496,0.8820982956625895,5.6932046846520885,2.057486323916807,140.91871826972888,212.5562300017544,7.138762667792728,27144.979410171043
Bulk Carrier,HFO,15.484569634438147,12945.851872614468,1947.775326821361,1.919907301966139,14.444444851895225,1.5765457590753231,137.64713655192355,191.22294638677263,25.3308088147657,9090.481227395427
Tanker,HFO,18.51701800266663,25697.835567699512,6855.210006326398,0.8915002775282664,5.256680481356204,2.199780881484916,201.5957518870382,321.52700247229905,13.909046342501703,43603.08767214817
Container,LNG,12.497829550781638,8101.721505931798,7461.358770529541,1.6481405993425151,12.518770430526867,1.5564028949701907,38.93423723578213,237.1277293381341,25.08447413051587,20520.21979434262
Bulk Carrier,HFO,14.319049806738175,8742.18177503903,10229.533566025513,1.3917038612530852,8.005438715995837,1.9481955742993717,77.51290530650516,284.05612028775437,13.847446492299678,38083.31272113131
Container,Hydrogen,19.461493395901783,24446.485960831254,7349.481903120691,4.349070465060807,10.237203752364778,1.741348212261813,53.88490967992148,109.24053314904238,14.443826355306275,37134.57063864779
Container,Ammonia,17.7803302616891,8926.850058568369,11524.24213867459,1.9655902612759577,8.097142841097332,1.1564810616016654,62.632509968524374,47.612641243828364,11.29444194240046,47220.811339305146
Bulk Carrier,Ammonia,18.75742922363608,1083.2680217495763,10478.795775905055,2.7760499132185528,9.400777348295948,1.721684979901378,235.87828129639306,267.59879967651136,34.51150884569193,51080.69733260476
Container,LNG,13.237717669794911,13409.497894208544,4250.005385397504,3.7390335695541004,11.014556750609504,1.6590425438958585,358.619359592853,55.288432086946436,5.482108702806823,13563.323742871702
Tanker,Hydrogen,19.961557855980146,1363.5210806757748,10332.88669896093,4.540185905421808,12.049827525754141,0.016759049815311122,234.39820150506486,300.29983333995324,8.817573015849046,54511.90486692243
Bulk Carrier,Methanol,10.678221651521943,27383.976231051638,11505.885987712123,1.7265290877412398,15.343147574090281,1.746594846819629,354.50046794030277,339.48627955068713,30.08870542825208,35252.167065652655
Tanker,HFO,14.706476415379399,19612.58350119741,3160.6464530025773,1.2297916056017035,8.654209919532127,0.6553987545571147,207.72264801232603,101.85402936454747,9.144852021815634,14048.84766434554
Tanker,HFO,14.272007205258744,17907.413720416025,7361.48479930646,5.383648218281685,11.43343264271127,1.3545570550000772,101.99110305243852,273.9618134060156,13.420906758232196,32735.983148516367
Tanker,Methanol,17.78275409880148,6846.09581500853,3453.4665568714126,1.8287967410964838,14.918943619290687,0.2783309710271373,314.02973895735676,157.44179467524467,12.883549048329773,18426.68779739829
Container,Methanol,18.99479549766513,21298.43937743045,7829.850621078389,3.723767735576728,8.192549887453769,0.05755625393085023,24.188794265078094,107.63904446660808,25.909567467736448,46301.12510687058
Tanker,HFO,17.042533145988656,20640.384666672027,1214.3493741095606,3.760341619660143,14.51554979238029,0.03779927193892557,36.87405782902517,155.21160001692542,17.336035341194723,7053.64190497664
Bulk Carrier,Ammonia,15.89497859743333,2753.4436438355833,8836.837460241784,2.8757590062375216,15.53310606028834,0.3954862809323398,341.14478719566597,232.8362221472302,30.217634678929677,32230.419845379754
Container,Hydrogen,13.701721099333541,26544.549393506604,5095.85596028458,1.3336162056166079,14.322430761896051,0.04973126652537907,234.06667176735266,355.70457835751165,27.42281587217222,14328.813172738264
Bulk Carrier,Methanol,14.613585087833076,17802.98752496436,7088.955426249598,0.8638700731525517,11.268465514757565,0.33099355212754616,334.42632860433685,108.01574412322567,20.933039936234486,29256.70334893727
Tanker,Ammonia,14.60230344547304,23981.539550119694,407.76259002962786,2.7298871825379285,12.943270939926244,1.3979340133974358,47.839147240004046,254.1395501471245,12.471853268572229,1560.4110563246445
Tanker,Ammonia,9.224053210528155,8624.508091736483,8375.753317002907,2.859019498241436,10.291724554061481,1.00068207893249,276.57394328075753,120.55323713786103,28.772564286080947,17193.51135889451
Container,Ammonia,14.533503853104454,4539.38619285017,6002.297114209397,4.276180486583907,11.569813848947085,2.4518703064766334,84.53176221120194,90.50186694946721,30.9797166228352,20253.599376626484
Tanker,LNG,18.415678801915373,21371.037622416752,7540.48699148532,3.9331005973418454,15.719214736760994,2.0217359005430056,123.60750634812773,227.46317103234765,30.08847533325815,44215.83241433561
Container,Ammonia,16.802014122564728,24022.597901399702,3856.4488712764714,5.02502290571368,7.762326117710995,0.3669393862215761,323.6368955164693,274.06369896355756,6.551413028345062,16786.85236895292
Container,Methanol,17.752794843375053,12194.97247495945,1835.2600637148314,5.34264703419321,13.718018347947085,1.0419734836526386,148.05192573956558,258.2589714189966,25.93876048566319,10007.137414647123
Bulk Carrier,Hydrogen,13.29533488745373,1687.075984173026,5281.60440975409,4.03039716147752,10.568564647302836,1.0774269914083017,241.39317490083187,339.3308442935838,26.11815908846231,14962.195797926399
Container,Ammonia,14.818705606042538,24729.36671496207,11333.351543307723,0.5131607436833684,6.9456057877505994,0.9052919473782142,319.4193795270645,38.65290147994755,33.29226619688514,37206.85798545069
Tanker,HFO,9.368319258968105,6976.723283582779,2810.7489171802836,2.287638869772354,12.078889187748885,1.2389744516888404,313.5146142138528,194.6389190641865,12.904351001871003,6454.753343900089
Tanker,Methanol,13.21297736386278,10831.926315027158,8142.484243219495,3.3875327971396882,13.716695971885843,1.674686363613663,3.206611376393811,104.70376560830272,28.590404885297765,32080.673222855206
Container,HFO,14.218576493819084,19218.699225536777,693.1381740110425,3.287053385829771,11.256314012557063,1.602224289149132,56.957499243247696,294.10454830377927,25.6728950048694,2711.5148119057544
Container,LNG,11.807297895589898,3898.686857127779,8645.387444676448,1.0797964434852303,14.21176081090825,0.8927479103338833,330.7037900888395,22.32955862839786,31.361809135665986,21877.703846217446
Tanker,Methanol,9.343650768897149,3087.877218015431,2937.4025229377676,3.247901539034706,9.02455475495686,1.7626140578713065,202.46971259601395,63.28924270641568,25.799240909423695,6949.673813845957
Tanker,Ammonia,16.594489196568475,1745.4093756829534,5473.053016729056,1.9882747425597984,15.051451288861868,0.7237134966585814,172.8719959966741,277.9302822289649,30.573636102003363,23475.169150205034
Bulk Carrier,Ammonia,13.785965259337274,27582.55594694421,4476.261897077811,1.9302049621560662,12.1315210998496,2.0886696105659506,23.492828977325008,127.67087536586614,15.787260411109838,15593.350894601435
Bulk Carrier,LNG,13.572460124234576,10030.099583791014,1442.8000854765303,4.603637828626676,13.834752574247194,2.4109301081600645,9.018806737482464,245.44804061154488,9.728732621963072,5193.459824731542
Container,LNG,11.749854294313598,20159.105638396824,4212.425234890131,2.3784390568083884,8.002836373441387,0.736841636122238,343.2293053263724,359.462043974364,15.900561039377727,11329.565667369478
Container,Methanol,14.916134388978188,29687.82222151452,4266.487003688909,2.9479381519480445,9.907411430932083,1.9617213819260781,170.5863897017791,165.54567710435725,29.45155066535734,18789.31503717753
Container,Ammonia,13.818294593978045,20414.07301329636,6313.057104454044,3.1395134495861856,15.005791529141598,2.033564509644318,283.1102335816582,191.87432653252668,8.949499330358682,19823.96803063095
Tanker,Ammonia,14.21382920332,16227.74907982922,11670.983241985849,3.140182611198728,5.5598510555206975,1.2269084363371974,79.20050160581091,351.11810275606416,24.138355378852335,40009.836383703085
Container,LNG,15.389584832800203,16106.678071999917,5693.208517876501,1.2508561744302094,9.443798849194987,0.21936827913261042,85.34590289719397,268.7016559889539,34.626681655538924,23097.078853409894
Container,HFO,9.06957111963709,11930.597305210998,10981.671252028344,3.3370481610046387,13.583505238592194,1.9654547252482102,201.69191534191432,70.8325190906408,31.850446273866325,23573.545552151663
Bulk Carrier,Hydrogen,18.98465493892265,18393.610022697474,5592.536136894409,1.906967488298246,13.181961591958022,1.0186955955812995,315.3693009774298,289.5480776960239,25.135499849868506,27709.09688437723
Bulk Carrier,LNG,9.781961366395894,28804.950296825424,1379.7652804117797,3.6371095908193163,14.36785113846303,0.5201781887543802,103.88877681765442,185.70902820387784,28.77890980484486,3656.764624243911
Bulk Carrier,HFO,13.96017222047594,23853.276977250993,2838.819453783688,0.8867670344149263,13.133293681466176,1.5666255814019485,118.36799415209568,283.4529886309991,8.494293621968652,11468.639623008397
Container,HFO,11.281101627633195,13302.571893963888,4949.460345085443,5.468224211021815,15.41801364085907,1.0923452642019105,198.22619023908163,215.4789089539322,19.965012875407094,14696.272665150083
Tanker,Methanol,14.761606063068628,10640.900041943465,3971.8883983451983,4.269033773848336,10.480855108850506,0.21893112170045526,14.402005836382482,81.83932302661998,20.957372698189744,17414.82540287753
Tanker,LNG,12.082531196768516,26622.41435907052,10403.36852163665,2.3531577408152606,11.867188205386201,2.4591865726667677,136.35437336829787,293.19824859005405,28.480872788777695,36206.33841233805
Container,Methanol,18.460071478688644,4937.78894317122,8175.882666138961,1.7272999946671281,14.324763344162491,0.6116546756103634,200.26184027101058,0.7295521428339136,13.477800371346977,41984.500889422845
Tanker,LNG,13.359958173586623,25637.97245196475,6981.870577832214,2.1941309880163677,12.718600448419819,1.2774126386991138,1.7376488122836076,319.69087932966414,8.19455859325181,26154.45799199309
Tanker,Hydrogen,16.02631111345281,8397.226078927639,5945.631659716618,3.9945246729789248,6.122623907610361,1.6682206543275593,229.68126617974565,294.69932126178026,25.94341527761501,24358.126120610952
Tanker,Hydrogen,11.737677009626669,21753.247837501614,4827.520357639895,3.6392021177566525,9.036960978542709,0.2877234109967289,18.345952135707556,349.2503970381001,19.777823887139913,12126.724188893717
Bulk Carrier,Methanol,9.213467655434192,24380.396842470072,7385.090034000935,3.8912995648031723,11.078498781650593,1.848525234651897,259.1852111034192,12.793586655137386,30.268821791561493,18326.980175672332
Bulk Carrier,HFO,13.445699891746036,14832.899000640706,1582.8252687881338,4.900595655438312,13.301892982477257,1.6207220745978137,288.6042459313176,157.5484210373261,19.444690806160544,6257.0730163247135
Tanker,Methanol,14.901351385141192,6576.235308125955,2034.1449397811773,2.5639942220762104,10.979243257004306,1.2343822432670044,301.9661128106354,60.88735526073811,30.38812337564987,8785.709317889987
Bulk Carrier,Hydrogen,14.055018663879252,25498.264560408887,3707.0846054207295,3.71541420161739,13.55304165522171,1.3208249791717024,242.4197184568364,134.6362328891716,20.23505005455257,11938.030020257649
Bulk Carrier,LNG,19.58215800200746,11657.742006546128,2137.0969358867856,2.484142956783289,14.213704241091987,2.3869875686008184,202.16541764806814,129.52490753878303,28.48095529468743,13166.970739690449
Tanker,LNG,16.775230912306313,10299.72755399306,8157.474756395318,3.5457296218473333,7.916410973246991,2.27724459317241,110.72213791602906,215.12198245338115,26.622355367593,42693.254331958226
Container,Methanol,19.952367806879348,15790.469288249747,394.743024734319,2.664047639599915,11.777079904783248,0.2799583096782182,152.86093868399067,157.47479776147117,12.98247621140392,2330.8330947177215
Bulk Carrier,LNG,12.245660993453692,13617.500992013613,2006.1121508343263,4.293983587624623,11.128214152288614,0.9218801326672512,31.34018053087169,347.60635687960615,14.281949752611224,6353.404633023666
Bulk Carrier,Methanol,17.679586075678614,20808.514294123,10841.036503035759,0.12840466573215845,7.500489779203546,1.2919285794240465,254.55656066301648,99.99855750870876,31.97586567557688,60600.27275781142
Bulk Carrier,LNG,15.111143143012752,4978.736442807296,11970.763463842834,1.264839161264822,10.388658981605145,2.2999396147544537,8.886372492412375,150.75016550284022,11.93021382890013,46637.99745181969
Container,LNG,15.729363898933492,13634.999967388316,5902.326686154307,1.700763175881521,11.034251130255893,2.041408323635115,148.8373504334689,252.23572811556667,25.925016687828247,24243.410385534207
Tanker,Hydrogen,19.844385204865603,26859.352525530914,5994.903868958923,5.205130333756028,13.990738627264511,0.9662067574860354,182.2358526024223,99.55560632827031,9.353603959919141,34710.16195226168
Bulk Carrier,Methanol,16.193859197262285,2045.818573752038,9303.445270625514,2.8380495500213567,10.070883121065084,2.2155260137766137,234.0322264812479,260.57199396159774,27.654751137477255,44191.46137009035
Tanker,Methanol,18.886985815706097,14262.811661446465,530.6559736848433,2.0675001519899627,5.890075807235444,0.9453944890803084,123.55160090633163,255.13649750427348,11.698695487379792,3260.260151826653
Bulk Carrier,Hydrogen,16.983252581911717,20155.427025171095,5181.55563462164,2.2832854243138283,10.360255540554279,0.6779823395107737,159.40361984009098,256.4057600692438,22.82196118253948,21345.516687024076
Container,LNG,10.40124733897225,26743.621524217575,1287.951793598022,2.539840330535696,14.21746038814076,1.5247315663939986,211.45536429890427,243.02751325782316,21.92730463211113,3344.379993998239
Container,HFO,16.69366081354544,18219.800581062096,4871.023953612183,4.786284106615444,11.283809975603003,0.8897543870370084,332.342924700529,294.2857278204991,11.105427591005487,24763.4668834002
Bulk Carrier,Ammonia,14.327471475540301,24910.043865940526,11807.47990943361,5.296613674672744,8.507517504724397,1.556018899806464,241.90996722149936,358.17541076907713,19.742099633770696,42432.70526458105
Tanker,HFO,19.10677792280577,7458.039549819307,9068.236041559998,4.658489054597245,15.130680427826842,1.0242101876130612,91.59638492531161,19.92112389579084,31.37744076328762,62577.06000333192
Tanker,Methanol,17.875178919095006,11231.473650607926,11822.045920654095,4.644946522462321,6.712165230886679,1.989422849067205,305.0149034157636,178.9727910752667,25.41588044456079,70509.9999119203
Tanker,LNG,10.145481563679478,28321.835943913236,8977.97864548016,1.1746815991594908,8.595654177426326,2.385777433434783,19.82320984885834,292.70913480704957,34.77963197297498,25836.091592361397
Tanker,LNG,10.473072080189143,26693.278279687904,7336.509854498402,1.550861587516179,9.808481596925379,0.6757729471785723,98.027662314481,0.01699553851972624,28.5366278298859,21190.091987632215
Bulk Carrier,HFO,9.765721019784662,17180.63649797243,9075.227911834196,3.3186655750137355,13.11775676718464,1.2750252106107038,38.934642246754684,196.25516802166695,24.303663029090142,24258.57368755257
Container,Ammonia,14.425693622190792,14789.161796050512,7943.190908354718,3.6431420325830794,14.193214713383371,1.8110810882564716,160.9339105548932,237.5273576176445,21.896061924662543,25583.376530645524
Bulk Carrier,Methanol,9.888489351280883,14080.954352179297,5622.38575583271,1.1946090166088392,5.644165238697194,0.3962977380178742,229.29378867127096,69.02736248097749,33.12285938086185,14271.657205308426
Bulk Carrier,LNG,16.960461702321634,2704.900185443465,3581.301374661999,4.129922112831194,13.71239402509954,1.989765370193421,191.1583156582333,144.2953811943886,20.81040312057587,17485.05966591886
Tanker,Hydrogen,15.07594439595476,26878.93601474044,6290.118906078824,1.1798031857657687,12.925812567757296,1.4574299041135683,292.05439276967786,284.20242967994716,17.080183119074587,23212.476466787983
Tanker,HFO,18.19473519308457,24726.33574404473,3176.072339427023,1.5202574915828369,14.84117535292998,0.3743513097802037,204.29573916134643,24.005779573785674,30.0348073810731,20758.004970086604
Container,Methanol,12.077753675384479,14231.283197108145,5891.448522661529,1.7566959051006976,14.904872899080964,2.1705739670102187,83.76010065251869,48.55202392810183,33.20733256761055,18217.831188220393
Bulk Carrier,Methanol,14.710548625772548,9103.759208864729,1839.011330460923,4.668353649047712,13.552781145264934,1.0667531488145234,193.11187002063377,294.5050097915928,19.367506757005135,7831.364440944643
Tanker,Methanol,10.292276545015987,10944.697586369386,6828.201677743486,4.05325304310277,7.0922295269005575,0.44154836481162196,264.7762277517708,291.31398156734855,9.117155708378078,19013.186648562536
Container,HFO,18.730710029153087,4571.656990313795,3018.8759206640466,2.9657013529105796,8.452586573216557,0.48849091084662594,181.06321113318222,212.54521094422563,23.251184546365064,17136.307973796673
Tanker,Ammonia,10.92505458518822,21931.902497865955,3593.936436904679,4.526646209928434,15.299516687333478,1.9637659994158123,159.1090374180203,149.8271947985964,27.22646785787195,9768.5138417024
Bulk Carrier,LNG,10.125984764854454,17143.425840090873,6038.434887210422,4.489812535613987,11.579906298392435,2.3392904014624456,190.47504722397312,38.034628227838155,16.20908249550321,15554.439652704557
Container,Hydrogen,11.255556583755016,7788.999261921953,2034.062410956811,2.2050987181231068,10.926368078282165,0.9456248056353733,197.30094204943265,292.1174257847349,27.43636572693897,4040.8691628610854
Container,Hydrogen,17.868546375952796,19067.161590253003,11552.320615267437,4.319761352432067,15.072803840483983,0.19707018826808198,111.8005671094676,87.0283300105273,20.931540279268734,48162.02181708603
Bulk Carrier,LNG,10.163959804531512,29397.676213394265,5418.637353175226,1.213710968808951,14.61618431509631,0.25205769863464345,307.5214863809968,328.74870872860834,14.040683912293884,14250.90778602068
Container,HFO,15.758702443219825,4549.458928809197,4292.122832558338,2.8174357897597506,13.00245768648019,1.6361962729846273,74.76588531968736,279.3016748405017,23.885636853284826,17977.023776802485
Bulk Carrier,LNG,17.20799430676638,14296.065308134504,447.43960060171304,0.73850534409882,14.704775345754978,0.926879276474189,11.819563814983152,29.136901622696012,16.66842696549154,2128.085710140164
Bulk Carrier,Ammonia,17.261892765311583,15330.605806741674,10134.726921035572,2.4046902221927935,6.252184749150324,1.065328743364484,266.93719770868773,228.77751778813138,28.60476511865753,46466.77162310293
Bulk Carrier,Ammonia,11.090669752689443,5837.11920089027,7547.423592145973,2.9099751567428296,13.332983632598989,0.8426184453710972,303.23295755961766,331.4253611754394,5.092400837505757,17325.38327668668
Bulk Carrier,Ammonia,9.677863982153733,16415.82611892213,5055.221342611438,0.5315591327467795,15.622042224165547,1.1638464149739454,231.38505826918498,316.50055266252366,29.545343478599342,10521.616043802976
Container,LNG,13.936870221494393,18573.340497894613,3021.840312127861,2.59810891335145,5.538744715095448,1.6088736322001618,168.8202514485241,220.80703651769514,14.197258325922807,10486.190608273782
Container,Hydrogen,11.227338797690006,5562.991625736364,8967.135282237085,3.6190209319847186,7.453502169696976,1.3528479097619648,351.0739606477446,61.90524497253514,33.78879690439942,17966.183375771037
Tanker,HFO,16.69197889915332,5486.993071257416,11351.14745132584,3.4160764676215845,13.733652277519608,0.41060356037869394,133.473685335732,244.88705639587047,27.774946028730902,59549.53541841217
Tanker,Hydrogen,12.923620796209631,25834.112753378926,4631.635497259041,0.3935109946117078,10.720518808737175,1.22822162985951,146.12322718603147,239.81114094831793,12.231208542973672,12979.770641480241
Bulk Carrier,Methanol,13.942893351364454,10030.235663431302,1705.025213712852,0.6148343039042858,5.952801899953874,1.1515326477658538,212.8005890140788,211.9444985567279,34.363974761944434,6492.256323926517
Bulk Carrier,Hydrogen,10.24833426411883,19279.668225280297,1399.4174925455748,1.9973237281577618,7.947538320716233,1.3643431201341025,154.95367802502474,95.66742713175057,19.98741775990165,2938.7323101109696
Tanker,Hydrogen,15.24305315203011,19176.41919458121,175.70747077324236,4.650502903746971,8.564655599149123,0.27667507760095966,199.90741560781353,324.1068562115269,20.68771391793793,636.3773430272672
Bulk Carrier,Ammonia,11.040766085950981,25335.955391896416,8953.069745183491,4.796682687103758,8.531689940305437,0.383817807606838,347.96293651201415,180.9276849418558,32.28554402281596,24274.380690024467
Tanker,Methanol,16.468842270064307,22456.94430571418,11778.60509222988,1.7719094964228006,14.65440024415715,1.3256104452698672,85.49952921037222,106.96148086533967,32.55209202445356,64694.14882867765
Tanker,LNG,9.78285704802683,25376.716569710057,11914.531257767461,3.982017260303865,12.282401030938455,0.6885876063740834,53.48265328599823,91.87994661990997,25.906475126498986,32966.36444932586
Tanker,Methanol,19.734840515094557,19131.228899869304,9431.947326680815,3.217909198698873,13.084090062059131,1.5725792217783674,152.47844402207457,101.16641903595543,34.35348918686761,67775.07305383551
Tanker,HFO,16.52979676444393,14034.257654905825,2029.9869617229185,5.410480197300936,5.1492709777740675,0.9318784566979005,181.43948275332482,165.9938921078451,14.866109287622484,10983.120851772863
Container,HFO,10.999025245931188,12413.429118079166,11734.742525366146,0.6110771263643353,9.70263203256475,0.5518368691635894,256.7507703749602,83.10653871096204,11.970097532057984,29322.417943135162
Bulk Carrier,Methanol,9.155041100080414,11991.863233181639,4000.979971723216,3.0585560080973764,8.496026908720797,1.640986970818321,343.8623450271148,186.26924345092257,5.8777016434161675,9094.874844216389
Tanker,Ammonia,12.679091814257406,13133.399839365577,4070.0733529612694,3.2997033039047707,14.37117942464191,0.9847691741062861,247.92132134504413,69.12845636496493,15.390348154333624,12207.585784668658
Bulk Carrier,Methanol,10.680945904574282,4749.968312459339,8279.309739420023,1.7614102831360272,15.492566193118368,0.3940311762743115,355.383056021155,97.54269938250779,23.079000299362544,21366.012868823072
Tanker,Hydrogen,11.402524664315006,13294.792759091844,683.6853261859715,0.3535475364539422,9.656749345457058,2.022022448175725,88.6819296037054,43.07956335650025,14.16137149749892,1574.656573743815
Bulk Carrier,HFO,18.600252842816786,12293.902308876013,9926.659785899956,0.38136449271426054,15.703666760284285,1.079396779851536,75.20043192503942,128.66207754461053,22.388607713962834,58189.26391573886
Bulk Carrier,Methanol,15.635251260559343,2002.5782362287127,11967.837590204153,2.5495374926834464,5.157951244481449,2.2876758493066087,110.3525103235588,146.1490816096222,6.451572564916029,50920.51217909861
Tanker,Hydrogen,10.941034183317894,8978.79190446386,9323.330359270018,3.8393584629971635,8.582913446294665,0.4835023212885062,283.36461213869114,145.3383348250262,15.622731939386933,21815.171127185575
Tanker,LNG,15.123253407561936,22805.30226746629,9401.950245367265,3.8809492433368886,13.524242957229449,2.190875586516183,67.14530009422914,260.9594997583023,27.440147194420835,43123.326473640256
Container,HFO,11.813587187674926,17760.421570879134,4744.732679741956,1.0772371884978507,8.961095935225362,2.039774926747673,70.62841788063612,174.01002272337547,8.129805805729012,13395.996131610214
Bulk Carrier,HFO,19.738209507938983,24378.857405924875,884.4645292863173,4.733049561431246,15.130585634157079,0.25978956022057714,148.22487382120582,249.48191027699937,26.445123669665463,6208.287768781259
Bulk Carrier,Ammonia,9.360329532900648,16737.953287042183,9532.742467389637,2.1366771002366227,7.4031138174794355,1.3292032891257934,114.31594346267717,11.930436169347338,27.899333390284667,19604.39618957747
Bulk Carrier,Hydrogen,17.055502643845966,25768.429198782756,7206.181234167127,5.307586670651056,13.752334000609219,1.634207150366117,232.73211209177185,157.17191338896922,22.062845273506213,32731.039617182087
Bulk Carrier,LNG,17.5029672881057,24085.945888449784,10921.130400552804,0.7380620258984388,7.218724776427768,1.2387054868181373,320.4601318240229,32.3272069341767,31.58262659212909,56603.43121847266
Bulk Carrier,LNG,9.738790403534702,3850.252534125166,1479.958511985307,4.616855372631602,7.168154094401214,0.9756577104648392,49.9178058630839,166.3567215744131,33.63690536676953,3546.8331065406
Bulk Carrier,HFO,10.890563006544868,29333.18467246378,3730.964450819889,5.0050260275254175,9.903242942216018,2.359605318409259,196.8317737017969,221.47182364038488,6.040324488611356,12237.32697191999
Tanker,Ammonia,13.227373250143533,1427.6759601385347,4391.808229308299,4.542447841176149,15.394346471633657,1.7520521493555488,31.82425837672099,286.82617768297627,25.37249072211622,14053.319334874408
Container,HFO,18.549703091819744,18308.30309995894,8231.028531681828,4.467742162478293,11.44000458092583,2.4146746939112274,79.73762762260615,198.07888062401352,12.115235074205884,48126.80818573534
Container,Hydrogen,14.906999322603493,23982.833770186106,9474.167440927544,2.051074083186703,11.985361843609383,2.115575777132979,111.27655670233072,136.62081841869266,17.245499270144826,29259.38600140523
Container,LNG,16.208375350080196,10624.9300556762,11536.142862154602,3.9520527762932547,5.107059397154778,2.0428284955403893,208.47706046882308,95.20647668113878,23.694628475290976,50336.03682584541
Tanker,LNG,17.613141190025267,18358.52397661758,3615.3451840574376,3.2284714564610226,5.622767250949417,1.8140807257500242,199.75643721110666,344.679416370314,26.368168109764294,20569.02825107831
Bulk Carrier,LNG,18.10935067171272,11501.553394576,5974.273261914543,2.3921873097285795,5.736274282271258,1.615198105363167,231.5038506047228,71.38276833145119,30.205727892238286,32720.86853738154
Tanker,Ammonia,14.239129973920491,2757.834275217555,444.63506796745105,5.462803158689871,14.016063921273552,2.2171552277809043,294.80631020198575,15.269889091281069,26.161607548507785,1599.3806820075906
Container,HFO,14.596724526508295,1245.3840535905963,3110.555749495766,1.6684554779836478,7.605373339341691,1.5335244316576582,67.40275612587507,45.31658124824105,28.32196981589933,11792.316678905387
Container,LNG,16.898064427965572,3750.9988732244615,4550.64174662372,2.3309777198140345,8.617220031026164,0.18822100231297906,267.61769188588966,359.1018357435142,22.972135980782348,18938.404262632223
Bulk Carrier,LNG,11.89676594609189,3853.8782294813573,7166.293857652834,4.975449601625834,11.709480564918787,1.4564087974832538,240.1275437799817,326.2032107148786,8.511772511648747,20484.28128063234
Bulk Carrier,LNG,18.399387100020768,18715.803544418748,5703.061373830171,1.6606447071198804,11.42349749418651,0.25708787896693674,28.695972573107586,115.29283408918226,5.6429094465588,30150.62484490209
Tanker,HFO,9.228655069234257,16250.091697912885,4437.2532113462685,0.924478167494104,9.515824473252845,2.3732526753060665,124.09031521896176,1.385703764537447,20.89349146764588,11069.756010984942
Bulk Carrier,Ammonia,11.153487624306972,14208.43570502112,7526.527801699164,1.7739986482152195,5.047302266383223,1.6166724402532155,9.97176559740273,276.194169672328,26.466231438553997,18695.931420693316
Bulk Carrier,LNG,17.802199373401535,21065.72279247011,9960.526557692305,4.200283056349671,9.945628325558973,1.3891157085333918,32.466377426802154,108.1930526278506,8.265967653240702,53769.90274811003
Bulk Carrier,Methanol,12.742840330819394,1487.9579733610035,2976.005482518992,4.743211652392237,13.127708772920254,0.4945528318327194,102.16324802039789,7.973759976050885,17.878878436268458,9404.98130815994
Bulk Carrier,LNG,10.648161159615366,8858.520961056198,4180.222963198907,0.71800293316075,7.58763246858001,1.2894176246869509,87.5218191963668,164.37765246625716,12.685321902669344,9995.06581966348
Tanker,Ammonia,11.054302312825437,23544.38920734121,8488.591431275538,3.4572484778040637,12.791938113011998,0.8563275095733556,324.0625569979652,152.69614408516463,22.012791504107234,22350.987212011227
Tanker,LNG,14.838320421296764,27389.336088996435,9357.49312522651,3.1633492902116123,5.166681017990061,1.6884654200216023,321.7638826349293,130.23309035527134,16.71508257271484,41942.36776805802
Tanker,LNG,18.307996822794866,13711.761290889866,9922.222773642303,3.7115080417721718,14.98808584745985,1.511024493648393,208.03230632760668,235.2122632052135,11.044025013024392,58292.32191456951
Container,LNG,9.777157873482217,3363.0354240155243,2591.041504874641,3.7237044040846983,15.450431284213698,1.2482677250176466,264.61280127099775,261.3651657703622,5.131781412183338,4955.110259609686
Tanker,LNG,9.335290000371144,24163.13343762615,6517.276838808546,5.281124339439253,5.0270763176701525,0.6318525036108771,359.8564727277908,201.3061578306551,14.645752861427916,16663.60314535207
Tanker,HFO,14.116849494205274,26669.942564909274,10810.132072450884,1.9712577255043924,10.036002551871636,1.3143578260028037,147.66937120711034,5.03523845147178,20.484864400589373,48007.876414633814
Tanker,Hydrogen,19.51806156558998,12996.147850117864,4764.210415588752,1.7187413773732056,9.552041342625358,1.1542422143630617,188.07315338264607,8.069754982330757,32.87627249010377,23881.33309947847
Tanker,HFO,12.06910783755539,8057.302363688033,5215.6087736365125,3.2386165434378564,14.260716915114571,2.128164693655814,234.41397805625647,317.42775708011084,11.824280446589869,17638.822703923517
Tanker,LNG,19.55087592973753,2275.1783784654135,11819.393032418162,2.4188596798887736,10.947937504555956,2.2358433534069624,331.4009564707255,67.11935382486767,20.367651978908995,75355.74900568178
Tanker,LNG,18.764492942490016,18141.401834950822,1445.3264877868146,2.658273070487923,11.72502016929656,1.8981228852710232,286.9259582606873,143.30317366882272,21.994896034230543,8804.386696449918
Container,LNG,12.114485840262622,27386.215226312477,8496.663674593468,0.4740957649242611,7.227566033950646,0.7990998915307773,23.19183990962626,37.269824081473416,24.47682970576958,24323.05677728862
Tanker,Hydrogen,17.986428706817613,20658.752740089443,10217.191111786613,0.9005077555494021,5.8477113479678895,0.09522377604538418,256.6621022833076,82.54835102304341,14.85699052623356,41991.12768900441
Tanker,Methanol,16.544540328257007,10200.209338947296,1894.4428479448072,5.151024657601454,12.615642069008878,2.3133398981096964,90.69679089210257,174.7273171487226,7.984454584699324,10164.904885503505
Bulk Carrier,Ammonia,14.630046277952328,19643.76140440904,8601.993508486124,0.46877383901865743,11.827435911663713,2.480030629146673,91.76461075495769,84.7967646250384,32.640687205467266,32396.641907078083
Tanker,LNG,13.652077573471622,25129.98381599274,5689.884841924262,3.286786200475353,14.155616073816057,0.3175519058062701,197.0057682188984,237.2697544386188,33.58266286560784,23620.755881574536
Tanker,Ammonia,17.970530315180024,14799.071721134278,10249.401527628255,4.174705156696607,14.29151792186261,1.714040059458006,250.66830644300802,132.231024848581,18.14693414740762,52323.72583125152
Container,HFO,17.723873759645233,24772.706209937318,10898.682570347282,0.1640630535804685,11.941388013702301,1.062866338724301,57.32201610302306,283.848036026409,22.41724885753557,55659.713665719966
Container,Methanol,17.32629969536815,12365.38062332427,10482.570347539424,1.3028399988402781,10.92197521245317,0.37130101209769867,113.22413314701755,216.70216286651882,5.870791798379513,49628.325472096425
Tanker,Hydrogen,19.980815463368252,11106.664679277348,866.1831371902518,2.1361889665866887,15.054090959130361,2.4952532774139176,257.8035615300203,91.42742049745561,6.416469233455246,4531.390852393104
Tanker,Methanol,14.263637070355223,17906.67015047807,9106.577794098193,2.83681421417081,13.81390549437549,2.3330721361544353,54.720717555578005,291.0178677810011,7.300022474797457,38557.46211182173
Tanker,Ammonia,17.876152756019074,14475.906113139958,11066.17814233137,1.9446145916805664,14.706674944643359,2.4565221907067842,305.89505148588313,335.5513453029217,27.16238944546763,55766.39056537033
Tanker,LNG,18.487262036818265,29336.245693371413,7494.046443984079,3.6045959940048706,15.95424988101392,0.3597406359253627,164.1754058984734,43.21594764579497,11.817034732680494,45464.88272408149
Bulk Carrier,HFO,11.327628395990523,15975.293282317067,7250.425119694033,1.3225465931538485,9.438563665431637,1.2298113133074864,210.95649007506498,241.0788527852026,10.533416689231352,21936.691660175315
Container,Hydrogen,9.46273086258367,12169.988838564625,635.5641100375209,0.23760785671670262,12.886281285198258,2.23943540830341,28.94342341517792,227.08637636926827,5.2500599827035295,1056.6869685143995
Container,HFO,13.452232424074376,12453.072750727551,10286.792964250668,0.10848367441857241,12.568745967547361,1.687896114447602,343.620447948473,241.09658447436493,5.686926328207664,33162.797086437
Container,Hydrogen,18.424103528804537,16890.25856778038,652.2023738670222,1.965764864528025,6.9155698466608,1.0865045082289593,326.71161178967606,11.226870178780196,17.161512570049787,2647.944631741948
Container,Hydrogen,12.180136093139613,11292.449102237666,3830.76431597762,2.0529791156489345,12.002034596623474,1.2917356021989443,68.42833780322292,10.125310101543947,21.25033792031575,8024.442566669911
Bulk Carrier,Ammonia,16.700111694741665,21964.29145698314,11117.770476917865,5.222462233887337,9.70898203466794,0.09650401175264056,238.716819550403,106.13214002085492,22.37177545303759,50267.70686149215
Container,Methanol,9.08082952970689,12039.224903347585,11401.967198481194,0.341815847609276,9.956991491250822,1.5287929420357305,285.52219874363624,28.883907217957805,18.73733543542745,22540.66792773355
Tanker,Ammonia,12.909008755522615,12140.18720923205,11903.616431663479,2.962351324729978,6.9815178883946265,2.149288791750655,43.90826466097046,131.7880719197874,18.78683816428515,36966.90914506092
Container,HFO,15.770683642339662,18892.224231927335,5769.187198793346,3.2201918970247703,13.192132807495655,0.006984066353204754,207.88328138733513,314.07145229850806,27.59426555798831,26080.401939747586
Bulk Carrier,Methanol,10.427329090795705,2764.559308184289,2211.411601934029,3.876085064247686,12.677350886460815,0.3999116941193101,306.16341484982354,127.59706123664925,13.687104038003525,5490.518104312831
Bulk Carrier,HFO,18.862676033621774,20005.292625339236,5906.539393266098,3.5491668407595673,10.855191529023799,1.294975305013304,182.41707507865738,141.42464918717377,12.131534540268186,38692.19471539205
Container,Hydrogen,10.719013748287871,15644.194297601927,1317.5238084882858,0.14395326610929138,6.723911103484036,1.4024108150521644,332.5627223729318,96.30793232086063,30.629725640954927,2609.485143165131
Container,Hydrogen,19.00772899504394,14137.757314312608,10483.17969674264,3.5120314364086633,11.125512638928395,0.858380862916065,17.208682891420555,151.77715570685916,25.677914231482553,47426.8685806417
Container,Ammonia,11.380282395512722,21858.336730530587,6770.393075871408,1.8408948743785536,6.101467643617224,0.06983619998635199,330.9158458705225,287.10436726689517,19.305993472486115,16790.919469510707
Tanker,Hydrogen,19.93706541307425,22989.41767814097,4913.620200084388,4.27349239127813,8.733092287564821,1.8590002388745972,351.79849718194373,299.1208803935889,13.26214476602021,28227.45461942469
Bulk Carrier,LNG,15.6522358462515,25541.565038961322,1046.4153595215726,1.1171730851327752,9.095936270719843,0.6073127956128574,56.13915635032188,151.58122802380336,9.097454587358556,4446.959095898569
Tanker,HFO,9.927793838821424,11869.29050370597,4922.364054117902,3.9675105206767687,14.71767931794709,1.6114432547520032,155.14207077927242,142.8698023062706,6.122635902499294,13135.204907876672
Bulk Carrier,Ammonia,9.718049579265259,10484.093075348052,10407.680139842296,3.4776748019209296,9.571182829888237,1.3978668526941183,223.47537215808012,70.22356958771809,30.570960739737252,22539.04089071217
Tanker,Methanol,9.824138658854157,21715.920943341065,8470.530596478831,3.6223707807683647,11.583168554883766,1.0770952061498136,321.56578378395045,351.216593620052,22.80156504191574,23868.223709438033
Container,HFO,15.48882022020047,17872.34091507293,1081.2206583805023,1.050117510272793,14.622568866943823,1.4757237581959126,57.429422240305726,111.95831442479529,6.37488478735638,4367.4950583948785
Tanker,Ammonia,17.905371225601236,19322.244844202683,2002.8956767414925,3.7135396071952966,9.683353826311926,1.7375968599266547,120.25006490549107,123.35134953275276,9.757621936842632,10343.7869996483
Container,Ammonia,13.432590159475563,17110.164306069222,4768.471039419305,4.079683406666341,14.720738720778053,1.430610794864905,287.25473221236706,154.74832015788664,13.386928044596724,14662.335412882328
Bulk Carrier,Methanol,13.893193352100479,23408.09767291178,1306.3634839624322,2.7428154106841505,6.5010744377930365,1.3938135802567055,147.60164257628963,28.956063669695723,12.89214763141442,5341.068941885933
Container,Hydrogen,15.482164740310909,6511.185766272442,11215.090184719924,1.9379746881327444,9.013274728759558,1.0901943671427166,217.7796509187986,118.27354565773369,21.451729676638067,36384.742592997965
Tanker,HFO,14.863446652649912,17115.651849500508,7862.275331107423,0.9993961861561498,6.041999739731111,1.0750863061802882,201.60198835799815,335.01049357286126,16.983308695605952,36340.797159134854
Tanker,HFO,16.568679064113972,5584.951879365264,1228.393715516946,1.6657868355979992,11.170225922094133,1.2274149625735344,350.3418104435745,26.79543959293669,31.466498127858998,6608.0146060314555
Container,LNG,14.189642921793293,12810.306239438765,9477.883802327482,4.224673157243613,15.530102664485826,1.1301947803900994,50.9512406100543,86.57469222439022,26.582321018234644,34488.519845594376
Tanker,Hydrogen,16.852467535704744,20255.82087906617,4484.03055000612,2.310763912549781,12.226470188533916,1.0975614607675355,341.43860235154165,78.39036031880127,32.321977079302386,18996.88188076341
Tanker,HFO,19.970418168012976,15299.076641110942,3013.9606701833277,3.894651506763591,11.886831790836235,0.5259251780260338,203.094257647637,84.62503004621156,30.884558754783566,21694.14020613385
Container,HFO,12.853276264736415,12008.154563493257,6882.820809082324,4.096493154991829,8.059744954674521,1.8120948026389228,325.4948128999174,343.6616770381874,32.64107400480367,23841.82082210007
Container,Hydrogen,9.13437009206886,26664.130041052576,259.12838413444155,3.7405192102711644,15.24217434485434,0.332381172273761,42.45916926565403,255.0799749488053,34.40034350866293,498.34081973709067
Container,Hydrogen,10.381875501068203,23411.945720426873,5638.232155240635,3.737107487887922,10.18688263253264,2.2717760566708076,230.94108499675954,331.1250276020831,14.350893141783876,11703.479528788535
Container,Hydrogen,15.088656034856491,16262.432765010873,10141.279417832518,3.3983643033606787,7.93702258350401,1.5621155269303966,302.4396130840357,308.7398107347563,11.290418115609798,30050.93882613072
Tanker,Hydrogen,12.786835658591173,28551.54151458915,11143.885392228263,2.8994786850540533,15.864699784763083,0.12225169780818695,283.2773405088961,224.90859344666313,9.954570866472295,31979.498956828254
Container,Ammonia,19.339808530754915,13306.593393614821,4176.400982555633,1.168210109099457,9.65436327174213,1.6474967493706352,3.577796112328473,201.53111425566334,23.84265395047353,20870.914682255832
Bulk Carrier,Hydrogen,15.901906991181212,23854.114900055072,7744.995399164028,4.651138289377991,9.086488806504985,0.903785653764543,162.79396783639226,183.27596510895182,25.42900094529201,29536.43864558784
Container,Methanol,14.723907045620148,5870.1509542411195,2799.1989165891196,5.3070265314330145,5.384573940287178,2.3244121109516134,41.52482077267871,248.23192607560696,7.635124826319397,10930.080312728358
Tanker,Ammonia,17.778434513992206,9287.981836207313,6766.535544718038,2.619013954240898,6.9612447045915085,2.34018871622427,55.01703879998546,252.6569277768652,29.632147901979025,33862.23660926823
Bulk Carrier,LNG,11.844488581540046,10804.48185868469,3122.9299412229493,5.139489281777141,13.901104905795084,2.1148209546321164,254.2635755931064,215.8047009814375,28.49199594329295,9959.887825134849
Tanker,HFO,18.017123943105958,4068.8018284311756,6899.14245266669,5.48917050370573,10.309646150623653,1.4196222549348803,344.36863063126447,161.61890908933015,23.854217996173663,44572.56640683657
Bulk Carrier,Hydrogen,9.033672153505023,15552.339637205969,2143.4931957894482,2.7254579279634314,15.503621996177129,2.2979442282630282,228.27507882595256,243.13087498808986,18.068374384089005,3866.6376312646194
Container,LNG,15.816450983492894,6575.5438896683745,11300.667425452846,4.011519018249827,5.922743835459395,1.624520472682147,36.8557418896414,56.406300814314804,9.609718651279877,45578.542697235076
Container,Ammonia,19.28232866150357,19391.3907940401,10654.317969246771,3.5764678265528222,11.77537786638275,2.187822638677776,87.83877306785688,198.55212694221873,20.167768127956613,55528.503886900326
Container,Methanol,17.666459472372573,6512.67842761753,4109.327168441194,1.3812300064040353,12.919825622976468,0.4001329981778559,136.39478307260924,186.94794892969813,9.775078866244531,19778.626893183384
Container,Ammonia,18.389976113620953,4581.681462838985,9342.288378206817,0.3542829962733215,11.833014391110638,2.260450783578009,45.12871842344805,192.48294896166897,23.149363552668007,41401.5033629913
Container,HFO,13.366501646886505,29103.51510036881,1236.4991557131152,2.5481186803420672,10.82865316138441,1.6539767364136684,305.2685168550222,183.89474179495568,14.298941909692074,4744.440270088932
Container,Hydrogen,18.06662840710139,20088.968868522083,8910.294813594544,4.35090698593987,11.36128152372582,0.7581848078468076,70.02186595947822,270.09480837791233,12.419187869113905,34985.25660095522
Bulk Carrier,Methanol,15.059148315332934,28157.076526546167,3461.2636423911795,1.8557271785243636,12.585045505140622,2.4945338179522505,46.638387804148216,272.69744099608187,18.231541398649085,15922.766914824391
Container,Methanol,15.803942601535187,15206.745967803727,1714.1370472427614,4.335969094443196,14.49589898001282,1.7172099183861826,261.2464819751934,118.64979158653543,22.42138400775994,7795.402551878768
Bulk Carrier,LNG,9.648068732693838,1968.671428837853,8170.4754930530025,3.63592908259996,8.699791087131544,2.271040145051822,45.659646455605646,126.27101586664764,16.023921967141384,17795.171744862284
Bulk Carrier,Ammonia,11.217068668918314,17656.763942511872,5690.701132050733,3.8559232998149713,10.056194884858344,0.013963802442543694,147.71500097346492,5.93497438430223,33.90810203414863,14029.303698899439
Bulk Carrier,LNG,15.060608570649078,17191.537718235544,6408.661260592283,1.6430007972379062,11.995005452788881,1.3808460238729645,185.5829897104212,40.78659599148973,5.176929077750907,25469.967097255143
Container,Ammonia,9.646811636058475,1434.292572161225,6294.304431241258,2.6382558673524534,8.456375475590923,1.7813315589317575,28.882545730163024,94.43702753457762,32.385830553430324,11176.88058416204
Bulk Carrier,Methanol,17.155914872464848,25976.01928765312,807.4309870616324,1.0812005201361725,6.966611525413649,0.03434222279677851,200.08375346467034,275.6557218822842,5.020521484479124,4281.820532286768
Tanker,HFO,18.24062709374092,18979.149737876316,711.4249642028566,1.4315348516305229,15.627856324559463,1.9063980628071242,172.85904091799222,287.24016479353355,11.501358159902718,4380.926838603659
Bulk Carrier,Ammonia,19.123985974242853,22596.043911908237,7253.893296982354,0.585190232699042,7.14201777675861,1.6286204829191173,240.62986034170382,89.28544768451498,34.890536745636865,38300.06758339229
Tanker,HFO,10.119453050977866,15323.712078567924,7523.989244029458,0.7845763939995234,7.560064049424758,0.686899133981741,78.8925347905202,313.1118938004642,26.842861271410683,19639.041953703592
Bulk Carrier,LNG,19.3369227282508,18933.670699339626,661.3772225298637,1.2367727881975175,11.805547105308516,1.7223623658693716,128.38649186279298,135.25126886314723,24.334951151420256,4059.757461624228
Tanker,Ammonia,9.743820083922245,8466.626903627202,4603.428049465031,3.23326474142952,5.851051409136531,0.3272525974923596,237.47592206159223,287.2987024838386,26.782786425661914,9968.599159088306
Container,Ammonia,14.21461837520597,29238.97526529077,7392.930226769086,2.482540045557255,5.374524191967272,2.0600929969220165,12.81478400678299,168.06735627656218,17.248885610581233,24478.9748751883
Tanker,Ammonia,18.24276122690593,12620.880218882288,7914.499803461608,1.541473367854035,5.704149641858835,2.16556279314626,41.68617940572463,256.5362010074903,28.526291939788777,40938.4387895632
Container,Methanol,9.773422524209009,5707.4720187912435,9956.481535390963,4.750007213247521,6.355900103643451,1.213692325696243,102.07865927343016,128.27270498664356,9.646040987548385,21975.60545113132
Bulk Carrier,Hydrogen,9.20054180287882,2621.5471328641925,5106.714174802883,2.9357975332467254,9.72116548347606,1.2686054198708039,38.28829460658768,25.41836120297614,28.81677162186794,8935.997215443867
Container,LNG,9.274424905773158,19448.986059475763,6624.267595648928,5.084791157633286,14.121867078109403,1.0051359021658788,14.224488841910969,91.45855296415263,33.18580039733284,15624.547045757346
Container,Hydrogen,14.62397263379637,29518.015684117217,6984.868469744925,3.528810796298866,8.7616908240508,0.8633349630094997,355.45767215316636,250.95206926034257,30.730605515196743,21705.873331110084
Tanker,Methanol,17.927564190563295,26978.04040854217,3813.338871273796,0.18525302125506987,9.702845561121617,2.1822456971336193,164.07359358559717,330.4645182945005,27.189828599101798,22062.44039487475
Tanker,HFO,10.401693381798596,21361.032457105994,740.522289055178,5.032768731484754,11.602762021194536,0.762182939468849,192.126241835864,226.18496298915605,24.541319394850312,2415.774341994529
Container,Methanol,10.370712794874947,29727.339940792965,150.2885218407453,4.7303020126764626,8.323588681861374,1.0071250296359793,91.76576269753853,276.8232589676494,20.63276495964882,433.36997812393406
Bulk Carrier,Methanol,15.254015405547708,21962.019599221087,10049.892451810447,3.530464603016856,9.757916666447784,0.7497907411112809,2.7674070913725934,5.084427292446558,16.856698386085643,44723.13579192152
Bulk Carrier,LNG,11.57725160893116,10838.282578640483,2482.7586880163976,2.987777200946417,9.249428555507968,1.641781901981816,270.26070674694597,273.62269407794014,30.969607725795186,6988.410838334064
Bulk Carrier,LNG,17.032351086593614,18435.325858745022,7600.030503493713,2.5458007959203592,8.760718958150218,2.0355458277789564,260.551073602181,300.79350052377015,24.423757239442303,38871.497283367695
Tanker,Methanol,19.44598926994425,3313.2326320812845,6966.864995862643,2.7037441671408913,9.272324864302412,0.4108395673603532,350.11466744018276,148.55445100640827,18.04700941744096,43582.521665473294
Tanker,HFO,17.426367472604543,7428.792216453684,4855.633613212176,4.253791460548689,5.1222948145326965,0.6368562897380794,7.596749665731934,177.8008838435565,28.543751543430748,28310.841699867557
Tanker,HFO,18.64892903016808,13108.666841926273,10018.570373537541,2.8709646527369035,14.74886734933743,0.26026927132186045,49.3274643806336,18.85431032581602,6.623112621150443,62231.15487426059
Tanker,Hydrogen,14.715446633288373,6852.7363133283125,8410.97898875121,1.0505333729931796,15.750814771935598,0.40045989256723036,256.37077755514036,62.86883627381303,29.39357752798896,26763.93070284348
Container,LNG,18.155512346392868,28651.529430016948,370.623414926158,0.4141588627341607,14.487458105577522,1.0172040611392879,118.82650944332,20.331778434238807,29.321065182333808,1962.062360639204
Container,Hydrogen,11.011935023853507,29872.32827559483,9342.659472944548,0.7814058919471674,5.063165014596658,1.9396907242728472,22.958327343758942,263.2926004422756,11.855882399669607,21286.057873531252
Container,Methanol,9.751826794351901,11757.141683528298,6133.285934220971,1.4577819877218854,13.259741013640841,1.354044837422287,108.34492902612354,287.9510558827398,6.130147697356897,13168.770815711388
Tanker,Methanol,16.215484211371546,21567.64059623876,4229.529540085878,2.085764255774416,11.30410189845385,0.13319069471790845,31.578093177948915,39.12006685797333,26.411238665893894,21039.58174545232
Container,Methanol,9.571477541338615,12825.351189233976,8749.927412488967,4.919046465746127,6.035924021085254,1.5627168742099458,301.5380720200103,331.77456828615266,10.996148852891482,20401.37289280001
Container,Methanol,18.817295610536483,5045.766927199986,8264.180992790607,1.3910710538782074,15.261450483675574,1.9882604222208,315.69593594565583,302.2295980928499,34.88065372163197,47797.92376593565
Bulk Carrier,Ammonia,16.607095618181603,10770.87858336115,3796.000030640494,1.825832213213688,13.538388421449005,0.9836695039414076,229.28037191534682,207.46259016207873,5.275473357279883,15040.218518084655
Tanker,Ammonia,19.474207979498033,7767.779262754233,11798.162570824788,1.304278513444579,6.59825915092903,0.6125315034304163,138.8150121734539,352.18371783644994,11.893759437469722,64003.603976046645
Tanker,LNG,12.452753219445592,10514.268391815172,7819.630991869864,3.0470058210131206,15.604455726628457,1.9098443204927193,276.7641284650545,317.6883509949453,6.261871918174932,24437.759557442816
Tanker,Hydrogen,14.34774140121783,7235.628963533779,7308.778578201334,3.4322681599902296,6.388186280917041,0.059765597402313686,227.37249480209016,80.1510420056471,28.479672063506584,23377.41914214879
Bulk Carrier,Ammonia,17.15859401549631,4258.008452689146,931.5763254330876,2.973488672244668,10.001478663602118,2.038977561039334,285.1135125099069,343.4528472988651,22.3608647652168,3975.16239978803
Bulk Carrier,HFO,11.670568840069027,7305.4244515099745,3423.893486102376,5.240025916571477,6.7487330592509025,2.0106489538604997,183.92664768114818,159.46538543873618,30.453036036377426,11195.420548288213
Container,Hydrogen,14.960337021228336,27266.95392306544,5418.990627684653,5.475041295332271,6.652098745636949,2.219964826735519,345.0041656166461,55.751728296499955,33.87840112018782,18995.268967384232
Bulk Carrier,Methanol,16.25414002506026,3471.428597519333,7604.445881285149,4.621938344950042,15.645863122120712,0.22369985155906158,104.41213001585834,72.03231232312996,23.30344581126213,37051.09970716057
Tanker,Ammonia,19.766895198917453,10417.9426689018,6201.887205691495,4.448599182407632,11.293350595315742,0.26939620476156223,217.50657388208165,246.31003006660322,11.952605108540357,37442.571025308906
Bulk Carrier,Methanol,17.19173623666623,16325.046940576425,9180.091908309556,2.0766849944478865,7.850924094623028,2.1818820598178585,290.89893611187205,355.5210287348997,7.779483223928302,47424.580082546694
Tanker,Ammonia,10.299439353069815,11280.867029172348,3224.5557783680324,3.2308309332747913,13.540393079531867,1.1881569179054972,321.7942147978872,160.29780999331496,30.987831349385008,7213.782644949179
Container,HFO,14.228667965216413,16010.60575554773,8455.668243861563,1.99795106232398,14.627688392327581,0.9808462685271624,340.82938436052876,206.32850346840934,12.353397650557918,31432.188789005362
Bulk Carrier,HFO,15.476478612885293,2259.1817467962646,9817.504858004833,4.3355215693381925,15.093643304665566,1.4332339128259144,142.2039501524277,108.08625199571512,31.80554674094232,46175.93248912813
Container,Ammonia,10.61285457150788,19808.519367566954,9204.094709437144,1.0278881510959146,15.262834680635592,0.1464576753911001,251.76338250147623,304.3647064565943,31.348627988428248,20166.274632421628
Bulk Carrier,Methanol,13.751626626791861,17340.885245125748,9273.074356597599,1.2700272571910727,14.961400127308247,1.609290424740202,104.47096391294525,41.45614428269915,23.834276368107805,35209.75946741288
Container,Methanol,12.124063979694053,20748.021709786055,10673.233981419768,0.30894798269966783,12.028256355192276,2.3627078839734947,233.7765507412099,209.60904712475755,23.119874617254794,33311.98772336708
Container,HFO,10.307102964882286,17450.47665898987,1101.724655517825,3.388274236025159,8.767133147877628,1.6892997354176296,66.32146985005113,211.0393743582653,33.52479405580664,2982.286101111981
Tanker,LNG,14.632461268098,13699.203890344232,8396.579699351827,3.818106597460368,15.181244451827704,1.1613377807729588,151.72242652161995,0.41030571242310465,27.68045305354846,35354.92403147215
Bulk Carrier,Ammonia,10.8219638911358,11154.10472652839,11627.270593285886,0.11815634564944551,6.347461808004246,2.402202471528722,331.28534724548996,338.6024592653028,25.498453135417215,25903.441633992992
Tanker,LNG,15.495911494442957,7566.62051289351,6926.442733507004,2.8582431255689533,6.856797965558993,1.7212910347585337,291.9262741739498,350.7632587357148,18.072222560554344,29023.661620924868
Container,Methanol,10.866666254660519,15501.964077391765,2686.064112614272,2.1351225078447795,9.772102945452632,0.1424010892751662,178.74221359102927,168.29043837760543,19.51995337210651,6969.000822256595
Container,LNG,16.959544159631033,1755.5211189477022,11985.170288713134,4.378856221821345,8.120314364344997,1.6751163295328289,52.86431737756891,261.2309697515313,16.667632949950054,54135.11766947694
Bulk Carrier,LNG,11.147657853326375,10518.984014880447,2178.659784575599,0.31001002839267433,11.773060956462585,0.14923965688235646,143.4857761310872,305.5362990047321,33.389630610797894,5556.538347306182
Bulk Carrier,HFO,18.859136108537644,20658.29651337135,4093.1365987608256,0.3622547196176241,14.958321152610855,0.76807470697492,49.92443229200432,42.01379286281838,24.14357639579814,25288.270826949454
Container,Ammonia,9.288302922036898,4152.7941509044185,2147.540042164297,3.4491291331197518,10.401344590096924,1.5392087010067934,24.66994973483176,30.462803358430023,28.410907631713332,3809.025736293481
Tanker,Ammonia,14.741971257503096,2823.8460272663287,5627.703138125812,3.2948498147307257,11.092576527603855,0.5390400404671586,326.34409804027206,248.15153516794368,6.115992052476518,19038.08798277659
Container,HFO,12.521152424752016,19913.179553449594,5084.624514370404,4.5878861241892555,9.654471018792016,0.09547296148574774,176.91532993404465,201.417232412315,30.572789064255286,17186.130715572424
Container,LNG,11.475841783520499,12535.466913128157,5945.766668475816,3.2982412014497506,12.783260759735324,1.5448842219497172,32.17993662673219,244.5817230717881,17.529148923337416,15883.665257385892
Bulk Carrier,Methanol,14.187630570816628,24252.92605993205,11143.002460659613,5.226602474394107,6.107576578308352,0.7146432072075276,258.0006929021348,205.9187427798358,27.1148112444849,48548.73397229321
Tanker,LNG,18.262214899566867,28182.027815168392,5792.060191427278,1.7976770680658796,5.534488745192177,1.3324105608479955,26.705340402830295,261.5010381687145,6.2007594446232694,32741.808417775024
Container,Hydrogen,19.068049260793135,28754.173158244732,6224.053281942365,2.2487755945859216,12.054723218764792,0.6528639472615527,142.61955017171823,55.76733299695065,31.816195498578946,28405.669902749778
Tanker,LNG,12.335734799626303,13342.192762931198,10651.517060429771,5.37944319911575,10.88366399669567,1.7160721173220306,82.90459541251313,77.62253007363292,24.795367687975833,36434.56676180056
Tanker,HFO,10.696679843045784,8665.489503975936,9831.320128776504,0.6806309142076019,9.480938319213156,2.2392534778992603,59.26690195135785,85.32833977100614,18.725023726139817,27858.20921109993
Container,LNG,16.92154492322938,18649.79842353186,2952.692171582786,4.397886207259909,8.673919060670892,0.21641200698910484,192.07771488180217,149.94723553087633,14.106742970303486,13792.919076589624
Tanker,Methanol,15.401985980015871,19217.594851918857,253.81886722331745,0.1624710591663776,5.5698818844743805,1.9657967136368963,259.08826077362744,273.44172197350144,14.330724273461534,1139.348988444106
Container,HFO,11.211177635453158,19048.003146201005,7591.045147204408,2.7271715467781026,12.486117786553976,0.3902376378008726,175.38830452000377,299.30285208422794,14.10194373429198,21564.68766260151
Container,Ammonia,17.363253668961804,10331.579797847553,10153.712903666488,0.9283726217908422,9.636142894027891,0.8235244679482778,295.48888376127,144.46677774493952,8.930775582354567,41419.98246217027
Bulk Carrier,HFO,14.708234787663553,2848.8003561017877,6678.916340063761,3.3338532001315513,9.897948434715783,0.8934132395623919,330.25929319390355,216.7379206891209,18.91428614087231,27943.956151238708
Bulk Carrier,HFO,16.187347194581484,7090.14032594237,2613.0053481528576,4.4101178364222715,14.827893365530809,0.5157749725456523,290.585197632018,106.26422416713773,18.60459062402206,13004.52368322171
Container,Methanol,12.952729373597275,5478.163412644779,8922.12557903615,0.2784284326937113,13.113026707758268,0.1880858521575937,344.336995851665,171.27968595629716,17.35809977870202,26536.992721404553
Bulk Carrier,Methanol,13.830073174326136,4593.110027715997,8067.517463074112,0.9843727235954244,7.413874635626207,1.9212162006570321,334.452949734916,338.72779035217826,26.09282712453856,29179.600477645658
Tanker,LNG,10.983763082124364,27862.21631107562,6823.887195161779,1.9500960582742735,12.22883146173961,1.984068848183189,299.70606196844017,96.94292635016768,17.594445880352524,20663.59246204218
Bulk Carrier,LNG,17.321674544098748,1401.58173324507,10373.700470849706,1.4813144156206397,6.454808503540234,2.492083225945059,105.34773621714216,283.6597208957485,7.670111505008618,48425.36020108312
Bulk Carrier,HFO,10.72712456566971,18453.87443785333,9432.48399997449,2.1693874049537776,7.134702546373575,2.336510622488318,62.759543304127845,15.189917314658139,30.561788669410642,27456.35633372935
Tanker,Hydrogen,17.561328542261677,28476.740076463968,8048.629887931086,5.24008881901424,12.85564164805678,1.086606058462056,261.7240930343447,124.28746504508277,17.75302595441798,38766.193878368205
Tanker,LNG,17.77808640373045,11441.540697329709,8010.6281613762985,0.6465130881772987,6.384794600748873,0.33347003635443323,304.3904523381284,237.16125814747338,24.658569628577897,42261.70990766188
Tanker,HFO,17.21261060460634,16285.844586001413,7980.211348149471,2.3857233867951697,8.082133465080757,0.026750020048812995,296.324466708779,279.36034509043026,32.89689064070859,45525.78475526389
Bulk Carrier,LNG,9.213650668646144,21177.72624077963,6349.460464507111,2.5682934066809477,14.878662947818933,1.3287938462428754,231.70407865490526,213.1866763668917,28.022453085974146,15491.787147165493
Container,Ammonia,12.004465338673409,10197.921145088927,5620.667571261779,1.6138470798774789,13.121470261097004,2.15141602708212,298.75253931063963,312.91996857330673,21.163966135346115,13331.851648039654
Container,LNG,14.151715170709952,14851.907643510225,8544.245468034764,1.6039354115128766,15.224054694051219,0.669759348951301,254.57982998950445,295.4828973180393,21.350667715273726,27865.036735827143
Container,Ammonia,15.550988165884753,24695.982659649806,7364.8843294957505,3.9596616734463317,14.700166761573238,0.4973534199701729,239.53171006905015,222.30181208920578,30.485931112742204,27665.62213237541
Container,LNG,19.111443093059552,22615.31429312764,5930.768691376463,3.4363567503153067,8.438373641728438,1.0973834294270557,16.76753915672228,125.3242793727626,29.70896879272419,33127.018836286945
Container,HFO,13.131665693415725,24445.03293329238,1607.2701115413952,4.489292906559027,11.956151779291403,2.233832002380586,165.77083005910703,130.93578649762165,10.359581963822714,5959.184447474125
Container,LNG,18.625256506513495,29632.864745202023,8452.95258497267,2.2873954013814823,9.165652459339507,1.1291845794261115,12.184600892230097,221.43488980333075,23.795032445553105,45686.363817861915
Bulk Carrier,LNG,10.797722169505203,11739.49677314919,7787.3829898777885,3.3762395456902348,12.668147647887206,1.8067822649942862,33.253217261913605,236.35861007133005,30.97146975305334,21611.23669223707
Container,HFO,13.084085362594896,22665.64662513742,4172.756269084693,4.925375959685956,8.833027238160042,1.1563155254367332,194.7616751279175,142.05123447310447,29.099222810271886,15923.90907005081
Bulk Carrier,Methanol,9.575102119034552,18480.752445957503,4340.245677959413,4.697173747268481,5.014491090680651,0.9323972036073604,17.09245220192157,143.10626162993702,8.741480489368783,10895.694481120865
Container,LNG,17.167382201611844,20331.538249414694,3035.996371209502,5.068126319499778,6.03332036688964,1.1022801362403563,328.759337777643,63.6407001543826,18.070784670100306,14634.003029047632
Bulk Carrier,Hydrogen,10.657180331762042,22456.3432401551,11546.791550743725,1.5524651216524148,13.481135588450513,1.9210013316834484,162.1227445799321,0.1035082031403256,20.546993138282083,25991.236672382387
Container,Methanol,11.827220172133035,22742.20819144313,10336.3962181378,5.421274396473449,5.924057692494872,1.8860151396950242,251.98799389723766,166.13694827407832,12.734286636585102,33410.663850298544
Tanker,Methanol,17.527565774125364,26686.60932954977,6776.48345000538,4.50850554354565,11.593649515642667,1.0793954465385007,53.2062656866954,299.1028504849493,25.384981566512447,39847.491234769725
Container,Methanol,14.88188389164981,11130.328581845606,4879.6724440463195,4.391962152623038,14.435563635951116,0.6690435635716638,305.1342900377863,275.95485049150733,19.286794776839876,19587.314873462663
Tanker,HFO,9.153699913603088,19950.959327245408,8868.220637987437,3.7049244451767605,13.15211360526324,0.3478175977093631,172.10408987978153,357.8185217125782,13.92526125958897,22098.25338863071
Tanker,Hydrogen,9.024587252221368,9128.42251630882,6379.9652958993665,5.409647056209153,9.547826743014948,0.0034242359380792786,201.15933106063068,240.9860805681481,15.10593576902339,11511.573585554346
Tanker,HFO,14.617266949138868,18242.49244839228,11712.627303589856,2.4844414314509944,7.294646368224683,0.28314395768322426,233.45430475111326,84.2086749739866,30.700050650199383,54346.766767916226
Tanker,Hydrogen,12.354510651241142,22784.07906498591,755.9591056736393,4.104312245717018,15.147912365160105,0.411638162979745,194.3633710356774,243.8455686571762,30.985994164527657,2338.559379800081
Tanker,Ammonia,10.983425905946948,23939.03149868757,508.000235236354,3.8735809551380163,11.230396499635658,1.7248444774527216,202.74736401174428,298.25236533490283,29.37126972238513,1399.0787010383867
Bulk Carrier,Hydrogen,15.749533314877219,13183.61058668456,6866.471113883143,4.053280094814155,9.459620651937614,2.04478969232189,268.0283984241461,230.7589237252805,32.4160646354881,25021.147823951236
Tanker,Methanol,11.512801188891698,15752.886472839435,2519.02274999799,4.157909996513986,15.362634689256062,1.8423641655780223,290.3296934869888,173.42071941883597,33.56919526044376,8343.184451756226
Tanker,LNG,15.514278646534427,10681.645683935012,7291.21954624729,1.1300818120545524,7.36519518259102,1.8080819180058882,110.21978283067352,222.66449201520234,19.75483732339727,31383.128423941715
Container,Ammonia,13.171925456449003,5902.054049649285,9398.93403971141,1.9848779363929727,9.865100596989837,2.4858015368102975,331.9377462176789,9.28893976458009,7.9011086704900135,24379.945076773573
Tanker,LNG,11.054208394367688,8555.004750583434,1743.5061580999868,2.218171577459887,6.19510280079857,2.4064943483024765,127.40280447447118,95.4405025791809,29.00213021929366,4770.14165644647
Container,Methanol,10.519152116556235,27451.973142094907,5343.237867855382,4.139198995491795,6.37368286989492,0.6721179878230915,98.03721823122278,56.78542621605811,24.002957852198854,14845.547563257667
Container,Hydrogen,11.60546663440017,9960.116729870162,8295.138293047326,3.9677390688842435,9.384558815965185,0.3627518738708918,112.11495196548883,148.82955676802655,16.415515706888048,18032.41666427536
Bulk Carrier,Ammonia,9.328153188142835,29268.020672822695,10022.976491008358,4.600177508272884,12.696263915836091,0.3832455948392205,129.0654566596184,321.4931538862061,34.265994578716615,23516.18551080889
Container,Ammonia,12.389396582398952,8002.86447124607,6006.494671432652,4.358003452607815,8.727833385696018,2.2390166767782067,114.09501809145551,67.66181123048904,15.160556081109092,15201.846898756745
Tanker,HFO,18.921501591999736,21969.0615369503,2553.227684181657,3.3185829487028187,12.585577698633024,0.2558671198894605,303.7500636785264,25.554459676398928,32.229019359983056,17361.235037782993
Bulk Carrier,Ammonia,18.144983384713314,17643.195513583236,7071.011141469032,0.8557218270321896,13.857095161776318,0.850360422203551,202.0149649864736,279.69189830247876,22.777533441759264,33329.5699290635
Bulk Carrier,HFO,13.092041323916249,21209.231436219157,5508.753117827494,3.531458399854772,14.6533570611867,1.325866321052681,348.35233749744754,312.44508706202976,6.099259522276541,20317.34740178864
Container,Methanol,15.334169804399842,19674.78045166625,9285.912581353381,4.890120131642387,5.491914544591106,1.5336262592079688,30.224007135261584,191.3021348516079,30.81005324240444,40910.24211651579
Container,Ammonia,15.240966149154643,21495.708924330087,6711.355164015082,3.573141562304549,13.511048204704007,1.4893315945371868,221.03286265789785,135.563965854888,27.866359257659028,25060.98231284611
Tanker,Hydrogen,18.116112931130836,27260.86440462831,3425.1318551481263,4.936382714319805,6.618563344464199,1.966019305349812,34.56874703988308,154.99258995540106,24.274626389881764,17238.082575765304
Tanker,Ammonia,11.599191116686622,17340.61538581196,9077.27574468214,5.4948862979392565,12.680885226292677,1.4292331588569174,165.18603048499017,237.2370169522468,23.43761420230915,25110.72193632666
Bulk Carrier,LNG,12.260262376723135,2967.614704215861,6261.18945424732,2.039692058327078,9.088287121600018,2.1276163483285684,137.78460811201955,299.2505337118859,11.565064779677089,18373.95742903286
Container,LNG,12.319639771201727,8853.937598960087,2212.803972112097,4.005764349478396,12.78572627464348,0.21157556018046197,245.07896944030824,68.19855460223603,11.434583875980342,6261.853433522327
Container,LNG,9.449569887488417,21538.350431854153,6800.560645389734,3.015776616042729,7.352066689587966,2.14741363390036,268.36013278123056,324.8130009697611,5.875172851903784,14557.862284115103
Container,LNG,12.461566496181113,15328.164211294528,11385.008712165887,2.5568477238240943,12.094897907910948,1.4750079019425089,85.71371474365124,236.66042738121382,9.624123891610731,32674.80518337716
Bulk Carrier,Hydrogen,18.657051542468075,16908.007495970916,8495.64350515906,1.3952822249392904,6.380654957681346,0.5573314146258762,69.73733392988532,265.7845969523969,15.094437928895085,37446.38688911577
Container,Methanol,19.03186412328629,18300.833206028452,3655.760001349949,1.4279388183780277,6.867201024224876,2.4443579717446666,151.02375570980922,31.288416498816375,21.2217468902549,21487.691784568473
Tanker,Hydrogen,10.205988803454055,12096.248916552528,8559.390785985011,1.0988503485038437,11.759081176810156,2.3493356843220745,87.11542818103467,330.60408958916724,8.924256724931661,16957.22444943419
Container,Methanol,14.038643957802744,23442.9702275478,3463.0151009259293,3.510010935094284,8.704486408153969,2.1143145541842787,243.58464256363706,190.15005135816708,21.72716540820104,13432.996703635403
Container,LNG,13.194837917464032,21982.511632999907,6557.997166741016,0.8670867218727566,12.741558804251893,2.2789903390336783,186.37115391463612,130.35856021220235,12.899603636353858,20690.40773172367
Bulk Carrier,HFO,14.382951162857267,21714.682953600302,6366.489589071878,2.4294869370120744,12.53675378942956,0.9553543026132663,297.7117264553033,143.61744472946344,12.618833748270857,26074.94425271859
Container,Methanol,15.10191476464545,21743.995047013395,3043.9514590504637,2.9259994920698484,11.837973892805863,0.5695121811239736,353.25793522032274,105.49225118626177,33.43832622219138,13327.301748900816
Container,Ammonia,9.222846360195208,26820.382047973188,4239.786278569834,2.466466176820437,13.035945953577496,0.45725965414807973,136.11883122737117,58.670073542204676,34.77033631515402,8845.842719880317
Bulk Carrier,Ammonia,18.264664727132768,18266.390603854958,11311.959311953944,4.716619372759149,13.733287647300303,2.184399921277293,328.3188182912926,12.477197689842141,29.343157898027822,58905.496818434745
Tanker,LNG,19.710304804906723,29045.09378541179,3082.12258334366,2.493114542886846,15.025656107190065,2.066578372252717,279.78200537556097,95.18693942208205,6.63175942200205,20463.806758364903
Container,Methanol,16.187452932040067,4456.587847328499,9632.221819208731,0.5472933020072341,5.885674124299362,2.4523459583373435,53.68442814194112,178.78021521793065,26.858951316311853,41945.47780750791
Tanker,Hydrogen,16.26497462342706,19326.810321222067,8041.7099021444665,5.4578775223322955,11.287039162562948,2.1206302536352424,300.93419058912184,240.03382274862972,10.35277195394953,33328.61345950021
Bulk Carrier,Hydrogen,14.807778436137793,21790.86983213807,6438.286677056598,4.662911391725149,13.23654516982441,1.5809147848162255,173.34263242898493,264.0047415441143,22.076639411626715,23605.11717183487
Tanker,HFO,12.6770075288582,14839.391917676427,1736.4269466354451,3.664234821192399,7.38635602336865,0.3557043771788751,255.2979136320693,214.4174690516009,31.811408876272647,6923.275475335955
Tanker,Methanol,10.638756065974732,9358.043207251158,2534.391957205896,4.18414755236648,7.899832572746405,0.41211884588557596,252.94017755509165,41.78237639893628,16.405868952324404,7078.995109363514
Tanker,HFO,15.424696769656556,16951.08612862187,2229.833720725807,0.7922297786761582,7.9366077876896295,1.1842488169909393,318.9476174355798,155.35748593442577,32.86525055201699,10571.421689027813
Tanker,HFO,9.494355438601279,11577.682728430378,7082.851681787653,4.2359398881571435,11.2956626862197,1.919488827860914,274.0192932419606,240.26601645608426,26.25116652017938,18557.742161536353
Container,Hydrogen,18.069528244610613,27364.598060966677,11683.260040949888,1.2218442852453137,9.027876253122258,0.43318847544438044,296.8645457224411,267.5432509526855,14.03035440073002,44215.69003235805
Bulk Carrier,HFO,13.63002869417677,11346.979963464391,10539.147227022437,2.7404710996994694,12.32704214133759,2.2887937698221315,115.52829808939434,116.8224581975675,7.847515966383199,41038.09278960879
Bulk Carrier,LNG,13.562296465781724,6095.502788361743,400.4974068619693,1.0611070623511314,11.7126365016473,1.7094768262171398,350.3295093463188,334.23888544886023,29.460538543050713,1346.2133791929807
Container,Methanol,12.598879443234964,17715.285064798132,3357.3468311019237,4.170438807393835,12.228230164133535,0.7807727261160489,238.17317832964218,286.3373519924187,18.74178225478986,11152.221960184277
Bulk Carrier,Hydrogen,19.66289277568445,12483.785150030712,1971.3637613505634,1.4280429547672135,7.7754937849014905,2.2143989804013757,278.5289920123198,306.62313510097016,7.180804644799023,9907.837020846579
Bulk Carrier,Methanol,10.924086480477907,3781.0461992243895,11710.56631858503,1.4673254598551408,13.441085134052965,1.4965759204523519,309.19726278457495,239.95619682127145,8.09367071405156,29136.733422826735
Bulk Carrier,HFO,10.664386036227324,17380.428178939343,2903.761791713999,0.6898006864376149,12.304391058455632,1.8328962050628161,44.561958987923674,148.9537714266506,34.0088414568644,8232.096988032914
Tanker,Hydrogen,10.820846516995331,16597.54592380534,2495.6269019616475,3.9912748676049077,6.43714573894596,0.9636055156388943,121.10791481618428,336.30066403891476,12.290058634866984,6008.224239169966
Tanker,Ammonia,16.243802311358404,6022.715512362658,7488.415993628885,1.6975610062167406,7.20190137649973,0.9838763482833188,300.93694973516847,324.52027349950896,33.99773533572139,31019.627106408483
Bulk Carrier,Ammonia,19.91084850602558,18331.506899835444,6718.620344539959,2.8987120712906242,8.310616609371117,0.031543926203675965,331.9135168076137,298.2511414709734,25.434787390937117,37845.50994615353
Container,Hydrogen,11.5902268744193,17453.410241867183,2787.632656996695,1.8941152097820122,15.296456586226043,1.3447550568875233,272.1936319390341,320.805766312131,14.014733054860077,5854.093147682663
Bulk Carrier,Methanol,18.961791367742364,23434.766068206136,8077.341887993182,4.28338679764006,8.589848499646568,1.901992014584667,173.63121535823697,329.9798884432048,16.511836227304364,52642.72041227404
Bulk Carrier,Ammonia,12.064782151289897,11485.527965436397,1254.3858144068008,1.3230117450676069,5.218669909318511,2.4220612839665097,90.4040148982213,268.68861566157864,28.31115332324004,3487.7952724964953
Bulk Carrier,Methanol,16.1268991213783,8214.026186245539,330.4918857676168,5.180506300250515,6.557883114247349,2.230567091770594,189.00989637365166,72.12102868002904,18.062449367761875,1656.2075140381808
Tanker,HFO,9.445488471267044,28585.37672215249,1080.7360094055273,1.8352358644044215,5.353890060158941,0.2174777283818874,143.02808091057153,193.87701797526486,7.242523329928589,2944.263551634212
Tanker,Ammonia,14.452193720338078,17275.308160700857,4441.9318891116945,0.6607987549700536,9.431231685575383,2.4513003008920213,318.82708666523615,221.75782876443924,11.894423887090609,16140.515500451791
Container,LNG,16.2002696290688,1787.0588076412287,11702.694301710328,1.3976482572006352,13.768687410666743,0.37370172250212635,204.21540329085752,278.4144430445644,30.81034918991673,48459.869564478206
Bulk Carrier,Ammonia,14.899517549448914,24800.638839240553,6612.239285831431,0.49928101696274607,9.954793586479036,0.10278574598020757,141.14388666810277,178.2530026745741,25.885224109344595,24089.370571284737
Tanker,LNG,11.616189233699703,6705.983766649282,9081.24062588406,2.6311891473590943,14.228935482724614,1.8723245886705633,179.45277138200203,184.63361071733985,20.030483335242984,27882.04659950966
Container,Ammonia,18.11346643094707,23795.05321172946,3925.799451555556,1.4513565919067326,5.522822534968111,2.2647161258228783,336.08431574038156,358.4034050705233,12.364870058468501,17602.19452873923
Bulk Carrier,Methanol,19.671501623620642,21449.710387522977,8660.134879251616,4.884648640002332,10.166951505592404,2.3744572650629743,220.77305227129685,162.7938872808154,19.23771845269991,62288.70902402849
Tanker,Methanol,14.05115705261272,29095.59800363156,11597.556257656053,2.8924945491887906,13.65782909342363,2.06244026941553,82.43258404162785,46.80354236255805,28.665471733325436,51375.889760864964
Tanker,LNG,15.99511191708179,29001.79974624126,4357.354594356434,1.3601896231381463,12.421944394193456,0.5122655392784512,180.027928454282,255.48616955558975,7.446295914265155,20685.27318869696
Container,Ammonia,17.6945459518013,8957.908115017039,11988.807273346798,2.536859781486684,14.381080908545137,0.38500728623602765,167.6369653179294,130.5149976136682,34.84303456205666,51539.54952133357
Bulk Carrier,HFO,11.656379666839733,23227.037855479135,7697.078417276826,1.1583690695582913,8.012181963005325,0.14742119392863212,111.7455390383682,89.47402090700332,30.792876315768066,25345.61882772517
Tanker,Methanol,18.50895420121664,10188.797487617794,9008.237808330214,1.0651386299945598,10.509358759168535,1.454922699735308,265.06782423741345,226.24630819202707,14.53897348544688,55644.87528195743
Bulk Carrier,LNG,12.082209958409972,19246.740226058235,3100.7901422929845,1.7235449387205977,12.445664361764509,1.2180529404076026,96.5833018022854,343.5723619757802,31.1173014164665,9935.100117656348
Bulk Carrier,Methanol,17.534138838667626,18334.6364636832,7752.780153209175,0.6848279097523124,6.853389517746663,0.2732090210909288,177.3176381863941,112.61118784174565,25.45143589709889,41762.22281480171
Container,LNG,10.233091556690642,2581.7619530137754,6180.974392402411,1.1186966993188097,13.973873861447407,1.1620677966789072,158.77681305662432,134.01764894893583,24.99063281297987,12692.467558367396
Container,Hydrogen,12.172253737555867,1150.2707452253696,11481.19148118149,5.165453114175278,8.4261705587007,1.4183089763362178,168.07056020848165,167.5764135141781,9.191293068326898,25587.173284351917
Bulk Carrier,LNG,14.869819273338546,2675.1564232494757,10865.633068695233,3.700734227366295,6.026380343072642,1.807386608776246,204.03920069055843,247.67800421762726,32.17683922115417,42795.89278629903
Tanker,HFO,14.774143052747466,4710.319378420492,4820.403927208419,5.073954382669235,13.422714197501566,1.0354939250835518,245.98701578073525,142.54158693191047,18.510253907641257,22058.51474926694
Tanker,HFO,18.35474302935003,8471.922249085437,11367.750043304977,1.4869734839260325,12.755197777051782,0.7958811176960991,51.4799433668725,153.03231685698736,29.096832750194494,70661.01247435634
Container,Hydrogen,19.957399834024677,27301.70147403431,10629.269377725115,4.727872013324988,14.72047728612883,1.6641979953853245,103.79703661337886,252.32594321833125,13.985713710782283,54262.52257263656
Tanker,LNG,10.179319304461547,16040.347585053903,7125.567819392757,2.056273157011513,14.812822199808364,1.710559107613863,278.22123620264296,354.6486313468699,14.240109968074938,18958.10159769915
Bulk Carrier,LNG,11.985269461075408,24109.86042638287,1077.2031145955293,0.8786528980614224,8.063783630397353,0.6760713916745467,326.788326859183,113.941465030892,33.94067539945736,3495.5755936368746
Container,Hydrogen,12.933580312453834,25311.040811109036,2013.403863848499,4.4454183400226635,12.054990527396019,0.04955770559281675,16.076514973508157,210.71789129390916,19.89979773990299,5458.811079879272
Tanker,LNG,14.268102485910056,22313.349859125694,1014.8035116182226,0.42211071205885076,15.990352957891911,2.3642264243562985,26.411607036379166,285.9855078745519,6.796721401490067,3980.8752155668444
Bulk Carrier,LNG,14.433007174698389,12350.168608196585,1385.1180643238263,2.286205330248818,7.681872033071793,1.8882160161479304,336.1786851107819,76.36605835102678,30.071199410961505,5341.655360677648
Container,LNG,18.418145694632585,26051.9224213885,11725.733255277624,4.524299209962875,10.2016433541448,0.5027608361583848,53.25872205111688,294.5948919441063,11.81690067049216,63159.538364810694
Container,LNG,17.476152330636097,22519.442846306698,2624.790860672212,3.4327985974111503,15.011830011045593,1.4141641274846626,352.544086993359,127.77502744619319,31.362612584270753,12978.599805686788
Bulk Carrier,Hydrogen,9.207367369417486,22551.39185874652,8321.169529853889,2.8975547551583434,6.133876056792559,1.4873688266901737,298.1599674458158,39.968254765762936,32.493196339214734,16359.884036505506
Container,Methanol,14.005239366415067,27145.65548780151,7674.686266424959,2.009623176119336,15.210748873118144,0.31497157998919806,43.45359352115608,8.964986539444029,7.182980397140094,27984.444319829734
Tanker,Ammonia,15.798812220684976,18361.24070127283,7610.623891750745,0.5053014840953092,10.369711540179539,0.47914271834889555,36.909019160303174,11.911264159853566,22.472876827231545,28896.164674481104
Tanker,Hydrogen,14.064351458023257,16328.658468903122,2559.7775951927547,5.451248724593853,14.823448674292019,2.39176629115947,351.8268947513547,287.1512573381215,34.44572316730539,8995.701534083224
Bulk Carrier,HFO,10.437097816282726,26814.714170315183,6994.224473176854,1.0437781243152615,11.835085519095681,1.2700271500522442,91.73620788561662,242.97790510776397,32.92758843937595,21336.950321464345
Container,LNG,13.37221492059713,14179.390116761708,7543.906360060923,1.4786657648706367,12.385791017253862,0.47860554848369014,193.9201925960226,285.6564459018822,20.757298581727,23600.635441619364
Tanker,LNG,13.528212646427097,24535.550184836444,6887.8232680768215,1.373945117470936,13.502843265707925,1.9939368852350212,85.04485314119896,271.06121418848903,25.414795858077067,24754.83690028453
Container,Methanol,11.064875146947347,2561.544452899424,2315.333360580576,5.002883596102797,5.7384970118258485,1.176433256333682,216.24282472705698,137.15112131619293,23.12786105477224,5980.230524403837
Bulk Carrier,LNG,17.31937825918049,1037.408389233342,8704.421105189036,4.223917320707064,11.905451729436034,1.5960302081817344,302.41027580796725,335.8866765265141,11.097600387191088,41650.77860509359
Tanker,Ammonia,12.535407481567244,16320.482198526348,971.5936268064813,2.5695809169724178,15.163309692490447,0.7437538340964472,236.48730710319978,316.0604076192527,24.58992723564714,2857.7960185575357
Tanker,LNG,15.478860196254779,3134.7449206750266,7135.280140653501,5.259284383340039,15.517360963559526,0.14476024564070128,16.781997220070785,125.40658688550342,14.994235505024397,32076.815332748876
Tanker,Methanol,14.673031990546443,29319.747390138844,5291.486055575629,0.38503025624678544,15.65153588403688,0.41236055891011064,214.26816370814996,278.258763720435,15.13915787587475,21691.493852926997
Container,HFO,18.65169787138028,1159.5340471541645,3078.4104582835766,4.925820058596921,12.104161671947306,2.4325922578649624,237.9659884559879,295.07694629577463,17.599644828215652,17557.329197914358
Bulk Carrier,Ammonia,10.34216425049122,21826.339458460745,9707.928969411052,0.42630761271605955,11.966155329373516,1.5589710895705386,72.32328046121287,175.84718199093413,30.565306500131573,23044.474602672548
Tanker,Ammonia,10.256893090788061,8058.1561778004,2193.1215433989883,2.2121057580466443,11.07711573455023,2.0777129964360137,274.3624442666858,43.35080996564002,12.150374772857226,4724.597357512964
Container,Hydrogen,12.303516360353173,29059.00815288963,11202.482942785617,0.39162634323304446,11.683086950668581,0.053798894809548026,225.68161306652217,120.2604551240939,12.523750002363006,25840.214834402952
Tanker,LNG,13.743364649384185,12064.707868208989,10626.323837022126,5.494432555491501,11.733297234214767,1.9136562528859178,3.43698373225954,355.9720605480753,5.220197408196565,42407.09613204394
Bulk Carrier,HFO,12.283964736273536,1791.2193616520894,4390.991811228787,5.037703313503249,5.4664909537385755,1.2123801663546596,342.1998262872012,257.7367351005232,9.650206067568087,14301.513462805859
Bulk Carrier,Hydrogen,17.39505790634768,1781.1371968546991,3731.3198772172605,3.2579143583296486,5.977584145267629,1.6632696921779933,160.40865252937613,278.8959164234326,34.36037862214809,15934.220980374195
Tanker,Methanol,11.697924274202297,17047.82778001597,1736.0915326849354,1.2763606995905261,11.813582289406742,0.8955126008519371,83.65642488580994,328.2927521573027,18.016098365194274,5514.156141644358
Container,Ammonia,9.932522170494693,29614.647391907154,11004.301009614075,1.594599716066334,8.456380730423339,1.5521720670472259,31.031187090064254,72.99463524743032,10.854940769425353,23600.355929093606
Tanker,Hydrogen,13.551797908725623,29413.43251632586,7567.629119996936,2.52753417670845,8.315680335108908,0.08904941946939499,134.79441825647578,348.62545106135076,33.97045432270828,25341.440861733463
Tanker,Methanol,17.507172169523322,10780.916196388707,478.22462750649754,1.8430129854586672,7.127847032464668,0.11397178134177705,110.79687997856593,186.53112279299063,5.813536041108275,2636.4070710426913
Tanker,Ammonia,18.356181379454156,14998.405826478012,6180.893033283164,0.21509508934867988,13.811769663774976,1.9970910247628695,107.2631309381211,268.0842705484975,19.524991599201897,29389.028866237546
Container,Ammonia,17.06679333199686,3913.218368136667,1121.0074791697043,3.643782443832527,15.607613540926929,0.3111631695011005,285.5524108770307,114.55571807571104,29.138064068825486,4537.859343587525
Tanker,Methanol,15.136753463497184,16143.128823760218,6927.633150938817,3.4125106821038274,11.905338035162995,0.0349598364653414,232.53161598049388,118.58649277113248,28.184756138409146,32076.074405461964
Tanker,HFO,16.966108719240943,18391.34637239992,6156.644448017669,4.98327779738174,15.399618851670642,2.281141224091633,47.89908393516135,129.45590227321395,10.676517964874582,35572.71799574194
Bulk Carrier,HFO,16.495284888342475,8280.78830272831,1085.8679414823919,2.6750118165694325,14.722725721614262,0.6638294068588435,254.90667733025623,125.3011967128286,26.233690201332944,5584.3301066806325
Tanker,Methanol,11.57803295744567,18751.31864154004,9808.741058089598,1.9614283937112946,7.397196762763343,1.455955408241096,260.4535219487716,22.501150813548655,23.6686582593755,31815.50835070838
Tanker,Methanol,15.05834781423513,27091.089799191363,3221.574408278704,2.8621927877559417,6.688784912945585,2.097292426346262,185.13670689390824,111.44675354551087,25.258286484478,16181.849244644216
Tanker,HFO,17.476702659022752,1027.7046692809354,6543.663933583718,1.1513529508375342,7.3274546408147465,1.8647676985635717,358.4761255274214,233.05705963057673,12.983144468832101,35988.32521473623
Container,HFO,12.488327280626521,7639.07945493039,7704.562631903359,3.4779178998538467,6.058303222521324,0.11656955202733327,102.05253832611754,324.71025987103803,29.322031640953572,24979.89257599567
Container,Hydrogen,16.193704613886247,7087.667336394205,11551.423949544482,4.2581775670668724,11.411670836856544,1.4023717521471082,21.04402978093825,14.999521739469168,21.77712527926204,38821.92769731531
Bulk Carrier,Hydrogen,14.296284702706783,4592.6998879809835,5976.359145270167,0.9286932522287376,8.10915047121319,1.3544946677385992,10.370235653732237,5.986207948054703,26.752341425160044,17099.121718406863
Bulk Carrier,HFO,14.534747360395219,5816.9351693759545,11016.05769022629,1.8192693752307778,15.042083642265727,0.8752004455261553,115.39730084827713,213.26368134210063,33.18720529659093,44646.59627825705
Bulk Carrier,Methanol,9.990605415603756,19151.463815596242,4322.802362037616,4.786125288578552,11.747485505499593,1.8839074534208788,179.25046995011482,251.88274598561657,30.664918186715855,12533.682576663561
Tanker,HFO,16.328388818359176,3978.1373143686365,10303.502699634939,2.8298714426226383,8.955716113456045,2.410014144938799,28.163181273077477,218.9658735894065,28.470124115808204,52502.994205548646
Container,Hydrogen,18.52255738889972,22417.416661600928,2906.332100721859,2.9719178920587526,15.831046951608197,0.36796663483978503,203.68749930331472,350.2956036266328,13.689462482937882,12137.526911754388
Bulk Carrier,Ammonia,10.555744168284491,26723.65512619312,8519.009172981472,4.001004264088099,15.485139454810573,0.36306000936090543,324.31340348866723,82.39257668956282,6.622493379743525,20410.40202967227
Tanker,Ammonia,13.027162284380942,27871.0440011727,1154.4827256844585,3.2206212021951637,13.564767588401203,1.8368400486521728,286.8706133060382,173.24812165375963,22.23933388968249,4161.137714260745
Container,Methanol,9.535342003249186,20145.098615271323,11833.999244535546,0.47573074759862344,13.708520429835982,1.1360410254156954,242.08868301317685,329.72471980577234,6.0353915965817375,25970.62942386422
Bulk Carrier,Hydrogen,9.325950745740302,6724.4959083748645,11451.843158362179,4.441393244060393,15.749971446769388,1.9880473264492902,238.22341003585552,222.29901936056206,26.425693226561368,21318.479077212243
Bulk Carrier,Ammonia,19.88624346338918,3473.6006906573284,5362.342298356795,5.083314601141725,11.605018449039564,0.35269402411767653,262.90820369981566,207.76390741632235,27.104650138888122,29982.81404279745
Bulk Carrier,Hydrogen,14.428186591370231,7728.723660402989,6334.829094084017,0.387697058150386,14.680218342650399,0.09964386035552525,177.91429834149778,335.8229957808548,21.887337837159816,18960.23791653592
Container,Methanol,12.910709204987711,28896.758387766233,7213.520861584463,0.7547486848707753,5.713104945299897,1.7448351871291026,144.6479345116207,122.00501185822088,10.044557376240286,22862.01016454168
Bulk Carrier,Hydrogen,12.023647842875208,28908.010850770654,3372.9469603070734,3.890666091920395,11.094687713997544,2.4867776323852757,110.39598112113633,56.58329964767098,31.271643037051295,9245.286054872417
Tanker,Methanol,19.78013909439455,12075.64763363192,8126.210078941435,3.364159235578438,10.52767973415157,0.23699552573925142,35.8626113271679,46.52312032762805,22.87763696014316,55074.732329980594
Tanker,Ammonia,11.77475864073852,10447.954691828967,8412.88716459374,2.165591794447428,5.414962484429339,2.1608447236261745,202.3785162064467,295.8740261640927,20.446758502223297,22597.209004553133
Bulk Carrier,Methanol,16.982792353115176,15790.306885512895,6348.41025867078,3.0119427042780056,5.956471838565464,0.9632243519335368,170.10651030452985,308.50142023464457,22.02775278626164,32812.69549447634
Tanker,Ammonia,12.121339053865272,9458.954652554621,1858.1142405740907,3.8980282672057176,5.240228164185605,0.041973863232767916,42.80504232186162,84.19620332994883,7.4866126044089265,5238.88510491672
Container,HFO,9.77538455892611,29410.211098011336,11038.31273231004,2.8241728941570186,8.23416504935091,1.2750544824280268,96.57710948113085,164.54568415789365,27.213111642167792,30016.074239124417
Container,HFO,16.516042759697356,7415.420310712745,1469.0364799128217,0.8570169530325059,5.588623524679041,0.6971355178120497,283.39304766496747,210.54662478950664,6.82326751667132,6282.013872375581
Tanker,HFO,9.017939323928514,11705.137783300288,7587.148807655086,0.5829545573197671,9.654756532368818,1.7335078538004507,92.01745761830384,50.052275742725016,22.35164475547725,18231.56725507025
Bulk Carrier,Methanol,16.433233627166263,13451.75539530517,1326.7542996560858,2.469837170017261,13.940210525102092,0.7195765560877299,153.2588914965543,305.57182295920603,10.077712612113633,6302.222928513308
Bulk Carrier,Hydrogen,11.754142588888055,4626.856669353703,1838.598438681779,5.083577692383702,11.75212789280131,1.2042503085826153,58.0707561087294,150.79617202448094,11.231058168990018,4216.872446511325
Tanker,LNG,17.20714655278651,12101.919976333766,344.40593694306506,3.1120075434258667,12.411689035262981,0.501413128360473,61.144780318343464,310.8505514139153,11.99762752123518,1792.6343583282337
Bulk Carrier,HFO,17.467251840857145,25845.190882957228,4424.032597895439,2.034388372696385,5.346573558205995,2.070254395108901,272.2844587113591,273.62759587316884,5.42916915465376,23622.344736246163
Bulk Carrier,Ammonia,16.965179626992917,5070.469042245995,7711.032516622251,5.007013315413591,14.23478996281454,2.31357865467027,24.00271241227534,106.18353900878662,31.755164933410317,35841.26807320113
Tanker,Hydrogen,9.269317856143715,17936.63657395943,6306.376214821177,2.198613643366266,6.608094173212898,1.0083393855411595,102.60941181450805,257.9667178780813,29.12705814469572,12160.707721225153
Tanker,Hydrogen,16.74110281608145,12792.477003740487,8127.0158998569805,2.849390997045626,8.329159636357357,1.1222000814199562,353.1040163970135,266.65381237986225,5.938593429992966,31546.122724584828
Bulk Carrier,Methanol,19.891601754613397,5945.565057406187,8132.724444364339,0.7290963853950945,10.684732844267252,2.45670918302883,171.32144899995546,112.05470748780621,6.709582639984005,53033.97009175222
Tanker,Methanol,11.668879053781852,1357.7487690269688,1768.06755353144,4.081965105804659,15.229927741144744,0.3552886918116585,218.23680338452988,91.3448124258114,28.486305424300834,5330.258783792623
Container,HFO,12.016624294478724,8926.955801207107,782.3151007184151,3.8816359685760644,15.979640852108089,2.0215487864750967,230.6842562759425,296.4340035196191,5.204098627091032,2370.330540129674
Bulk Carrier,HFO,17.948792045385936,2793.0398602420555,7541.761871172572,4.388917561440376,13.609267519835509,1.418196514625603,70.6099245501029,244.05589465143595,19.069967411244445,44074.40860014489
Tanker,Ammonia,10.764364855616886,11926.28566760532,7873.3692292053875,1.8560330925099227,13.022456461002161,2.20183605226047,132.9631538285426,266.24636364144556,8.21891762882924,18681.44588876997
Tanker,LNG,16.266420430550067,24496.085815281025,6724.774448186283,2.4546873829574363,10.80450563783235,0.7310713620672799,144.25438959444367,112.6998912346083,22.748966810556748,33018.169977045945
Bulk Carrier,Hydrogen,17.305290152506362,21870.87256545076,3024.573349256442,1.0090452422468712,12.321900717990783,0.7403949155508582,83.04595232348503,259.98984852941317,34.95021253653222,12604.553343645937
Bulk Carrier,Hydrogen,9.40876728001293,28474.12763935124,9748.106082088821,5.308326330921097,6.588665929711891,0.8145498701385177,84.23417229823144,257.1503650664254,10.160645466244448,21392.85864336981
Container,LNG,15.091383036917488,13383.447102775006,1000.6635844054593,0.5648176760025663,7.961157326323343,0.04157770580738851,218.83295034069317,119.97897526468564,33.70051542078186,3796.4633505880643
Tanker,LNG,15.334649843894713,21526.24055916373,7624.510292924177,3.6046718398439594,15.83107149846793,0.42473224769514567,39.051212764180946,97.36561865493957,30.96435631807835,34926.51176727434
Container,Hydrogen,12.337871871309737,20294.909940958587,1532.8972769645286,3.908389930652006,15.775765254600921,2.4864666027995628,46.492360739728994,155.30214715273183,34.57564904431344,3849.311007683853
Tanker,HFO,18.639791363372687,7294.342791589527,7887.927825555433,0.9517769577152901,8.552696341290943,0.6223714344598313,206.38873758785735,266.073192629316,27.985659008075558,47982.94857713456
Tanker,Methanol,10.79024691229842,9803.892651747097,5070.936875099608,2.072745311484645,7.651534298287153,0.049792744401597755,161.7617041658026,69.69149165934505,30.70982754359375,14542.38140753849
Tanker,Ammonia,13.006141804564466,16365.05646853505,8645.42635970829,0.3328834605174097,7.524698822991603,0.6963507850962392,220.29604769743145,314.73446466079275,22.837929187259775,26683.92310469299
Bulk Carrier,Hydrogen,18.335355558620623,24103.062251171734,721.0872094755226,3.105684590967862,10.333508218546196,1.020975419961467,9.705425176116464,91.89936794941619,31.018522435235372,3500.674021760272
Tanker,Hydrogen,11.097070322665918,14392.569299425046,6705.487562916379,5.4726659712475705,7.461432377702161,1.3694681982059589,253.76966181952835,302.26813222932043,8.345367676382377,15372.377311228838
Tanker,HFO,18.035115499604423,7604.504549090291,1824.0469966729474,2.4213787668396582,12.133462958057638,0.17141504966356608,305.96027106132743,56.09144134657129,27.249629131052764,11040.085799204871
Tanker,HFO,9.869760951047512,29810.505018130723,8220.341416164636,5.446044390013856,5.823017924893287,1.976072299261915,188.69050754330877,266.1986503968951,23.861707610034724,26903.769617360264
Container,LNG,14.38151973908989,4351.785384256385,1527.4720126090206,0.7816172885683976,6.140449446611494,2.063753170492644,302.70251505334073,202.10217211386149,6.795394482135943,4979.884755782232
Container,LNG,9.828637286902737,28720.778317248507,975.6415431279173,2.2192534536460973,8.046277024293806,0.5329014471792535,143.87855498267785,238.12523546468455,13.747711140459536,2428.609392199111
Bulk Carrier,HFO,16.456939435676656,24462.342364484175,8586.16129838499,4.970610838261748,13.55187556716271,1.9960454705874464,28.412733173784606,350.6891746319904,11.483204011175594,45699.24407906031
Container,Ammonia,17.696616379611605,25327.912059927705,856.0300213625596,4.83415560095035,8.556184929462132,0.9035672686031415,135.91590138688957,18.920836321233793,17.155263523965512,4030.1732512624894
Container,HFO,18.34844403071483,24052.60990965348,2771.9167333850414,1.847394520496835,10.178984605122368,1.057775444706586,160.6926197957803,53.68571029380496,10.950600245711943,15079.784855447275
Bulk Carrier,Hydrogen,19.79388475818388,7036.9572978340375,9914.348845795499,3.764497152348991,12.222842506100996,2.340970635785041,311.5935727235465,28.470528828806646,13.244889324559551,52347.81487158226
Container,Methanol,16.392172945295457,19344.88894446201,9735.290862917893,4.88526492641207,13.673939141702713,2.229760977400043,120.49794473946636,187.0693053651678,13.880904057285381,47589.66922285266
Tanker,Hydrogen,17.459681052240224,22945.74456107702,10264.096517591235,4.2411383172274295,8.378199233471179,0.9377767829762227,113.4362971184099,289.0106077501237,22.994326853735913,49506.297131801875
Bulk Carrier,LNG,14.563341061534622,22624.88797094789,3980.5886861056933,3.4937714634377546,13.040663522806444,1.2202757643065065,319.6862764143773,19.736924748407848,9.0462128021041,16250.992421620513
Tanker,LNG,19.040105912992388,8875.395745778249,6383.771542127491,0.9239083186241218,8.14674144786466,0.7163094700824812,90.34776117592976,280.58640570985966,12.23303704166324,36204.142400770615
Container,Hydrogen,16.081342204194087,6252.462245146761,9302.833496013209,0.4942145398810427,12.089128292032663,1.2885856458716543,231.28075281634833,155.9000964310142,14.514441829402966,28948.234216614037
Container,LNG,18.71906546876478,10515.566533521927,1730.1276286318575,3.4189597710094297,9.959681548741607,1.7047697570873577,117.5881366516462,338.9143150721291,18.47203814828218,9195.07931096494
Bulk Carrier,Hydrogen,11.58997218715269,14915.489930944363,8720.251462667047,2.801488594721184,15.192906012856627,0.23166924318907878,342.52412028645455,137.7706031649031,6.142658984899493,19646.845618110867
Container,HFO,14.464115587898707,17639.64166484662,1260.08755779639,1.3853979625500157,15.803027248432398,2.2996028154392243,68.26497340082408,354.4552613676335,34.976343562182834,5220.957794010617
Bulk Carrier,HFO,17.028008131701846,25271.560507255654,10967.682242659725,1.6809568927787333,13.515354184593214,1.7971849203616996,260.6177821948851,200.34775645705528,14.011760076560764,61401.41792505656
Container,Hydrogen,11.229939300189516,23301.992603433864,7683.991171888348,2.2172707568876144,15.07010769207775,0.24188170790393038,198.02307933572877,356.39754380600675,13.620345822068378,15723.65408889364
Container,Hydrogen,11.32473772588176,20608.36524432897,5970.333221008094,2.7758126014615305,6.501546662266102,2.172472479947106,352.33481510678547,227.47894266220774,21.64611759773563,13353.54726520004
Bulk Carrier,HFO,19.75847014446201,8641.189495340057,5868.278130539255,2.2073984330774277,12.19910353302706,1.8592071656070805,357.8603176077623,124.68088227279888,30.620965379663485,40177.87732953616
Bulk Carrier,Ammonia,13.780713968109266,14887.534469113356,2258.2083693544337,2.19137502926422,7.18204735729649,0.782817042081872,285.7313161526145,289.22712662252076,18.70428104182392,7056.85249222379
Bulk Carrier,HFO,10.999969982161488,10727.640349710871,4216.416732210379,0.7249571810813059,8.046653554696931,1.3035827207446948,37.24418362079951,175.30564595727844,12.465176025192376,11704.31401947192
Bulk Carrier,Ammonia,12.646102701796567,7812.91720696549,8752.771617274075,4.774188258578853,10.75105565337191,2.1503266479741647,168.84249995761564,111.17087915572482,21.97626509586063,26524.809103977223
Container,Hydrogen,13.371137630925181,1297.115451120904,6537.229088167223,3.3894320416017094,13.161859959483989,2.420314057725697,307.6246703183503,172.20074543471904,19.488276500771892,16943.04077097314
Bulk Carrier,Ammonia,15.853937832172432,10844.397146550027,6398.743828793128,0.888951796850864,12.936434816150257,0.7026934898690809,229.8539847928568,313.8885337966867,17.692244810668875,24793.16190778911
Bulk Carrier,Ammonia,19.153161249525276,8427.371763724022,2423.4261450923946,2.388921775540853,14.564052761527476,1.6263954558183114,316.4289816542835,263.630658820089,34.5164885235267,12763.132611490593
Container,LNG,19.852490835143,17585.167482037683,8315.31151224884,2.350265924959546,11.152023373392458,2.150617309981902,287.77183559837255,62.55677401005084,34.87850793405695,50681.222061371715
Container,Hydrogen,16.168686348022238,2806.751338227654,4765.203422630068,3.343352743841263,15.189769187285314,2.4704171221073628,112.66577302870006,301.8952213848385,21.858314853727816,15852.626959617586
Bulk Carrier,LNG,16.69914596877497,8845.068304595832,2274.764727418556,3.387895936386391,14.766774552556925,0.17679622161578035,70.2235365737823,155.31068666715333,7.040117812154327,10541.729753268803
Container,Methanol,12.54012086666248,2298.315209664045,11331.038543996317,3.5841995396907174,14.339632384285395,1.259054914552071,116.12300376456153,29.8326580970104,22.00752741448679,34079.422783620044
Bulk Carrier,LNG,18.42874454993624,19601.119230889646,6130.905087700701,3.8686765096565603,7.5247211858478416,2.1841644045987048,250.54019677928832,52.981957993337986,33.57416445148656,37627.45491130937
Container,Methanol,11.395781687423463,17477.49719849012,6383.636105397149,0.6581118490966889,10.845927925059161,0.00789531074882055,173.18339141120566,23.81894171326469,32.77077592084056,18054.600185334395
Container,Ammonia,10.170187142420643,10786.920669159723,11778.325731556193,1.7465798830931853,13.098602567479347,1.0930880490136077,15.7853535631883,243.57160927170756,11.46502548293968,23234.187823529337
Container,Methanol,19.70581589107416,5272.703412630771,4460.233032328872,0.19367822353243078,15.73712758629049,1.4604968102990816,267.29171347902576,92.72330445808919,10.703584460908532,24458.279151725317
Container,HFO,18.505525445025853,28779.67515029332,11321.94614629315,2.555064165234068,5.128120011108213,1.3162257713915357,16.090871924470758,34.68564097973446,9.567675650347098,63630.48208174874
Bulk Carrier,LNG,12.340096479919467,17947.38097426979,8369.611797512212,2.4189224202835518,8.598259873396085,1.8319317158356205,147.349534193242,131.64107605521582,29.593530482370422,27523.530232124744
Bulk Carrier,Hydrogen,16.42687788019154,20694.28763058997,7633.8380296631185,4.065365422969185,8.765852778444334,0.16380521738495246,166.4223746837466,312.1078070729764,19.701651709684207,31432.57347558213
Bulk Carrier,Methanol,14.137201931545196,16409.113844814106,2889.577793115519,1.0024315116824503,8.173880267600424,1.963541808964608,181.0896665561311,226.34210028412036,15.141397119777372,11191.11585360026
Bulk Carrier,Methanol,12.55441026760018,24389.464181739946,715.8925014147023,3.5100700684777593,13.991667297392397,0.7079263403337086,50.072719766548175,175.04187815322894,14.744215065191012,2457.2802918739476
Container,Methanol,12.154516318363243,26995.02143689552,5309.627675593151,1.756148668822822,5.495785803077445,2.060573466309889,269.2044652710397,263.95007784302317,13.262397288631636,17484.91803527944
Bulk Carrier,LNG,10.496301897429971,12098.605764331263,221.0344477491286,2.1623489639723754,8.953782250093097,1.0487198169481473,305.7740029157245,27.322214176393636,31.478593223432245,572.2301475431786
Tanker,Methanol,15.042498905034233,21010.734054687706,944.929878167563,3.9841490568058524,12.828530691036388,0.107296479507491,251.2441986441507,317.7978151846602,17.290396782413154,4402.129982566673
Tanker,Hydrogen,13.912563591292585,7666.737051845512,7184.388392763039,0.48635946229730675,9.474136910176817,2.4097869141784534,342.3854354907976,63.98502887426761,12.320532069256426,20096.58658086198
Bulk Carrier,Ammonia,14.634050623299387,19903.796367699117,8721.214813569026,1.9510276002282776,6.584699420614744,1.9513732262426169,92.70023017662933,7.697385534885841,26.312144181958352,31606.1002097292
Bulk Carrier,Hydrogen,11.36892884227345,12575.513269320027,2098.585149898896,2.2131454427541204,11.719377200349962,0.8695400807058734,57.86283379924018,130.4497451876163,24.06363670675395,4852.478648462225
Bulk Carrier,Ammonia,19.324717378505724,1196.666382637844,8816.754910817908,3.965046283999012,10.748712600329807,0.6750684205459079,24.226293987819126,21.041041461850188,26.460966637822857,47771.25088592429
Tanker,Ammonia,16.024503159635955,28710.308184256002,11401.737336477547,1.1758118413817837,15.800227197274555,1.4724093211251355,259.74710492905984,60.148370457722734,29.65868343589595,48855.574233252315
Tanker,HFO,18.895607231216704,26184.80482062285,8943.79536064174,5.2160301659285,13.2337884103333,2.4682365070597783,58.35861739092377,266.0395040422393,8.037011437067582,63027.19937495909
Bulk Carrier,LNG,10.20198282636031,9434.259960034824,9438.111112942892,5.487914545088454,15.847935866302524,0.7254170604493693,337.7453129069353,145.7039092951142,5.0596622435043415,22864.59328733618
Container,LNG,15.851360624417923,29934.962112752954,8438.479705193624,4.522114760428298,7.049879052276019,2.370677791865382,215.40617154969837,2.483581605692846,6.516987234684625,38969.17653709135
Container,HFO,18.34408000508577,10196.70256213949,2774.375541411539,1.7184475079030521,13.377545102056926,0.8259677990464726,289.48883986700764,231.75260662944595,26.203797774464356,15495.564177672984
Tanker,HFO,12.640128577959134,14306.481407313167,4394.590311654449,3.6848799319934153,11.068020416699083,1.7602444131444996,156.49142869926317,254.5599978797333,33.0348962074914,16583.333056701
Container,Hydrogen,11.14657486049585,25686.511759058096,11396.276856960825,0.5489993711688386,12.837604491213392,0.9543358944800995,264.54451099390275,324.70685377902953,14.933161460491005,23179.83456711382
Container,LNG,11.915234363861817,9833.294188513184,7968.405889744413,4.804908304815157,10.143066087586783,0.2126305600216219,159.71440730022357,55.65693970890248,28.435824991833304,22604.946433897694
Bulk Carrier,HFO,12.00227099424779,14065.668247237501,9489.39433381546,2.8863615048054783,7.336299016842086,2.340473414033222,193.95497081304893,308.5796655688232,26.875535326060078,31675.59884358724
Bulk Carrier,LNG,13.919188614158887,20302.02784657441,11627.46596425166,1.052771498126843,5.503103298116369,0.4098199867914898,278.48942388686226,255.13486169470585,34.3418473785776,42954.04359706667
Tanker,LNG,12.585599630572647,4783.559088400418,2854.0993541007224,1.868049421633194,14.221170830593644,2.3617286699939966,85.73527999529342,202.90420453765464,19.123792444691055,8776.59449886136
Tanker,HFO,11.984014799787904,13248.160692059813,3928.0713411859865,4.424010820235064,13.962891834453252,0.25826706482213746,318.4234247202084,94.23719402849468,9.982189018606817,13041.271496379488
Tanker,HFO,16.133635282456517,9972.888183487168,7773.139668730546,4.799224544106051,6.7879370716497,0.667368612391247,257.8675784290607,164.82338386815604,27.95694201763227,41259.369533570934
Bulk Carrier,Hydrogen,9.58335608839073,20626.454870079724,389.85393802968713,2.906452289445887,12.096989894982245,2.3023087467363887,268.75444845454587,71.37739374941793,29.56456592064318,793.7748826945315
Tanker,Ammonia,12.744001559537029,4943.112311750781,6897.507020271098,2.693682101677635,13.115070705853775,1.6463521572689328,85.73868241289976,258.3699849497147,26.21900227114746,21352.96603711842
Container,Methanol,16.587271625345224,7749.212893927184,9723.391716222535,4.153967631387601,11.133874949193096,0.47370858960423895,32.44585800437379,253.2923277476586,30.895450198393373,46380.45627020882
Tanker,Hydrogen,10.934347242091064,21629.909908822,7364.27614850709,4.561423961600196,8.489517934057158,1.4802332786382038,26.22832245205318,68.95076781791647,16.135477499597137,17524.681098213237
Tanker,Ammonia,11.430206484342037,5530.506721999329,3615.180078363719,4.23017278693743,14.690404924043733,0.45097802008888493,232.9259615394019,90.94201097106615,25.709450096706465,8947.64590099413
Bulk Carrier,Ammonia,11.207332879542092,13238.558604956803,8716.838591699134,2.1759114712647216,12.066847012955737,2.1861051691758546,54.000857675770376,324.40025869600663,12.915459174891861,21410.471938707065
Bulk Carrier,HFO,9.010187174045454,21673.540940685943,1837.7763336913522,3.5663991126903247,12.922392632152356,0.12457151834630642,359.7089221420394,169.80654960256433,18.39320437819513,4585.127033270286
Bulk Carrier,Ammonia,14.2114452701473,23198.583148470156,10747.80428441435,4.729743504663009,12.173259824525651,1.3244442444437459,345.9771579746095,198.40218937191736,12.274765074668547,39863.404821368
Tanker,HFO,9.428546683577355,3751.554181478385,1300.8888693814192,0.9195074238560658,12.934175387435968,0.15868256457365643,10.50363250224908,345.1051086581243,9.636010179444353,2930.3532274553268
Tanker,HFO,12.0023379295239,25707.872673164868,10375.544491772975,2.1959380996208013,6.595738594278885,1.737556877669063,261.02073183813764,74.52857201002386,6.078597440059662,34972.37524854969
Tanker,Methanol,19.942837670511686,21995.196732769025,6023.932190061167,0.40574197292642944,15.148538381424448,2.3394930879841684,93.87793933766392,225.76687860536111,25.14272774577002,41062.70473928927
Container,Hydrogen,19.1023583252933,10839.543072106098,5200.899341504842,2.3079373427119596,8.143918777543519,2.0776661241791334,122.72392256779106,278.64538381425615,31.258192648322492,23149.766021850206
Bulk Carrier,HFO,11.365833889719676,23150.28271757696,6057.874950847633,4.270323253160704,14.202063453329536,0.9293195628815878,86.51175733447725,114.99828190840907,14.432583029338051,20042.07309643038
Bulk Carrier,LNG,12.410026751053259,22120.66709487911,2482.4550068057624,1.1639535944981725,14.827226245066056,0.5922622636993979,298.99642431919625,111.17404872632967,17.877061503431815,7641.609949340211
Bulk Carrier,LNG,14.100750404954066,18425.84556874318,5546.458396749882,3.026190616071672,12.163459673260453,0.3025687309672076,321.75083727164537,322.85495118836565,5.106408449077206,20573.308183928384
Container,LNG,18.28854901325168,17195.954028769487,10211.665809194037,0.29756296047786657,11.581308382976196,2.1840599684563324,14.544560431886495,35.78614092864882,17.385643175943464,49105.31043885637
Container,Ammonia,17.829105355324003,22306.401178087977,9631.367382403709,4.947309949950954,6.199530322887391,0.20277282261853102,97.21372074373862,56.64803302804191,13.439663452462531,44107.3633410398
Bulk Carrier,LNG,10.388655802229104,29978.53714945818,2040.2775604468184,4.528025352462437,9.798433486875911,1.5720729789444166,161.53144643451063,147.94386889701954,22.22600090373804,6000.657198265123
Tanker,LNG,10.368937331831873,17778.015230160676,8113.709639735835,2.9318096356501564,11.72808823112956,0.9181686737417674,187.85593137024316,287.4207480575003,32.25551548553186,23046.429088355686
Bulk Carrier,HFO,13.584054792834491,24452.818281105192,10296.363453088561,3.9112497782485294,5.900561997310501,2.48944579592741,31.55287613164798,163.79697603393504,20.184577073645375,43394.03910749003
Tanker,HFO,18.571049285751492,22583.937802151904,9855.23430456383,0.6611472902918382,6.226082126252984,1.2720582837958625,298.81014947128034,97.40373901599514,25.26597979708585,61791.83962819937
Tanker,HFO,18.702934990050526,25818.443658980945,5165.026075236459,4.664131280545801,15.928293806179298,1.3719773742585275,336.2327638398256,151.3062129917637,26.1644851941686,37237.44033268923
Tanker,Methanol,10.181024346551832,28681.220980140013,672.3048001187783,3.962412267787566,8.65457566058854,2.294721962537128,145.031429867976,160.36575911389662,9.572957365242395,2026.9754465284213
Bulk Carrier,Methanol,15.317270167621068,6599.413016363641,11180.916133387615,0.7478239423154347,8.847057360202804,2.4240922581270565,308.60426871576476,261.72907547672907,15.397118234354783,47566.689017780496
Tanker,Methanol,10.712427168376243,5798.329455458373,4811.032878591937,5.395722139641398,7.766820656598812,1.459091152736349,243.4877604228833,312.7500291780495,8.394366537949878,13349.487105305307
Bulk Carrier,Ammonia,16.54742241003061,18004.203024032126,4395.621983350491,0.22166439871481208,12.106217464437048,1.990455186855875,213.0276999890003,115.65038322320115,18.22239811365771,18097.97325346227
Container,Methanol,19.080765727217972,14029.556823708628,9138.227839297875,3.4939586580009774,10.203834754874766,1.586916872771116,294.8580539783137,255.07425921508997,31.61857044829231,53953.70124718753
Tanker,HFO,14.00246221723153,17550.958094655907,3241.2693643550683,1.0274769824004104,13.694740531108547,1.0685011599840466,170.29066215330988,252.49982225936154,19.42803052212241,13386.082680147529
Bulk Carrier,LNG,9.913910521612566,24143.23930007975,10033.500285690774,3.9839913057854988,10.637443150413656,0.14328839318674208,197.17778375313793,276.10111996452457,18.684589496567792,26588.485797824513
Bulk Carrier,LNG,15.371796154840002,28019.719921428146,1005.013573749856,0.4801937714314065,5.169575783120873,1.7943596838544584,98.87970945938814,207.09382936516977,11.279706373857547,4217.096051464847
Bulk Carrier,Ammonia,13.493683371494402,13105.058930758185,8914.46328852291,0.537944767352827,10.309561293594752,1.7506569309016229,256.38651349959673,5.291459391123872,14.306518402611676,26242.936228507166
Container,LNG,17.919886275673562,21820.04672076511,11592.894936254226,2.6179753990409145,5.60706019654252,0.2917557667218132,57.26239262930786,236.11224086695788,33.097987176047255,60121.19866169806
Bulk Carrier,HFO,12.743789103190265,6707.176447400871,11949.648682802665,5.46765111317033,14.0946501852957,0.5751721873909144,87.53816330296553,220.42712795219222,14.089859727861251,41383.171396428166
Bulk Carrier,Hydrogen,18.62386920519848,16502.006531281182,11093.271884763579,1.5931876947615167,6.250238934831707,1.8303204671867637,172.77154351684717,220.14700423867242,26.941597566500484,49661.14828592852
Bulk Carrier,Methanol,12.010704483982634,1632.3385556350777,10462.072624335082,3.4076520680852225,7.386494164623974,0.3742799439863495,138.71249490169234,101.26748852609293,6.264249947434274,30630.919147043685
Container,HFO,10.732693994775545,15608.766446859812,3418.6746710469893,2.9004350016208718,10.059617670743117,1.7273375860818418,86.24820137782825,35.23875559344213,8.849418802834936,9035.362289294497
Bulk Carrier,Hydrogen,12.37128415050438,16814.757314639497,11603.115515294192,4.647445892112363,7.14702460940456,1.7949429780121937,69.07987674958972,68.16693228865505,14.344337489146945,30929.849881318998
Bulk Carrier,LNG,9.384073710050211,22327.914737571606,11141.9694663908,1.658383881607865,10.931419562167347,0.8833596398498154,309.92298365110145,77.8338333169769,32.04262584080676,27197.94802446056
Bulk Carrier,Ammonia,12.093705635616654,19835.05891600276,6459.03283359972,3.0966996558420257,10.067682668913758,0.6454546244485676,212.7092030601599,62.49942273085969,11.57874964637157,18136.529267355116
Container,Ammonia,16.261293972702337,11393.505294868244,4884.724087284787,5.233366981567976,15.477748720090178,0.932598527759033,135.8613572443379,88.0332894699217,26.802338302550236,19330.34706577816
Bulk Carrier,LNG,10.565112764122516,1166.1961206805183,1400.28031734244,1.895963365014711,5.9721091965707505,0.8979915534822349,304.4809623418553,24.729004567111502,10.025734006990701,3122.545748580794
Container,Methanol,10.225014700652467,4349.090335065519,7128.5455261189845,2.472790139074978,11.344052530954055,1.517549514261456,297.0577752161518,96.95729575626193,23.38526138354425,16094.263532094274
Tanker,Methanol,10.456238203797854,29218.758952006116,8436.496787414151,4.899591898319826,12.924395706083821,1.8596207492971586,39.91934048537778,359.23868168015923,22.604846922538435,27557.82070630753
Tanker,Hydrogen,9.85306841687613,27747.661591143868,4907.559339860195,1.8954938290660726,6.4038970996144196,2.1543815871259095,204.22282550876284,184.09724044023432,23.65843703419017,10946.4071299818
Tanker,HFO,18.620989530272336,10427.701729353215,4931.751771503329,2.155638329022604,12.001083405331418,0.07498071000528517,110.02065002366855,123.99222977901057,13.588295649875914,29931.13715406956
Bulk Carrier,LNG,19.38526627046181,8506.735257792743,6922.405549500216,1.7422415679395709,14.506629595868088,1.8163788934234237,194.7005548887425,259.3754002104478,9.863089908577487,39514.51214396656
Container,HFO,9.51217266901665,13656.072517011085,430.6307412952254,4.471469426755394,13.663112077709718,0.7854650457229007,258.4795741717405,169.0057641067285,31.594572474111448,1060.0756881664695
Tanker,Hydrogen,17.360789596978943,21008.260858750113,11498.604167002313,5.124089640364011,15.286877594719638,2.0966050267761798,3.0627323873520806,10.61926659643779,22.08331812504447,53255.37057942304
Tanker,HFO,17.108669213889176,11348.002507081235,3549.8779144508417,3.507933955601291,12.926442664150393,0.18929239935252806,184.8843038072501,197.06029601407886,11.361295091628142,19817.9172619193
Tanker,Methanol,19.966003670710442,2951.5215842035104,1776.6012550496732,3.467602708802124,9.333855126395491,1.3779362754326663,105.02364242150837,109.46396658794013,17.39987159586306,12393.31176420269
Container,Hydrogen,12.826577278931751,12681.057680887496,165.31191400162578,2.2060195464511456,15.124965230498919,1.3716839743850335,192.2439240569327,205.62620380302627,7.012744787756207,391.1349545488134
Container,Ammonia,12.140598908594578,8557.080839961525,10297.009342489988,0.16741224768608204,7.478924443762808,0.8162786554380708,39.543171868202094,62.358484823070974,19.261283498071226,24608.903785952753
Container,LNG,13.983903328908099,10422.970325125141,10372.167772016062,1.0392630336472959,11.420725063775157,2.425766493383413,294.3239105646888,173.7179485716382,17.716723285489063,34325.85193660273
Tanker,HFO,18.422326948641096,5725.760127831828,1234.1485937607504,0.8961671147872662,13.422237396041362,0.2673078779217189,195.7206427203709,69.71047274238597,8.981787121201808,7162.741574652082
Tanker,Hydrogen,17.014530067916887,20106.362013923776,1911.671504376732,0.7257628151903984,14.59509283695027,0.3409930838373057,75.98284215719931,107.57354761220036,18.3311700554763,7274.866355335887
Tanker,HFO,14.18786195364253,16272.297064111523,5430.036551967439,3.6318555066883347,15.081963442033011,1.610648995470688,277.08650242200855,247.37930784136273,24.185970187781177,23536.95238375488
Tanker,HFO,11.690191276144605,8855.030401565275,2309.8796594891555,0.8362843428185072,5.934732144305994,1.285748061609133,13.601674195016829,81.95499335965789,32.85471334200274,7171.057399696274
Container,Ammonia,16.997173153952083,17062.011957881,8856.271528357407,0.562423343698284,12.986650863996147,0.661167821380117,213.41642026156276,150.16945514526992,26.095555818785737,34870.22809385613
Container,Ammonia,18.399795548464155,15288.527567849904,790.672973898096,2.1659401354340346,7.24514722785117,0.7606794911436046,180.63418558163957,26.329889670378034,20.07305859109278,3618.5746590194726
Tanker,Hydrogen,13.3994635417424,24083.27084041481,6641.541055391806,1.4447223800266522,13.570313856355353,0.3925582717720483,14.27220549362553,247.37840879954828,28.10153353583427,20245.26746673185
Bulk Carrier,Ammonia,16.354439904030826,28723.54381086585,4655.219624855459,0.8876469464337642,12.707587051269698,2.169410347279683,89.89397036230896,194.01954742765733,13.398058440525366,19746.32230121357
Container,HFO,13.40233223294258,4789.444760381022,5632.863155937794,0.8890905280162672,6.994875944603413,1.423797182849226,27.7705587171204,292.9645556363531,25.063447953346678,18209.792849172856
Bulk Carrier,HFO,14.263427819556334,26633.490888331504,5154.609700577661,1.4835108166269353,14.161131896614812,0.6120864403845792,263.6592957015357,192.62716217474002,5.151865003954235,21551.974294102987
Tanker,LNG,14.77401417950405,21439.11121026216,1922.5942721623785,2.998988722230624,10.079676844204178,0.983551894273357,254.07754918342533,357.91695310823894,7.176533913485763,8374.412706090412
Container,HFO,17.532983954245058,21084.05281363924,2721.3496751718912,4.1937162404927575,10.982417670911481,2.266712635762208,32.14726849738442,86.80747614068379,23.727969093853485,15033.9426556048
Tanker,Ammonia,19.75256582541824,11854.726017131696,871.2116170340764,4.704993873561553,15.685441288978135,2.2171029041326578,39.314586477115434,267.1583336133856,10.776487231638791,5090.919192166977
Container,HFO,13.888027789020555,10973.337668482709,1471.8983460589477,4.157656388589791,12.222881462712287,0.17276672778301944,316.901596880611,155.6375956414177,25.661887587941433,5402.91321020227
Container,Methanol,12.765465068723664,1163.5450598529922,11736.948386785087,3.4923516024025223,11.47419459527255,1.6352503456992573,72.30507948106799,135.3472263410244,24.102597935114616,35985.33252853938
Tanker,Ammonia,13.109501071196304,29483.941364481925,3429.463058959298,5.0011727186052095,5.184390496001444,0.3824279274243095,109.31798563836213,263.35055706187825,6.910002482237742,11491.828818160784
Tanker,Hydrogen,10.472779763126997,18588.669138818415,3753.603918140814,2.9065787347649534,7.191363186033335,0.5272084138706429,246.34085918174415,344.00053361507275,16.774899997840095,7902.652812706768
Bulk Carrier,LNG,12.26632611599495,12667.530093793837,1612.5653321422405,3.520126940609934,5.292219631549315,2.1605189806160405,21.860360132089394,272.0076692980094,23.390065949208672,4956.015040837136
Container,Methanol,9.950921545956868,16769.295834873177,9086.454033511343,2.3227509717920896,8.666436682877645,2.237975793689895,341.15634423298167,118.8441894850721,26.404448947500754,22750.010129156748
Bulk Carrier,Methanol,13.706836894971719,2175.2839887916116,11097.299441228655,1.8678746847560288,8.789591883300563,0.20672978973487133,8.283242554246794,183.56099422313068,29.48252481580242,40533.711978958854
Container,Hydrogen,10.840929962421537,6035.877703458396,9498.031391093147,1.8912436090907687,10.833630774310283,2.184808323696734,305.69130405567626,78.17039280950767,14.913287049950776,18802.748945302057
Container,Methanol,12.810474205718496,19077.437823938675,7390.128370266644,0.9009133212463809,12.587452916917691,1.8212338821080616,129.92618036086358,223.28597182214935,30.101481267643532,24222.53787452795
Bulk Carrier,LNG,17.72935524330767,15913.59016082498,9777.471695765857,4.401627313638797,6.972796890859445,1.9392759081667477,54.0143720378402,144.93135619170258,15.627632780169328,52232.408924072864
Bulk Carrier,Hydrogen,11.705204156480496,23825.16986490136,4910.339771901015,0.39898765540113645,11.618198628907166,1.9795383191145264,135.89678846534972,82.12791127141739,5.209605236000091,11461.75743287007
Tanker,Ammonia,15.730840834762759,20103.538022914774,10328.01852546018,3.7433003163284084,15.086739019817976,1.2680831793449887,350.22295781479306,7.593373512317578,23.300176995110412,42325.446717016246
Container,Methanol,18.912995611734743,18441.634603402228,9602.374310694366,4.768085041319993,7.035086417751287,2.367269107470504,190.43200270013,333.1167512207724,12.250057914737969,55451.786758850496
Container,HFO,15.236221057325015,24642.705424854088,120.52326665019632,2.786113073720983,12.249968332919003,0.5008990099514882,21.340867159967985,28.375499712420243,8.731439059805831,517.5074658016363
Tanker,Methanol,11.13171874049654,2979.6300610051185,5904.750205518452,0.47908422194437117,5.501480553770981,1.2624127687938573,338.95507160542655,118.55138851591272,12.750734300144423,15894.394011850503
Tanker,Ammonia,12.792428133625497,21035.717096507273,3248.9372553427916,2.413454292839211,10.842623977202367,0.7963814497210114,51.68215966770407,68.56332166375172,29.83741994238216,10757.471994637164
Bulk Carrier,Ammonia,15.494061279024727,21752.13068538145,1126.1717047755762,1.9534236555646893,13.156931828163575,2.0560781070062686,19.68753974407403,177.88581940197034,32.420039247805455,4500.894388861729
Container,Methanol,14.572722537358388,8979.74294072032,10169.732908698521,5.421912324216926,5.374459593091573,0.20675178032194347,16.353326933127228,70.1801443457018,33.85089871610723,39294.05776787944
Container,HFO,10.634818199045942,6673.839458134438,194.60124318335545,3.8328320887423,8.670319302567878,1.0841962173106698,297.4805631817275,265.03597310529557,14.08491089000753,489.69703088499074
Bulk Carrier,Methanol,13.914759791596259,7201.721788223976,8788.945674458788,3.995342946076168,14.657526839311883,1.9336941406133237,55.086915380858,80.93501024594146,18.677861245671487,33731.909308741844
Container,Ammonia,14.973733644012732,6746.085039527832,11859.486239866515,2.885465362396048,7.480277753800425,0.7808522788943486,64.43384209872433,66.76440077809177,29.07578308424551,38779.9830139361
Container,Ammonia,11.940659859033296,16189.683536204242,5836.035223804205,3.9308369739873212,12.95162009835266,0.6011907106761218,339.88152619201617,78.07867840554253,14.537080655211332,14830.815304535836
Tanker,HFO,15.736900668738372,4933.163029609026,4517.762306303072,4.001883274299709,11.734621013202442,0.6563728869872404,220.18001234194034,107.12279252537387,16.554295589388396,21286.832021850645
Tanker,LNG,9.771761094337307,20119.28998116116,7309.41215824909,0.4583379560289662,6.8005643255544435,1.7839752685163632,102.75089804465188,231.05929896481538,12.118234676889264,17909.89351010675
Tanker,Methanol,12.702677369220684,4047.2695095143167,9675.9041490073,1.3020752321772602,13.158782653800145,0.7169566895970771,211.12370811634548,75.46621743933592,22.171019580551775,32165.0499055005
Bulk Carrier,HFO,17.84704516055332,1779.79956899743,2958.9987259258182,0.17002479931598471,10.852890923354174,1.0067088636574497,87.51330666337219,250.8661038326129,24.778000964759308,16311.058881119747
Bulk Carrier,Ammonia,11.85213280998971,10259.417030930263,3083.347006927081,2.8529599920142883,6.232283807989115,1.3641702185979443,177.9354640450862,154.86151838840402,14.553183652597893,8009.826801108715
Container,HFO,15.65694535003386,6563.93198825819,7325.418367633477,4.829319216114543,15.443085435917968,2.3519001973667297,120.46408346999253,70.92308810648295,5.726915495346928,32697.372796090403
Bulk Carrier,Hydrogen,13.510326850813431,29671.199606892387,11284.569868166232,3.3915944873547734,10.411582320578876,1.9858688997173224,224.1455533524299,86.41602538237478,27.0772344010991,35550.05670457816
Tanker,Ammonia,12.481061566567714,9786.892717899304,3651.435711529285,2.801120650161631,13.195889182833035,0.46320416056004315,273.17112144070774,189.84017383291925,23.49791868039771,10390.972692772391
Container,Hydrogen,19.077448567010293,7439.858494739899,4583.380492425255,5.1002155770974555,7.394702920783091,2.207710581336089,125.46270671416865,136.3063981896812,11.569963568040823,21713.709054330946
Bulk Carrier,Hydrogen,12.77587889888422,6706.324881477222,11920.666287377446,1.0299799595174712,6.509015303447874,2.1119185829630087,51.80868994975376,184.94040263771885,14.439430254973121,28505.343320555385
Container,LNG,11.603434916357202,11841.734239301219,2197.0437659575377,0.5028632640515028,13.154374537429106,1.863061298887172,128.0666178602713,292.52865209422635,33.71340767809032,5707.712435248439
Tanker,Ammonia,19.002314472042976,18569.617964615758,1015.9212036661185,5.053450976612475,12.412065964142203,1.292264936929862,272.9357581674891,16.499295756786836,23.90610635027858,6034.260328341605
Bulk Carrier,Methanol,17.20538791529396,23676.41297634219,7118.087342679212,4.975021476561592,8.015184564742817,0.17453738814327796,283.3494194365899,141.69982707511184,22.864332691741538,40097.68196175257
Container,HFO,16.49979685068017,11572.711184548984,388.77716221743265,3.7880514255499276,13.20911779067287,1.7787631034729148,282.79834462300437,149.5594040250133,24.190722123906305,1876.6952210614454
Container,LNG,9.544884362735633,19153.158421240892,2247.15545217039,1.4282874753186807,10.554914871203529,1.2958554260570663,350.84606859635795,90.33017743585114,33.63333604381271,4977.657179151489
Tanker,LNG,10.443254567873534,14979.737050102236,7504.28925021657,5.336725733403602,8.83456982312147,0.77443731454489,296.92181353892147,159.07651304037475,15.195772204789845,20736.240717473902
Bulk Carrier,Methanol,16.02173960190629,25548.365041348552,7948.197568226862,4.232870299740664,13.655809992276264,0.024845000045684573,348.68629101248314,203.987912306351,13.427479283154666,40390.31667396881
Container,LNG,11.303761201788863,17502.21153759462,6174.060470806675,3.739030751357214,11.784610222964288,0.5776224519408721,225.6452582937585,210.584954825023,16.302274408076734,16800.561097576312
Tanker,Methanol,11.48201784193395,9406.858484493905,4666.601750129661,1.3037211496834182,10.579952025691963,1.5142254439484806,82.56541268141329,241.13999557253803,29.028472822316825,14103.826822424267
Tanker,Methanol,17.570523668779717,21404.03045816942,6956.751254619995,2.870681526818825,13.504178064260595,0.28076646582989057,218.9506659280941,27.636793022442067,8.628766231699277,40235.16783135901
Container,LNG,12.145174437206368,24781.870152666877,7756.290461095541,4.541911703003799,10.993111957866102,1.6385467665292808,71.2202600390273,165.60271832604425,11.204740938580533,23977.01861406549
Bulk Carrier,Hydrogen,9.787460323671077,14497.779046154987,9661.436350870643,4.745405213554345,15.323878762269475,2.0491802220550297,30.71745123042674,272.7405232996133,11.847365374345964,19836.421411726333
Bulk Carrier,LNG,9.400751420408472,29628.719927587248,9533.734855697185,3.1317226253268475,13.99861262066225,0.7954458518406288,108.47682257649909,163.81631583945384,24.091321735610414,23896.891947036154
Tanker,Hydrogen,13.874957859698165,26493.80949654809,8011.129109627879,2.923086756084027,8.940063300142167,0.20496384863741057,130.5992001190218,236.33497268429014,24.24749073887715,27407.684213899447
Container,LNG,15.788414354531106,6711.685420299253,10741.367740418742,3.867492672861259,10.114111756008842,0.34924697606554617,255.19965718913974,212.56159143417497,16.156591501719333,43069.656127053604
Container,Ammonia,18.557737567309832,23815.920292530882,10072.500517785484,2.952543759287354,15.530663755649272,0.8947723313372624,130.70761605390473,167.2988109428125,13.285768176537813,44240.98007637883
Tanker,LNG,10.218848345359032,18427.586086143216,1685.6274977934884,2.355477605554569,14.847248342733083,2.033585631896069,1.1334244305595265,28.414276287645738,27.639557939585455,4721.979218445446
Tanker,HFO,11.16340108917126,16509.527636427207,11484.485351749452,0.5612626616916989,7.103040913977426,1.585696799281888,330.0988682408002,227.96099723054274,5.95179700849488,34093.64689377907
Tanker,HFO,14.827806719982181,15904.219010807483,10711.733397583253,0.7806682488641327,8.017342161056837,2.1697191202404627,212.18550872344707,192.42468162867985,27.162131322442807,47956.89545965889
Container,Ammonia,13.005191984661725,25748.92314069044,3919.0334361447217,4.205487528283604,9.008625712981694,2.4860677815778116,75.87290714461919,2.0464469341210467,11.308219831125735,11554.924298591292
Tanker,Ammonia,14.307911963700441,18715.31087820001,340.19458142376953,0.23318594897104758,14.678339397582942,0.5064155072478984,90.82354519009327,74.46841003021999,32.083311708434934,1201.1918529531918
Container,LNG,19.16537113882637,16593.473566558278,7287.313766423621,0.38244713930708674,15.201590430847906,1.7370535905919837,44.69048517508635,22.103847358014512,17.410797371675958,38016.217743181616
Bulk Carrier,Hydrogen,14.993808192511558,2416.937295983423,5317.169164710018,4.985075321666655,13.82574264882859,1.1662917501573418,326.35682935953395,205.28433364644198,24.268907100273314,17419.033367159424
Bulk Carrier,Methanol,13.566326716732835,14000.783222998163,9019.84328477497,3.9015844126552985,8.032792906662884,1.233695152367051,82.87509169633346,5.4532624028480825,8.629079293035261,33359.726173173345
Tanker,HFO,19.883838973697195,27333.20529931972,6342.737197652608,0.12274869833638907,14.757712872987547,0.8139535089020111,338.63296879166097,303.27154238922077,12.616532253513562,43607.68277506994
Container,Methanol,9.7173723688949,21640.36515099395,1010.2361794862668,1.7850342215163129,5.361692385347683,0.8562805374985263,95.1520889673069,341.08343964114584,26.018257830666805,2399.8857198883447
Bulk Carrier,Hydrogen,19.253247932082893,2477.665363628449,3011.7803010318326,4.221919687215942,9.650838289795699,1.6907048709944186,287.7304307224267,351.2084383274656,21.510663509966204,15138.446066491879
Container,Ammonia,14.518280262720314,26635.77618238023,10602.0326979057,2.3550443198771807,9.153914955649114,1.5520072929900417,3.762774869984722,81.57040580296416,28.114321428936726,36639.20920907786
Bulk Carrier,Ammonia,14.541319715438519,24973.34941993457,548.5073790090962,2.631508243433803,10.887635664950311,0.7962589265685824,173.97849427819668,178.2507079510986,21.902070192822556,2014.253478667384
Container,HFO,19.141607676235303,16853.84213551631,8866.369065839615,2.577514929648699,11.167046129583117,0.2964522970477146,132.9172318817732,320.82075895113803,22.07993542196728,53852.38356683099
Tanker,LNG,14.580563775523764,1649.758490286163,3574.1277446220447,1.1915257775988197,7.479449355278048,1.445603218270506,120.45087321619675,247.44060847195408,30.747769451883062,13680.965618209406
Container,Methanol,13.822477995831637,17310.45892298022,5486.413656205715,3.995513764650609,7.250112730643318,1.8484908624122134,357.17626572850014,107.54857993210263,17.74069751917522,19826.078172861973
Container,HFO,11.99737451328919,2583.082447866357,6418.964639748142,0.6562341848153961,13.839232509713707,1.3965544755362744,259.5120160934181,300.22267822033604,31.85134158972512,18755.78050077527
Bulk Carrier,Methanol,16.24698443499163,10290.989829486933,3075.9681519556925,2.839155969952024,5.838164776238279,0.009126683641603184,92.08005087600293,206.61702835711586,16.16645744134997,14761.610919845905
Bulk Carrier,HFO,15.266096000777377,19238.378948179427,7858.329271672187,1.0177614682805536,10.4261464824825,0.7057887811845067,270.8790317426773,262.79443106265995,14.857826203101425,36135.18894955965
Container,HFO,11.357799806425614,27474.47943258306,8351.962395364726,0.3512771717166424,7.108110472574468,1.9464483490875295,46.644758007317854,348.98739359516935,28.38263830219336,25657.54164646034
Bulk Carrier,HFO,16.803542065674574,11376.073480524883,1112.2078080822237,0.8735169760147088,8.515239476330756,1.8563705131918455,333.3342434905685,359.1033653173579,5.346391984889856,5444.20115456418
Container,LNG,16.084955430703047,25940.689703620144,4549.732202631905,4.794408656083405,8.05023861089209,0.02602563135373187,153.4990408808737,181.7358346300664,10.165763595164117,18920.550224846593
Container,Hydrogen,13.370672726271948,27632.469301614972,8958.08988435487,1.0511973898144904,12.793744485419243,1.175740581900446,68.63864830494255,56.380506886201545,7.152972193633486,22764.114773451285
Container,HFO,9.048410140939056,1610.272533262115,8687.48696210947,1.603193728666693,10.016226636240043,1.09329543162585,98.2153742942011,223.04131290020058,20.363152790274754,17293.274883749866
Tanker,Ammonia,13.912392651938065,7943.407294823414,6580.779792472345,0.8457118563901936,8.293860178907142,1.6307034407273548,55.85358236433987,231.78725946171917,23.84213003985788,21187.594961127907
Container,LNG,9.06663928843277,21586.006677597463,9354.329880429368,4.0719435489518965,14.144871977782255,0.31245010016249436,335.00087807252464,205.9721612154428,5.311278375875213,19693.46320825018
Tanker,HFO,9.824983382289439,22948.448249306904,1380.9742271741347,2.5054255031851085,5.943746554198822,1.5535380822056748,110.12170051130029,151.93758619400919,9.843906456210135,3677.9763893005143
Container,LNG,13.736708927289175,12380.088656294569,1506.7140873499077,5.195629208683383,13.429967100210042,2.367295050402627,51.42631938243683,209.3616864095878,14.076240757871169,5226.517601654501
Container,Hydrogen,9.901118726038604,20045.883770412795,7924.122673526503,3.687352744138673,7.731440336903276,0.9293738365381249,292.64427895043815,192.25450917912644,13.826790056858046,14568.041197553604
Tanker,HFO,12.032319771658829,18752.59990349902,8350.673027952032,2.9695017906285677,15.098211448894608,0.8433910441493953,76.77328380368508,340.0893465204913,7.913981506835689,28185.19011685106
Bulk Carrier,HFO,16.21040505414865,22453.473886430736,9792.869578320737,3.6458070307921067,5.061149939065038,0.07068378592969493,33.894126014738546,301.53615576970617,10.185423681516092,50537.82592405445
Bulk Carrier,Ammonia,12.39476876870361,21841.09440460853,2254.338845501759,0.3182970693321865,11.123296710952733,0.14348764738857878,240.62216819377582,141.72808355107338,30.411552829171136,6168.223789355829
Tanker,Methanol,19.974134535336617,3490.253141720479,6249.582747230152,5.233565404694929,11.844914824303531,2.3289311173242964,2.6660465871508165,205.51195487004046,26.017434248420116,44540.80005853143
Container,LNG,19.07932237306479,5589.255247261767,7963.892435913431,5.26471989625314,11.350303659115905,2.438754616346723,299.67141372307816,203.7790435230953,13.8828314799004,44921.34936796824
Bulk Carrier,Hydrogen,15.43840895044076,4849.087270520164,2762.0249285652794,1.5911552901998602,13.965168214189138,0.014104251091466846,202.57544340412548,183.85854599562154,12.902223929482549,9058.86413837912
Bulk Carrier,Ammonia,19.636418524984236,28041.92202544175,6251.44160056849,3.492795606812922,6.233804088921923,2.251699215857912,88.85463176870812,20.903597123821957,7.405976064600556,35622.27214923671
Bulk Carrier,LNG,18.54819023875774,27492.73680223669,7697.495790248093,1.190342318355323,9.571116047218426,0.4349000767020522,170.49375260076386,256.53401862122246,15.467178121939515,44804.99183398814
Bulk Carrier,Methanol,12.507883707245357,24124.95581831213,2651.9491865843956,3.0563476908424785,14.501104503219711,1.403396796641074,94.46938203857543,263.25741934079053,16.942085438829842,9130.341696872194
Bulk Carrier,HFO,17.245558705838405,4384.8382596028205,4569.204581976683,4.262261891271724,14.7760881738189,1.6953523088218734,191.82856373075498,174.30653389848,32.12544969162335,24864.219326727067
Bulk Carrier,LNG,10.50514962404342,17653.87262766799,2674.431840614925,5.175037313949118,10.48178843562642,0.8976467764014479,205.79188363349456,324.5662678966351,27.2934714204563,7174.749463919149
Tanker,Methanol,16.530065668166152,6429.688156605691,10845.020562700325,1.9317713856346284,11.137635832570878,1.322470229426793,277.80557757496956,354.2119803382751,19.374613230470224,51911.46840407605
Tanker,HFO,14.401900091440385,11683.134189205273,2917.9066949669023,3.8449284204309127,13.402992845388907,1.5688554703882631,167.79147122722225,292.6486077146773,9.045718063702399,12694.869033786572
Container,Ammonia,9.185085331781071,8745.647022484976,1537.932049230984,3.968706417474769,13.575714337285056,0.48481574846198444,283.18961229890067,334.0307026917234,24.684849470249876,2707.799594061836
Container,Ammonia,12.016528046294077,25038.99846313651,518.3482071730098,1.2942035262896028,14.76889429456447,2.4856415539642054,24.927720615811737,175.500964316092,33.08036938313145,1333.688936494657
Bulk Carrier,LNG,19.509204391446733,5189.090586058924,634.946321695067,3.4967735100643185,14.282431391013473,0.5097045889637151,331.68345545122895,329.1268635099133,7.3413455602206135,3779.770971730094
Bulk Carrier,LNG,12.474146335973288,19739.195889692197,2379.8761961051214,3.639274961613994,9.558656441507239,0.025846161716546745,66.78314027736894,336.6096490882415,30.458233035842845,8091.572857016777
Bulk Carrier,HFO,10.995999008315847,29532.945249508837,7337.681284552732,4.226010974268585,12.147286591188223,2.36071148026187,301.1678422583138,224.4841569729293,10.403436656574726,24721.320681661215
Container,Methanol,11.062845912294291,20924.58291435537,310.0335066823596,5.499715190254482,10.315587836479075,1.0728192521603577,178.06744214095596,54.259605131403774,26.03842802942186,930.034109095059
Tanker,HFO,14.271345911061438,3297.7711812018315,3512.2527046100513,0.3172547949029951,6.297576130621449,0.9965492973161962,37.69826623002551,54.83076290301013,10.515681117302508,13199.913644452006
Container,LNG,18.269141647375882,27327.63555691322,792.186006747262,1.1924472358588138,14.03849012005569,0.6891782961658086,129.52886673200206,170.03010278226472,23.000406646619115,4126.221157707487
Bulk Carrier,Methanol,17.338019416466814,19649.31065299829,4903.539366560095,0.8834235323665997,11.619398826705574,0.06457981697791909,330.59902122338406,264.80898273819037,12.12873752687669,25471.848388264298
Container,Hydrogen,13.805372082915518,14233.0184085509,678.0631801753055,0.9339438830717937,5.638057241865038,0.6614204834503778,300.4970239439155,180.50191508873652,21.250941864598186,1767.9324528675895
Container,Methanol,11.295995717806566,20131.08187769244,7329.747141787853,2.552942767358611,12.445551069098698,0.9832508564149547,260.0336811070888,287.9459360619052,23.004736074370314,20839.030586558518
Tanker,LNG,9.506713901124103,26492.28558370647,8292.248759676282,4.844097405709862,8.11411139486812,1.3008231221668056,136.7445171552358,277.12383523816897,23.555609753214302,22017.21427427648
Bulk Carrier,Hydrogen,14.088933514310042,14836.68960954223,8802.916840760787,2.5231056529658775,5.761917295883488,1.1441105503049558,211.9646928621798,73.29892399553518,25.483966334202375,26600.838414119342
Bulk Carrier,Hydrogen,17.96252883370011,16408.32300155465,2769.6864438904354,3.709794148305832,11.672478061520092,2.197590519260057,83.56390953730111,47.79521049485923,7.0708872615482745,12425.36976738889
Container,Hydrogen,17.026501929537453,14120.974577320652,10435.151927344745,2.1330953696631836,13.054295195421679,2.2783246548253726,233.2236647870229,254.10043106159577,26.101622115138106,41206.3934241218
Container,Methanol,13.494608443899754,3105.1513633862915,8314.429191238025,1.826181902680022,10.690127237536412,0.7928873045392876,93.93851721356424,115.33696224189896,9.637931727062405,26774.381681446997
Container,Ammonia,15.541729391093604,23825.033680893393,774.1376096678626,4.604869998076828,5.062131009271017,2.398886484688649,298.44245502966993,335.30288189480467,25.3109735941078,3068.114663885982
Container,LNG,13.798711730408394,4665.940565613329,5345.1238335469825,3.639956554639466,11.345710106368637,2.162335430300886,253.61936092721007,312.6627887036111,8.721128427122256,17350.14172203649
Tanker,Ammonia,15.369177207691955,12442.530298360998,9236.302271132527,1.9948345556456946,5.0726998284975595,2.319087041336874,138.99226230370968,162.4456986412113,19.382441316552658,35798.95952944403
Container,LNG,14.69255768832904,12217.862522624146,3799.637727970734,5.0364654107346905,15.190491314268296,1.7658272059694926,237.41349543692024,208.98209680455759,16.603052779454174,13939.03589946956
Container,LNG,16.49063260137675,9121.182970515401,4640.549409496451,2.791962451635282,7.940356734975572,0.4956796083138537,117.0490153272029,304.95741977504554,34.02039069929802,19852.45255906331
Tanker,Methanol,14.584797278864365,12672.706650938133,7592.28554482886,1.116683635416158,14.581072638467266,0.48806948164443614,56.03506176934299,313.6929106366557,23.9242749723337,30903.069987888954
Container,Methanol,19.346720979843145,18922.264201090427,760.2224733791838,2.709398057325479,5.133202174785576,2.271628907709858,84.6662214790712,200.5107596693576,7.646177397539443,4570.011418477344
Container,Hydrogen,13.708309997398548,10030.232054023641,11606.526982044217,3.7433769648407695,6.069381615413873,1.2676136498361081,97.80769224584219,349.88873516807917,26.02659384313884,32748.102533046207
Container,LNG,9.17507933343682,6002.846193250017,2176.3240262557615,2.0824079819832764,9.965491350629227,2.2261682678843444,81.58198159601831,187.5487169657682,10.824151978369496,4223.283120476734
Container,Ammonia,11.60010888949883,26211.657804710732,417.3967957904979,4.656437575887124,13.34468116957936,1.8013696979732923,244.2081600342956,14.79875801987741,13.584510881400698,1132.0956861725185
Tanker,LNG,14.506675439173215,29154.14684585693,163.34348628100102,2.9789774952729453,15.368178705507004,0.5312807608376691,266.27808913739415,202.57025995159177,16.353291213339254,696.8771334765165
Bulk Carrier,Methanol,14.946290370775282,14298.930892413297,4854.697062492809,2.6259298116461185,10.732042966852728,0.9618995501573844,164.5701133233114,279.722484008891,28.286763209251976,20619.150089509792
Bulk Carrier,Ammonia,15.076232682432588,10483.571657992989,10622.615049156995,4.737041685624081,8.910067850332558,2.4195630375562707,355.60579868899714,354.576655080246,33.32242816359171,41215.91218475531
Container,Methanol,16.860073080970903,2376.98025556865,9855.168742693355,2.5997561549172263,5.490099939088991,0.04895690360876087,320.7674179002749,37.932687987866416,32.73005530543951,44631.14389010357
Container,Hydrogen,12.021129568792807,2068.694677691541,10953.344999171371,2.337814765994409,11.420804189125828,1.7864596577318599,31.338066604519486,158.59339081093566,10.120508953820384,23398.12612740189
Tanker,Ammonia,16.31394046945625,12393.57787371666,6452.009600013897,0.6600685348008782,9.180481409483871,2.446949242688015,165.76223627093094,211.19395566049346,6.812404321837394,25916.09499790489
Tanker,Ammonia,16.74435500431134,27977.018530728008,5440.080183114455,2.0574561458276124,15.000468331425449,0.26036736480906986,327.0516150708547,317.3268943068292,29.855990578385352,25223.28623944404
Bulk Carrier,Methanol,13.52408827882909,22190.547758645367,4691.745615670854,2.2440608230406416,10.280651451240008,0.6799821373671966,79.29511501850808,257.7203944272301,13.646547884945207,17940.393268744512
Bulk Carrier,Methanol,13.423860090609542,11128.813147252475,652.3751019165397,1.075360523812245,13.419916814427534,1.3675328017029775,136.22256919165306,83.24865616315451,22.484783114687627,2278.118951646473
Tanker,HFO,10.968172642220948,29073.346330279768,10923.302950031328,3.274245289251106,14.330315810363853,2.109412319366748,340.9010842084075,309.3801062849522,34.35882395708932,38718.78842342343
Container,Methanol,13.553861138809111,13433.97919441619,6004.4954981882565,0.8767471809718776,6.081053728455297,1.2662796745943206,279.38245488805035,239.12758366462586,10.59266016116211,19031.089880023555
Container,Ammonia,17.654979208777135,9026.989575264724,5515.302429512971,1.3079248584610115,9.849309385318692,0.14899011748642915,299.6370003076963,322.25648996990907,16.24567675570565,22622.13928240007
Container,Methanol,18.998703061048722,13364.244097006358,6230.493095467996,3.1298967229157597,14.830891741135433,0.3179608083278837,316.61415986338545,300.37459507533487,31.02796838438348,36287.84054739671
Container,LNG,15.52974510449762,7134.753582531151,9550.438765558985,1.5525112495135802,9.669008281516607,0.939858422081411,61.62324206864256,46.53449369717752,24.499416412341244,37198.97924556421
Bulk Carrier,HFO,12.293073776897288,26683.524335823076,2771.205923192511,3.554208874693108,11.21669704664124,0.8063516844013724,251.7386462337704,345.7694293326103,33.12659020258677,10058.73750600324
Container,LNG,16.505186905257045,11474.026002113018,8547.818080039588,3.828770917771805,14.604143420287324,0.5491965779480285,289.008464441699,163.54671299761011,23.95157944876501,36336.58036115056
Bulk Carrier,LNG,17.14160829565604,20081.09997033532,8558.159916162991,1.7269682172759118,7.558529453587719,2.100321840464477,81.53261941029658,353.7189005156396,14.10709904122452,43550.58885538199
Tanker,Ammonia,12.654340566587287,12282.368765987743,10209.678108872376,0.5718934800822877,14.840398291058097,0.06720420937183919,15.609548687766761,67.32256989150926,29.153258165674647,28878.98512081519
Tanker,Methanol,18.092026476385016,27150.21112095491,203.33482172005316,2.743039902676159,9.367312633085769,2.073360619442694,64.20809314079389,285.59449649286057,27.777912647632334,1285.4663166885618
Tanker,HFO,9.81065415352174,19629.041799753275,2127.7069644980716,0.6016514684958126,11.523366615249717,2.304200434114408,266.9050336349758,109.7609762710442,33.0085682323659,5848.10755074527
Bulk Carrier,HFO,9.11829089360028,15159.304818157683,5705.45753933259,2.8822726802288883,8.608434302724385,1.5752775613776604,249.9446294305316,16.12990920422162,19.285007966390978,14178.682534186697
Container,Ammonia,10.352678498952578,4832.146106258817,10221.430610791593,4.021576347496385,10.79830959135549,1.5633759964694103,321.02141323200306,357.8545530752576,20.08517861402929,20779.089882517346
Container,Ammonia,10.716091826102607,27155.583222713925,11584.89065337301,3.4497808739423386,5.542143833247527,0.3725442824637046,114.10308767855477,109.27271535732541,14.714693010850262,27267.108332298365
Tanker,Hydrogen,18.668219362424935,16857.689179881356,7178.936514684876,2.520645262544895,5.717859727626397,1.4207943455270797,223.82786204457096,28.986931711697117,13.062750035195998,33423.516866742604
Tanker,HFO,13.67479872443409,9266.536215881108,2624.39430753394,5.207636158646757,9.56195038131344,0.9379359848451561,9.64562591452049,309.77898705171043,34.89583457423899,11193.293313131282
Tanker,HFO,12.0242486116742,26459.87986268442,2296.557880313283,0.6494350586437206,8.684471157769362,0.5726244038004893,336.63034988392934,155.52730741702206,34.31766548731683,8041.588480416176
Bulk Carrier,HFO,13.719826275855013,2578.772394437826,7709.383052436582,4.852008137324429,11.77370991302619,1.4583238896388284,199.6173382306534,207.52287391411846,20.88939389003534,29428.399190236112
Tanker,Hydrogen,13.343249819706955,10108.230602557578,2599.822850006915,4.420695912262496,5.417011837481868,0.002976167655865669,269.4187251714029,354.54372953352066,33.6525674709151,7520.3866823175185
Container,Hydrogen,12.316078347868187,16568.02363486228,6681.740344658546,2.366588333968757,6.844355367105805,0.6910319788553962,102.17374302103092,173.0552662866087,15.684663428193273,15551.799229286675
Container,Ammonia,10.516895406531619,10854.615745255498,10034.261956812436,0.9254827282638579,7.305510835383714,1.6401050607210943,29.503574322574174,24.15546465639773,30.49982972224059,21323.565984976573
Bulk Carrier,HFO,16.21507008171269,14825.293405986877,4738.853816698872,0.9416806431992627,9.845409453827806,1.1376015262683545,22.615941149181182,248.8270064336949,24.04604473536006,23215.357749696985
Container,HFO,10.502648430576208,8665.171317598531,4603.819057928958,5.077751108011105,7.715182386168481,0.36410135126112214,293.2777414198157,255.81581768031214,26.51198342418993,11909.919727358823
Tanker,Ammonia,17.529668979399418,4772.409637054017,530.0700090037778,1.3620051871026047,6.514289543885037,0.003295279374894433,54.70054250649429,69.9149650580248,26.546087972127285,2404.396821110805
Tanker,Ammonia,11.21856814608499,2068.7700198886996,3123.6064832522034,4.820224823134275,11.573310411606816,0.6760982851749144,296.64066651707003,196.34829068851369,24.074859500187898,7760.896988485316
Bulk Carrier,Hydrogen,17.045084378466427,5571.750382452115,8408.478369469365,2.8177941876235604,13.18259175583544,1.372648264887819,95.4956391614934,132.91953713392624,30.569840339603378,33811.48100459956
Bulk Carrier,HFO,17.861447162650137,28635.448906719543,4388.655817073138,2.59336703832778,12.53794873476944,1.3363639127840639,194.85793754884142,17.971770145740045,16.760397519717284,26503.087072858794
Tanker,HFO,10.378586107518958,17686.690866765413,1983.7571157500713,3.445360844952632,8.037981047502733,0.3276797484297997,94.28997342149397,112.17687339320527,30.475668528892687,5818.042574505547
Container,HFO,9.954203451168045,15179.843633060595,1358.6360317478925,1.261211047623458,14.398893200036603,1.5342428575417175,18.030172901701647,327.4317384867509,10.502454917616458,3214.431576151025
Tanker,Hydrogen,19.44530047719026,12145.391339865548,1231.1351999934361,2.413201639922348,11.730043973701424,2.4973109455626874,195.22040660357348,108.08904432062066,10.998782606001706,5982.064109207133
Tanker,Ammonia,14.093514874278387,21544.184233518175,7943.687854102953,5.167815969546621,11.761333711081662,1.4621672656527582,132.16334782870632,80.30272877708465,26.520296611760095,30433.831960957894
Container,Hydrogen,15.932590444702871,5096.524801276707,7390.195597643229,1.3865874164852492,7.34133296888103,1.319095439273136,156.63959381477386,338.72862543092947,27.50389670982762,23085.542462883775
Tanker,LNG,9.255864841339445,9007.76616192724,6270.399966664811,5.0765512179506596,7.664341760697689,1.5565828089822908,216.56120543121312,137.63765552001496,32.06903224602702,15384.759891777036
Container,Hydrogen,12.065811986119739,20021.16147024883,6053.884733093759,5.468732361689565,10.222252391819152,2.199177225651832,112.91785465230626,338.6012600198867,13.240487144141838,13971.806301399612
Tanker,HFO,14.559374200153249,14892.86657297161,1922.328546985672,0.3802988156076825,7.61603134144643,2.364998361739088,202.969955781824,316.88437194131956,6.682083571593277,8346.04171586514
Bulk Carrier,Ammonia,18.74840144728344,23332.68362981357,6057.190274645039,2.9694472619934067,12.568855101339143,0.10258378938164697,236.79834711483883,169.3672200448818,20.224151762206837,30373.207604219184
Bulk Carrier,Ammonia,11.985833593208138,27016.185474742946,813.259541544521,1.0278242183459185,8.39409963481334,0.5124845072878845,32.23617621745186,138.58619830485313,31.260213961303773,2226.4271823265685
Container,Hydrogen,17.527104518445917,24877.805149749027,11117.715657371986,3.4572569821660575,6.671077693574841,0.2894101600149107,126.03476410302679,49.57846307275416,34.1439756094056,46633.90179113372
Bulk Carrier,Ammonia,16.284342210845722,6342.023713561229,790.5278926310214,5.443530273360328,6.667752391508197,1.9308844642565997,32.38102734232291,68.62192997488229,30.734788856141943,3456.702529734158
Container,Methanol,10.267978445863195,3652.636830282377,5140.009319237631,4.9431568352583115,6.399505565822767,0.11390714737986474,2.4960915530869565,83.67954549888881,19.698693490178158,11968.37381736499
Tanker,Methanol,12.227126900711962,5913.777415806407,106.79557119774957,5.094181692674309,9.837250868630118,2.2565873674778265,18.44285497382441,169.32740178868522,30.90146708213093,377.02938123318694
Container,LNG,11.616504400824818,23722.390056406686,9455.19022152061,1.2520889918853366,5.0334403998238475,0.05138841225782703,213.19732411224945,133.960837469864,11.419127716071078,24788.639548060044
Container,Ammonia,13.86780346330614,27501.101595288605,2077.4252435739972,3.0285258340022283,10.96609517132784,1.506367032372809,30.349897403894857,288.1383569685416,32.63508953704576,6786.772605754428
Container,Hydrogen,15.988676673523425,27838.017163411867,11106.500612077969,1.3680874885327337,8.281332152115056,0.6889404849506677,312.66057294532345,106.80334564862777,22.005378830541417,38178.7256222804
Container,HFO,13.767617310593574,9648.257891742922,623.3351995407178,4.956893420919316,11.07726714056236,1.1764088123526522,273.3998689384045,152.8270922281445,16.680907574063063,2273.902802585534
Bulk Carrier,Ammonia,11.689902333269867,25369.899962393192,9867.36928131668,1.1322315626009314,15.289679547857416,1.1047147850122063,3.17457752962937,44.174672473514455,22.44923546492965,25291.835925646606
Container,HFO,16.65466645051103,16550.830515640802,7913.989972505499,0.9313781270096789,14.55952371201832,1.8722331768099574,206.36827065125593,97.63919072563941,28.52024629601585,38015.75886523238
Tanker,Methanol,15.429182041826389,24860.96360209801,3071.8550547420973,0.16567821125570137,11.34072823932301,1.2416052526497956,3.6906885169668735,281.8872499565581,12.203645382942991,13985.500084658026
Bulk Carrier,HFO,14.71245298157261,16902.580429020032,2508.793349844079,1.0825184444677571,9.598773439025976,1.0530520753163772,39.310132888225795,254.5561497391232,8.056394083062077,10637.880242167648
Bulk Carrier,Hydrogen,15.09861557190576,5230.903373594427,4356.367407186566,1.1247193730144773,12.68198938190757,1.8256927564608858,355.7697395511506,144.7993319483277,26.993603109865443,13501.45351114344
Bulk Carrier,Methanol,11.44090710923206,3297.366981119825,9957.994309786724,0.518447012638303,15.154532658869734,2.314517298262139,164.5283499466505,207.89035310319014,33.574068989987694,27520.52659107085
Container,Methanol,16.48474167201702,28759.355327070847,10357.282925191921,4.785801958431058,10.385017747335047,1.9848060038089166,9.79603261184485,165.00011144869805,24.10934275922719,54103.72680559959
Bulk Carrier,Hydrogen,13.262505890926452,13348.274136515789,2185.896016339477,4.311988166959069,6.092384964938505,1.841792578756385,306.11322669311846,322.27939754169375,9.277503622706739,6257.005761908989
Tanker,Hydrogen,12.998146017030216,11165.098702022216,4306.0316722435355,1.474200085675187,13.42697020466389,1.219305202839129,330.24413893466414,142.0886705125297,24.3015610837117,12014.266612926938
Container,LNG,10.647076290934475,11332.789458281002,2926.1474684368213,4.329591597880494,5.115270692838226,2.250539495703328,197.41803833038563,259.9612130172351,8.498962885426504,7169.908225602224
Tanker,Ammonia,15.56521068005491,11989.097932788689,1559.449886890985,2.379688552702711,13.41102327604741,1.2157836435542206,254.13915680284353,78.6704916150806,14.105742590597357,6139.79586094357
Bulk Carrier,Methanol,15.629308516011573,28404.908008935807,7792.747711594243,4.287809670480196,5.934082642752269,2.3257144632888416,280.84360927233195,156.2749624230235,5.947931035968993,39675.90360286969
Tanker,HFO,12.743307080331812,2818.4330346920997,4215.86517650287,1.8442413199099374,6.172782318029157,2.007305656054025,264.4818363272205,190.5593119035211,19.625048722637004,14526.054898173179
Container,HFO,18.458350625520875,4452.777334086675,2782.070132838376,3.149132823034537,13.598775570126787,0.37565058902532394,178.02796371967216,37.67284450817606,14.640625565237036,14771.587042056339
Bulk Carrier,LNG,18.300036885869712,23899.893948973626,10405.373504673518,2.1606969265525104,12.584738753849457,0.1174804318183803,299.7663981381751,211.47065127680426,7.92565669536191,57623.160286861785
Bulk Carrier,Hydrogen,10.199597371306744,16932.875248864024,9004.983377752442,1.1134494119267335,11.180934422703016,1.852139217165164,189.83826749284782,206.87939615842183,14.270819068479552,17726.49118012758
Bulk Carrier,Methanol,16.6454222659091,4727.565980867608,9307.757669486477,3.2624175736108043,14.02643711981213,1.714597904000846,93.42117618709007,57.15104112464244,24.42710358248489,46314.591803167496
Bulk Carrier,LNG,13.332182318035244,1999.3439665717547,566.4311050810338,4.154486319880395,14.365053618181395,1.505222198954939,1.4641613454898872,359.5138242893259,13.672446665014123,1897.3788215475392
Bulk Carrier,Methanol,19.996863361691823,7502.796100097595,10990.052345849688,4.166778472808404,10.032634812219154,2.4405982000433655,129.09237281243117,33.29758379117819,9.2921635217879,73090.53686204675
Tanker,Ammonia,11.475259926531177,8563.511393597862,6939.386697893399,2.023962858923915,15.95928555759991,1.3635076194299025,29.73084171835262,322.3092558651373,21.34392395077336,17357.015426393908
Container,Methanol,12.085766259559383,1412.1778576646177,6095.253375745773,2.9010435493914715,8.93337933603018,0.8697496677534076,22.779510708682214,176.94563279792135,27.59681811759449,17286.749236016414
Tanker,HFO,13.863169240113002,7266.625611778608,225.96561773059582,4.224404432359466,6.886585432828781,1.4124146270564482,168.92072334135617,80.1737860203009,29.90424068619374,934.9634637646897
Container,HFO,11.955866635487295,22411.24917161959,10782.180304165846,0.39428701042199055,14.305740874318808,0.07102938126364061,339.7227900645915,40.607543472229054,19.162913393394316,32940.35189119899
Tanker,Methanol,16.611927030251657,25807.57699947311,6572.296598783407,0.4881969998246457,9.571273075152632,1.4481605864257496,37.98519409951914,251.79124068378943,26.332172627711603,33955.055501724935
Tanker,Methanol,14.289989233996286,27048.83906332182,9919.326201852371,2.1316027958492176,14.619496163514757,2.256075512602558,98.5499999988429,271.6021494907727,29.999832453323062,43613.502234843385
Bulk Carrier,Ammonia,11.429667183344943,12307.50694666276,7900.580432785696,1.306746645556421,5.672829789394444,0.010825171295350822,298.8281376239598,242.43864574454744,25.18667691715177,20186.964210068883
Container,Methanol,14.570114764352189,10262.998051203173,9580.654000779477,2.1230885055711903,6.221573226573058,2.1132595304452915,144.65867268610012,151.1535139909176,20.81814215249919,34817.71968740576
Container,Hydrogen,18.77666543001542,29995.96459802874,8345.887807837848,0.6062666312419672,5.442999273463587,2.004822235247783,273.1693432453931,62.12653165217749,6.798181014227086,35983.1491470541
Bulk Carrier,Methanol,17.71635211535058,23310.873076726075,11059.470437796337,3.296843365646553,11.622120563326511,0.2652578244902132,195.24035907094623,284.23364505339475,13.701031237874801,64971.605134783116
Container,LNG,14.48711816869503,16583.210346319076,2783.2618174406416,3.7273987323695144,14.150505992281495,2.1170762328042936,217.4152726251321,313.6429695828306,14.594454723371799,10306.876917474076
Tanker,Hydrogen,12.173418634561425,8388.371547992501,2504.9912463215956,4.375938742627094,9.429268619695389,1.9088631643335239,58.01161094758795,141.0735261262967,16.850337528022376,6738.159998171263
Bulk Carrier,Hydrogen,10.978751111727806,10317.858133668036,8579.244587146952,3.6128238656067655,5.9976499463812605,1.2276161438996136,126.82159412296372,302.83832103308566,33.52678109912939,19592.521288606702
Tanker,Hydrogen,18.66221164905585,15945.566116052229,6066.5981269432805,2.24045953303281,9.108157101740488,0.6130348459994328,223.83195848477612,228.81608466051387,11.266260270585287,28574.052156686525
Tanker,HFO,16.81183634548566,16720.404673931767,7230.017926984953,5.148612414016431,8.828507455737029,0.7202510396196304,9.636550764755501,189.71219436041017,21.246647330218813,41412.251255112365
Bulk Carrier,Hydrogen,15.293796334622042,1396.6806839366568,8531.6553833756,4.0221928865511485,12.078191172405262,1.5306873136799757,67.7975453068983,219.81790650609952,34.73654320082661,27649.161021268737
Tanker,LNG,18.673781105490352,28822.60247287276,6614.39554430003,2.949478727464588,12.173667916759673,0.6157599984387416,139.13805914197152,38.79033137362187,23.56383682341974,40823.10828940651
Bulk Carrier,Hydrogen,10.338593161114984,17692.581173195344,9473.552027227735,1.2169922050121982,6.133260889764884,0.8133891891849208,242.85405196038857,45.14364679763171,11.267321710345449,19167.341503263535
Tanker,Hydrogen,16.50738214602275,18085.589087864868,3894.5215356366443,3.604464928375565,9.621944552780802,2.327096077875768,183.45196297524996,261.61339191682015,33.80572795334323,16680.329462058446
Container,Hydrogen,11.383835436545551,7132.662878860757,10321.986278836337,3.2952908354641632,12.06765979500642,1.823321541265632,258.74356778675786,349.18095222136714,15.088780071614504,22875.319065130083
Tanker,Ammonia,10.326351851175858,23184.62818523619,1381.3485998146489,3.7899819942627517,7.847473301090382,1.8401851242924525,261.6703363336546,182.80949090403163,6.436121287958931,3444.0502582191516
Container,Methanol,14.121693610076264,22380.67108266344,7644.647325838123,4.318073732664827,9.477883151813254,2.389841055304198,11.17970582192572,19.440253697729403,17.94085302379041,30541.0926867827
Bulk Carrier,HFO,13.261322227407891,3759.5812287381577,10692.576839568892,5.04126794248241,11.750644248095208,0.014485049507816095,324.6164687751111,24.506408056491267,12.219670885251443,39481.32261115517
Tanker,Hydrogen,19.35290970257704,18254.83679553769,3107.060122030285,5.224905593333987,9.43157771369392,0.6112146084316278,296.71745477142434,168.2512914120082,29.565913192860357,17251.089260628174
Tanker,Hydrogen,12.56377501426998,20087.618614566516,3989.3326315945637,3.5030017114782197,5.3394706872212465,1.644934907400988,97.58459496258791,236.75923296047557,11.598675027417663,11146.579147857974
Tanker,HFO,17.963924849572027,25231.477062642443,3734.757164063593,5.316162593068054,7.448775949724564,1.0956788348428534,174.42897127151488,55.755596317835305,29.59562066713438,24863.983767644328
Tanker,HFO,17.237097005151792,6976.64418861361,6814.7381701229015,5.021680954603065,13.536890059120761,0.28201237033092685,110.93398255410796,11.89256165572322,6.085130496044291,37807.970242315605
Container,LNG,16.3471625706439,26451.40910738577,5013.174605225267,0.11411752788219372,7.733544866250337,1.9530842151791532,326.39117729039094,262.60894191174583,32.87471953756369,22412.452671513594
Container,Ammonia,19.124405202560656,14382.951079520275,1384.7154914393382,3.5431343177284425,13.994825906710755,0.11768133519981683,137.81483695426155,52.60734544314856,6.265805803550406,6625.3846402217
Tanker,Methanol,13.487170538194764,3799.184959863699,10706.317938901875,1.0637348131039432,10.135986082720063,1.3596277804737202,142.57912780295348,157.7447942432042,33.15619531960975,39539.53376251929
Container,Ammonia,13.286383045811522,4063.0154238154023,2535.651886988222,1.6940403340758916,10.202132509170058,1.4061608288562928,328.28833349292165,264.2890161917445,7.210738274944885,6407.789231389714
Bulk Carrier,Ammonia,10.770421659396604,6736.329156521918,6455.552130763503,1.70650107857218,13.475678368645156,1.5899032990266346,216.24980207542987,45.106193712275115,31.17750807675269,14678.895164250094
Container,Methanol,12.03338283044576,9199.770473573946,7178.178261653412,2.7089000540403805,9.216228643174846,0.7890657568045325,49.63306184673855,159.39113934947665,29.93996112949154,21676.446714046935
Bulk Carrier,Hydrogen,18.67754101666958,15395.76832933419,584.9469394057462,0.1586773611641787,7.623286513676081,0.059002353079530556,225.3660627940765,40.12384593802457,22.832715128222308,2577.2577803965405
Tanker,LNG,14.218203462025048,22713.78473459224,1238.976699086613,1.3733006033331454,6.1553561438917646,2.222458215201706,286.0011877828421,125.10291150443935,6.079582521970428,5058.722207057733
Tanker,HFO,12.754886544097815,6415.051158563537,11663.107554111664,0.2572531675831178,12.391008637856448,2.3230119870711397,121.62282009979124,328.47598636274614,23.63428420308844,40332.084136624755
Container,LNG,11.377232605903883,29786.90204048656,8007.696847777651,3.6130162548838847,10.169367937721717,1.2049718172601642,189.72199739232764,247.0079592431132,23.5353926248058,23356.80403804532
Tanker,Methanol,14.334562752679766,5684.136021339065,499.4256068524803,4.902152924941299,13.903475687701395,0.051600883703820655,225.66295948920362,8.313531302819484,21.715924249315087,2081.414287714572
Bulk Carrier,HFO,16.883319075109817,18381.961063942275,9550.970725770685,5.488058763092433,10.034421794317371,1.4521779005586224,183.75001742158423,48.41165128906536,23.94576714340162,54165.129251363986
Container,LNG,12.15361228002783,27939.272640268857,6151.659430402077,2.5222072156233266,9.56291742626325,0.789824629157303,359.68482340895815,105.7754046124102,34.04322209735881,18187.213885849957
Container,HFO,17.334881728939195,25142.715263427985,994.8749077338597,1.504761995588425,8.28737292482211,0.45621394208424204,182.44542494620094,322.39771143203325,34.865217429709006,5364.3965829529925
Tanker,Hydrogen,15.927665521974102,19788.786848231637,8200.949966768716,4.706759422345739,7.193706602343935,0.42238164095301345,231.61427720496303,268.9510821191231,20.614874199375198,34395.19299635772
Container,Ammonia,17.663188187936747,21749.296906936055,6042.286489834775,0.7110559947185531,14.134806391133111,0.44813860083291884,285.692197162247,222.29746411986,7.754018728677066,25330.305738910425
Container,Ammonia,11.760005917624035,4891.9631744555645,2538.5456332199865,5.360890497703161,6.04732508041443,0.8271025014482793,49.16994640803092,54.93412742628226,9.019071309355338,6072.387856579368
Tanker,LNG,15.941309592063499,1280.2285590471988,10544.657037856952,3.9601222554782924,14.923404956868104,0.7015505392316851,15.807715192904457,334.3948873773177,26.610526380200458,47768.32554585162
Tanker,Methanol,10.69108807437726,13590.31474645081,3567.420313773024,2.821247192984037,5.296000663610855,2.091062081132974,350.2763491526169,290.926492861722,34.458907616691974,10836.642619342661
Tanker,Ammonia,13.001766803811005,3596.0488638107886,3486.2239618943627,0.6219129015508601,10.744775687554293,1.2382867684750607,263.61329391052925,86.19324806912404,18.08165671195843,9804.829792346889
Bulk Carrier,Methanol,16.967961043270815,11374.824295471906,3346.005623328117,0.1982580528327656,5.641614183661927,1.0691187311626205,141.58151118869085,145.5573203156583,7.941162377349466,16118.652301013488
Bulk Carrier,LNG,15.948352241379295,7488.54101352239,9232.723747359709,3.0404738664024715,13.575678334405962,0.3645838927861708,6.360766468016075,154.2181674842367,15.591336575148455,38441.60803640184
Container,LNG,11.06646797871274,27574.054949041536,8502.812177528333,2.3347927401761157,7.326461764650247,2.1897269828029096,59.90389234478434,211.5022944812303,16.550308313615673,22914.17355015266
Tanker,Hydrogen,18.44176939301782,26521.62397123367,10847.433657097254,4.650388269554998,11.22514833860189,0.13705551448447262,3.509205365866639,134.93174091301992,34.89786001655794,56537.62977074777
Container,Methanol,9.586860805797,24749.342607399245,2829.136713052929,3.5684495903445597,15.080907128500389,0.5988283971862007,142.7246158523042,75.6095477156506,25.597500598831616,7196.4912735579965
Container,Ammonia,15.547372573683145,21704.38465400564,9457.73868695942,2.4322402710767537,12.14184829173669,1.553680689338294,199.74792063359536,240.11622705257992,8.535982582122394,34748.87262442045
Container,Ammonia,19.822025502547667,5468.085944016783,6919.242360684342,1.3204381245464472,6.96151961471307,1.7557810700259215,57.809952394171226,243.9198145690298,15.112301508272473,32694.601083393594
Tanker,HFO,14.846552050270235,2402.6553597753955,3773.287354866747,2.6942799275848333,13.763455456303907,2.0028914370478677,230.34863149552035,159.25879316865073,6.456761374967775,15562.349984489803
Bulk Carrier,Hydrogen,17.80739001955363,19962.74787778608,521.9041756522327,0.9801691054452456,9.856275674891842,1.0257282536752683,343.5268509094009,175.1948925037577,24.59181524334348,2278.9422884787546
Bulk Carrier,LNG,15.546990705080123,19625.48597807788,9845.47584322821,3.7018683773552015,5.144944121770323,0.8668502166035443,356.56216631375804,18.24126368382285,25.182178066312,43613.65440868595
Tanker,Methanol,17.613971464152918,11713.304257879949,2968.7493210089406,3.3709369913151046,10.354414671186184,0.7213790449073185,299.9399153398009,164.19558207091376,6.7249023522174,16823.241471542886
Bulk Carrier,LNG,16.21153548890816,14707.913326632315,7617.742130957541,4.474385387881496,13.937331449896742,1.4202366776943158,159.79820698479094,288.1433712162194,15.065598238962878,34617.863076211266
Container,LNG,16.602452159912815,15185.332258901692,6631.528439111769,2.527458070108292,9.729533939169745,0.8715890378634056,197.0673761062457,212.9336954314807,32.08515100811037,29691.10645935892
Bulk Carrier,LNG,11.505922661950224,7957.915849648685,152.94950989672816,1.6047020783486567,13.342708555279916,0.8202356016898327,181.1905114819301,331.4516504262775,29.80448090224413,419.5180729565746
Bulk Carrier,HFO,17.160030049302094,10110.83174531999,11932.689196283172,4.6165349398730795,12.760784729878457,0.04222713358849134,56.04002115838175,257.9448113837626,22.226377094336485,66381.5924686416
Container,Hydrogen,11.617008753307639,13133.297085241546,9790.519334021532,3.8313842398833775,10.026035490721132,2.3707899688540195,307.5891015691311,279.9493375538223,19.53870081423811,21321.54571967016
Tanker,HFO,19.78704302656847,18492.191867436104,5889.008120576516,3.9162294859204905,8.55610843527992,0.15148561080135015,243.2847372937366,165.0296425706068,34.78555736200978,42125.67750803221
Bulk Carrier,LNG,11.50565910057325,28718.75697450438,8196.06230588436,2.9516566855942665,12.991940017183719,0.6771787957773487,229.6568218280222,62.44178223160056,26.665866785573815,25824.999168047383
Tanker,HFO,11.60352403957422,16616.053676052157,5771.471415430194,4.830284520389114,9.058102595122019,2.3035490683517406,79.31922060113241,328.3866311033627,33.57905633587437,20725.96055803092
Bulk Carrier,HFO,18.445404325322507,22203.753376752844,8960.576628216897,1.3300309403462938,6.870958174015168,1.8383704881558636,55.137347556495925,237.3107345994226,7.1475564305954995,54830.913465455145
Bulk Carrier,LNG,11.67284448159101,24403.031969471045,1698.5096952448396,2.2691369369057712,8.529493676807773,1.4453495104686,314.2895317324377,327.4108604978995,11.364534690756553,5088.587289966835
Tanker,Ammonia,12.969930728404112,4291.735517948055,5411.576843284961,4.399655886990048,14.64523112220853,1.652034782988432,64.58902150399734,222.30808382408622,5.933331072346402,16345.957233282703
Container,Ammonia,16.861041772969298,19940.615359064286,4092.892407167034,0.8179888706308782,8.117280233511242,0.24265013203198876,26.53864842861108,163.61313859263234,31.03752844067526,16594.172902793405
Tanker,LNG,10.746234382142395,14981.210887378309,5569.897397579015,4.463791262287559,7.584565883292097,2.0216183591380554,225.2178724066882,48.5060873241738,25.826943234959916,16563.538215639794
Container,Methanol,10.749789303102524,17600.497325188873,5460.624569038334,2.0040141919465375,6.467620778036184,0.6252669044565076,253.56357263142866,143.17372355044375,10.329549585264122,13848.218015499757
Tanker,Ammonia,14.349942655932807,2114.091137302293,1802.8180023724124,0.7777199747639816,5.606956290244964,2.390534944697176,43.06406771208313,215.1192563766074,34.22571822326382,5827.148814554315
Tanker,LNG,11.680664296559996,27280.25635987417,11720.213991437446,0.5274072218902369,15.743615896195946,0.5784365094850469,74.4693859148345,335.0751367051303,33.67391667844112,37235.158093039376
Tanker,Ammonia,11.59223751125937,28630.740337688054,284.35649917872377,4.652355081270165,10.904545099866716,1.5634110405795636,283.95496622215416,298.55073074338816,11.737934147741207,844.3973202461311
Container,HFO,9.10162813560364,1100.9757868537408,219.86804332704622,4.304523946378432,13.026089066827673,1.3633112300304238,334.6506719044274,184.7310006182328,24.410292591281316,463.4676810221903
Container,LNG,13.074945503177428,7170.956169203815,4543.951690550528,1.6554232651033889,13.502707915555757,0.3577577349216718,171.53593813433523,161.27672666323963,25.04308750206757,12936.994487635005
Bulk Carrier,LNG,12.500756100802436,6225.631037559549,7482.4785572271285,0.7283558218823823,8.875486941925198,0.9073179195420302,285.1217902268641,11.978416025456378,5.120502650643468,21156.630257838697
Container,HFO,9.342713919093374,23657.83100111569,2237.873399097646,1.4350659006036777,13.787965011773432,1.9532318868473317,114.98404243646883,126.42782770576416,25.663393768054984,5545.37024424127
Container,Ammonia,15.833564960350298,18344.32171424279,6445.008646459516,1.2501332327458492,15.576326688620536,0.5314701849977701,253.16421866424406,353.2743969926326,11.640205843161624,22692.54195980749
Bulk Carrier,Ammonia,15.893207002036895,6142.67623560522,8700.986418765398,4.058500519137871,13.159380352645876,2.4071432871048826,200.59936539172878,266.76912927802886,32.03956251805518,35234.486773936886
Container,LNG,9.778805189510248,24605.157704246954,1219.3212475777984,1.2640406555273547,12.829064393290569,0.7387090966190171,303.5559288882573,188.9096595876753,30.155213976785475,2978.758291683565
Tanker,Ammonia,12.487457192003983,11250.771282366704,11814.626655389608,1.2669320175451757,9.75457165240222,1.5668041487002142,279.3243945064447,310.4278474628248,32.158807540128706,33260.20962524673
Container,Hydrogen,18.600860851949378,14364.849412499969,4106.737708097602,0.2742479154938192,14.254521383896742,1.5471675989746625,102.28891744287132,8.300099739414106,27.726618870330405,17835.390697290964
Container,Ammonia,15.403837750690363,12231.891554298718,7744.743424068263,3.323042316871398,5.977211126356846,1.1769456054129133,53.8038795416896,344.7447195655088,9.947163156427527,27530.282815583978
Tanker,Ammonia,13.531721964131867,16120.025986795656,1417.5663124202508,3.82048956058298,13.246520834661434,1.638401160414398,290.75643812677913,251.8807428969516,15.816629389655475,4729.6224258200555
Tanker,Methanol,14.116121213105055,14924.131596033036,8542.888025783785,3.6288485323196538,8.981928963571429,1.8589423595669285,11.805325558276895,4.7930930168424535,26.26794420759259,36343.45761192116
Container,HFO,11.291079938793857,8962.936077210838,10101.430530043583,3.170435443242824,11.225713073775704,1.5475074283522212,244.4539724664296,253.99145113166523,14.699751297746372,27642.867074031426
Container,Ammonia,17.930696507787207,13312.125087321368,1352.8931937344062,5.3168047237405105,14.8226014688673,1.3999865483349478,171.32912788936943,29.926025772883914,26.300988008502244,6366.075072467562
Container,Hydrogen,19.054051759960643,27341.777345774703,1597.7715370037881,2.6527879657562763,11.655215159499228,1.516568520181909,27.10775002565599,230.2550169677176,15.084761749178133,7215.250295512328
Tanker,Ammonia,19.01730446475048,15583.929957898108,3444.4642312080096,4.7447371438546675,5.281396833987127,1.0048898010048999,247.88203998238654,108.31883028076321,10.331883630536254,18970.23835052675
Bulk Carrier,Ammonia,11.463278308615296,27575.20590224889,242.03620296641847,3.58845351603763,12.948653300754058,0.1771829178288753,173.83467124752855,76.35320633389405,20.544914551686084,660.9169282024682
Container,HFO,12.418142945541026,16953.684386720975,11834.010402613036,0.5544744797143144,15.219269568240032,0.3992459479569549,309.63647888796464,226.10933173347695,25.586832785107482,36402.967793041666
Container,Methanol,10.766850522904905,23295.701504660607,7220.7704919365315,4.4744776892708815,12.062131398416152,1.5167601075992365,75.10749447985354,156.25467843570163,20.515870618482758,20298.183385335968
Tanker,HFO,12.379212469955444,9514.147980131675,7330.314454566191,3.255698125125019,14.475620852055311,2.3179347310436054,0.8278458605404726,23.228286599051906,24.256018948978692,24925.064947988616
Tanker,HFO,12.660859093348604,23921.991211287826,11511.649818854468,3.629038560357347,14.078253308761278,0.0643513714279556,46.97525443028359,296.0434349521887,18.141530543129925,44185.23103735218
Container,Ammonia,15.964163107710991,8665.326776564581,10001.148126401182,1.0732281523688003,14.474215112823586,1.3600879926554894,97.0596118158788,95.80418522247741,28.349939869500343,35271.659542836904
Container,Ammonia,11.08611019702937,1566.9491776462173,9789.490878523358,2.46244650836873,8.785104429615023,0.6301535825229743,234.80797262954223,222.55569473788688,24.498992679341228,19351.612525618562
Tanker,Ammonia,19.11336616804518,5661.139352153098,4140.078201829345,4.855145361621134,10.215798798195493,1.404349763711283,130.55156190568644,219.36983495385945,22.238199022559506,23016.14550788906
Tanker,Ammonia,10.13409417093841,1627.933375929068,4084.874382229281,1.263328442666103,14.328368555327046,1.8741433943342543,42.56888878990597,20.218016410543882,18.06115146426682,8283.460041073127
Tanker,Hydrogen,9.075658121377664,28464.816614851432,3571.6817217704975,0.10067449530084577,15.014384324246006,1.838632830423982,353.3664467410793,359.03395808510834,21.071826684138667,7339.028350598651
Container,Methanol,18.404396414935867,29999.333592113133,4225.679565138206,1.4905470454343654,6.6152564918572105,1.8122144945453347,38.961880276139105,161.1577954390757,6.5302916507438535,22889.182133035123
Bulk Carrier,Ammonia,16.741467885426545,23104.677644966097,4497.154260182222,2.732729225552625,6.996856175506323,1.9473086648485924,127.8433234919965,73.92839004876888,25.001590300506052,20599.57332066955
Tanker,Methanol,12.908958573915983,4135.716748796041,1766.0438988690607,4.534901433830375,8.815125600604278,0.18152671705239404,315.5775323370212,157.22916783241348,11.132351877962634,6297.511792831313
Tanker,Hydrogen,15.5504967650113,27069.418349646836,4335.7795661549135,3.573770863096095,13.473276109972938,1.2739445847948805,234.94153449065303,217.10230069099325,30.804468811755253,16901.17438672517
Container,LNG,11.458985109231566,22569.509314717026,5416.289719412258,5.062942732368749,14.624792729836843,0.6544462134303706,115.12724826317492,1.0943210101140632,29.370313045699167,15777.793827546086
Bulk Carrier,Hydrogen,10.852286135099135,10635.090946660548,3781.233331085237,2.560047930790625,11.382641555436798,2.3031764025060326,349.32484067173493,108.04808092852097,20.83863998619958,8530.971793023718
Bulk Carrier,Ammonia,14.182640486525951,15566.05944245903,2067.6289210748187,2.210402203968002,6.2459499293255405,1.957198055048678,180.39547955078405,193.07889034469108,30.413932049372477,7164.313916139772
Container,Hydrogen,12.88506612693057,20191.0208965971,4543.583738324121,1.3496583696168518,8.341230529638826,0.2688621183959744,2.919562513028655,250.01171280873615,25.12409731447822,11527.477999743409
Bulk Carrier,Methanol,15.767530555888214,1697.4637945248658,5822.802501275587,1.2775374165111626,14.427253071253947,0.6081153225754499,2.2188010144812864,112.79014578430329,9.2378013467394,24200.457973020155
